customerid,contract,payment_method,internet_service,monthly_charges,cltv,churn_value,predicted_churn_probability,predicted_churn
5178-LMXOP,Month-to-month,Electronic check,Fiber optic,95.1,5795,1,0.9503771351941601,1
5567-WSELE,Month-to-month,Electronic check,Fiber optic,94.6,3019,1,0.9452975647774335,1
3049-SOLAY,Month-to-month,Electronic check,Fiber optic,95.2,4176,1,0.943240916220579,1
7216-EWTRS,Month-to-month,Electronic check,Fiber optic,100.8,3128,1,0.9426285600239372,1
9497-QCMMS,Month-to-month,Electronic check,Fiber optic,93.55,5536,1,0.9368715884617762,1
4826-XTSOH,Month-to-month,Electronic check,Fiber optic,86.05,4843,1,0.9360730938078285,1
6861-XWTWQ,Month-to-month,Electronic check,Fiber optic,99.25,2487,1,0.9352856646983678,1
9300-AGZNL,Month-to-month,Electronic check,Fiber optic,94.0,4176,1,0.9347669318504315,1
2720-WGKHP,Month-to-month,Electronic check,Fiber optic,94.0,5569,1,0.9346193835187573,1
4424-TKOPW,Month-to-month,Electronic check,Fiber optic,93.85,4998,1,0.9343008069493333,1
2725-KXXWT,Month-to-month,Electronic check,Fiber optic,90.75,5460,1,0.9341664157099271,1
6108-OQZDQ,Month-to-month,Electronic check,Fiber optic,97.95,2570,1,0.9339741183315415,1
0295-PPHDO,Month-to-month,Electronic check,Fiber optic,95.45,5962,1,0.9335780339023404,1
2656-TABEH,Month-to-month,Electronic check,Fiber optic,100.2,2650,1,0.9335349188060407,1
1455-UGQVH,Month-to-month,Electronic check,Fiber optic,98.5,4501,1,0.9328183983780066,1
1400-MMYXY,Month-to-month,Electronic check,Fiber optic,105.9,2715,1,0.9324621003371008,1
6630-UJZMY,Month-to-month,Electronic check,Fiber optic,83.25,5251,0,0.9321650883149087,1
8884-ADFVN,Month-to-month,Electronic check,Fiber optic,101.95,2016,1,0.932050867575672,1
6521-YYTYI,Month-to-month,Electronic check,Fiber optic,93.3,2578,1,0.9319031761393413,1
7024-OHCCK,Month-to-month,Electronic check,Fiber optic,93.85,4193,1,0.9313456384518638,1
5150-ITWWB,Month-to-month,Electronic check,Fiber optic,94.85,4496,0,0.9313290194967268,1
4910-GMJOT,Month-to-month,Electronic check,Fiber optic,94.6,4033,1,0.9305389936637127,1
8149-RSOUN,Month-to-month,Electronic check,Fiber optic,93.85,3014,1,0.9301409918679632,1
4952-YSOGZ,Month-to-month,Electronic check,Fiber optic,85.95,5640,1,0.9300408169459963,1
1374-DMZUI,Month-to-month,Electronic check,Fiber optic,94.3,5419,1,0.9295837487059876,1
3489-HHPFY,Month-to-month,Electronic check,Fiber optic,84.05,2115,0,0.9293091563291296,1
2982-VPSGI,Month-to-month,Electronic check,Fiber optic,94.0,2120,1,0.9290580870589544,1
0196-VULGZ,Month-to-month,Electronic check,Fiber optic,84.35,5721,1,0.9288687015973076,1
0107-YHINA,Month-to-month,Electronic check,Fiber optic,99.75,4214,1,0.9282094262946383,1
2012-NWRPA,Month-to-month,Electronic check,Fiber optic,99.55,3172,1,0.9281260177286739,1
0897-FEGMU,Month-to-month,Electronic check,Fiber optic,99.5,5286,1,0.9280623975006707,1
4927-WWOOZ,Month-to-month,Electronic check,Fiber optic,91.45,4889,0,0.9279979579481551,1
9061-TIHDA,Month-to-month,Electronic check,Fiber optic,95.25,2982,1,0.9279287797529112,1
3727-RJMEO,Month-to-month,Electronic check,Fiber optic,82.85,4458,1,0.9273088110842913,1
8972-HJWNV,Month-to-month,Electronic check,Fiber optic,84.55,5245,1,0.9272046730540914,1
0187-QSXOE,Month-to-month,Electronic check,Fiber optic,89.0,5711,0,0.9266713769895085,1
5419-JPRRN,Month-to-month,Electronic check,Fiber optic,101.45,4390,1,0.9263212032644348,1
7851-WZEKY,Month-to-month,Electronic check,Fiber optic,95.15,2414,1,0.9259601007361471,1
3158-MOERK,Month-to-month,Electronic check,Fiber optic,96.0,3391,1,0.9258622275769819,1
8098-LLAZX,Month-to-month,Electronic check,Fiber optic,95.45,3677,1,0.9254301417476715,1
4102-OQUPX,Month-to-month,Electronic check,Fiber optic,74.4,5429,1,0.925226482694605,1
6023-YEBUP,Month-to-month,Electronic check,Fiber optic,100.95,5351,1,0.924943867685945,1
4587-VVTOX,Month-to-month,Electronic check,Fiber optic,105.3,4163,1,0.9248984095288972,1
6513-EECDB,Month-to-month,Electronic check,Fiber optic,73.55,4369,1,0.9248731338804572,1
6100-QQHEB,Month-to-month,Electronic check,Fiber optic,92.55,5775,1,0.9240854250421241,1
8161-QYMTT,Month-to-month,Electronic check,Fiber optic,94.1,5259,0,0.9236307562869661,1
5383-MMTWC,Month-to-month,Electronic check,Fiber optic,84.0,4819,1,0.9234969502398541,1
9134-CEQMF,Month-to-month,Electronic check,Fiber optic,89.5,3077,1,0.9234895732002172,1
4192-GORJT,Month-to-month,Electronic check,Fiber optic,94.45,4580,1,0.9233896514742362,1
7180-PISOG,Month-to-month,Electronic check,Fiber optic,74.5,5554,1,0.9233379898804077,1
9057-SIHCH,Month-to-month,Electronic check,Fiber optic,96.6,3260,1,0.9232595068973168,1
8775-LHDJH,Month-to-month,Electronic check,Fiber optic,90.6,2905,1,0.9232054747048365,1
3319-DWOEP,Month-to-month,Electronic check,Fiber optic,95.75,5750,1,0.9229564768936689,1
7668-XCFYV,Month-to-month,Electronic check,Fiber optic,92.55,3689,0,0.9228139900226279,1
7181-BQYBV,Month-to-month,Electronic check,Fiber optic,102.45,4811,1,0.9225300863784287,1
7225-CBZPL,Month-to-month,Electronic check,Fiber optic,94.8,4831,0,0.9224801921125556,1
6688-UZPWD,Month-to-month,Electronic check,Fiber optic,102.0,5750,1,0.921210982810197,1
1075-BGWOH,Month-to-month,Electronic check,Fiber optic,98.75,3392,1,0.9211638357964659,1
7398-SKNQZ,Month-to-month,Electronic check,Fiber optic,94.9,2330,0,0.9210908940287932,1
3902-FOIGH,Month-to-month,Electronic check,Fiber optic,101.35,3967,1,0.9210427095643388,1
4626-GYCZP,Month-to-month,Electronic check,Fiber optic,93.85,3506,1,0.9204858408943748,1
8382-SHQEH,Month-to-month,Electronic check,Fiber optic,84.9,2656,1,0.919547552413987,1
9681-OXGVC,Month-to-month,Electronic check,Fiber optic,100.5,5180,1,0.919309876150292,1
2265-CYWIV,Month-to-month,Electronic check,Fiber optic,99.6,4708,1,0.9192767766458656,1
0723-DRCLG,Month-to-month,Electronic check,Fiber optic,74.45,2394,1,0.9190266727808146,1
7779-LGOVN,Month-to-month,Electronic check,Fiber optic,86.65,4990,1,0.9187381557315781,1
1626-ERCMM,Month-to-month,Electronic check,Fiber optic,94.55,5604,1,0.9185296414294221,1
3096-GKWEB,Month-to-month,Electronic check,Fiber optic,94.75,4477,0,0.9184694195678896,1
6496-SLWHQ,Month-to-month,Electronic check,Fiber optic,105.0,5960,1,0.9182302336233907,1
4822-RVYBB,Month-to-month,Electronic check,Fiber optic,100.6,5906,1,0.9182261457594328,1
1925-TIBLE,Month-to-month,Electronic check,Fiber optic,86.5,3887,1,0.9182110659814389,1
2545-EBUPK,Month-to-month,Electronic check,Fiber optic,84.05,5039,0,0.9179921195505546,1
8992-JQYUN,Month-to-month,Electronic check,DSL,50.35,4526,1,0.9178499257685859,1
0880-TKATG,Month-to-month,Electronic check,Fiber optic,101.15,4417,1,0.9178187156670164,1
8337-UPOAQ,Month-to-month,Electronic check,Fiber optic,89.8,5124,1,0.9177153423807441,1
9282-IZGQK,Month-to-month,Electronic check,Fiber optic,85.0,5679,1,0.91754979452347,1
7577-SWIFR,Month-to-month,Electronic check,Fiber optic,89.25,5579,0,0.917131319920422,1
3452-GWUIN,Month-to-month,Electronic check,Fiber optic,94.95,5316,0,0.9170042278072081,1
0318-QUUOB,Month-to-month,Electronic check,Fiber optic,80.55,4273,1,0.9168831637367632,1
3027-ZTDHO,Month-to-month,Electronic check,Fiber optic,89.9,5951,1,0.916771957447438,1
8603-IJWDN,Month-to-month,Electronic check,Fiber optic,86.6,5228,1,0.9165888064927241,1
0195-IESCP,Month-to-month,Electronic check,Fiber optic,85.25,3573,1,0.9165073235119099,1
2660-EMUBI,Month-to-month,Electronic check,Fiber optic,95.35,5353,1,0.9164714892927578,1
3722-WPXTK,Month-to-month,Electronic check,Fiber optic,88.35,4254,1,0.9164158339581184,1
0564-JJHGS,Month-to-month,Electronic check,Fiber optic,95.5,5007,1,0.9162047669052765,1
0680-DFNNY,Month-to-month,Electronic check,Fiber optic,101.1,2055,1,0.9161463919912984,1
7249-WBIYX,Month-to-month,Electronic check,Fiber optic,85.6,5146,1,0.9160288665880336,1
0970-ETWGE,Month-to-month,Electronic check,Fiber optic,89.55,4996,1,0.9158297578274072,1
5192-EBGOV,Month-to-month,Electronic check,Fiber optic,85.7,4880,1,0.9158076669606675,1
1069-XAIEM,Month-to-month,Electronic check,Fiber optic,85.05,2975,1,0.9155261141449432,1
5955-ERIHD,Month-to-month,Electronic check,Fiber optic,94.7,2206,1,0.9150727832483527,1
3621-CEOVK,Month-to-month,Electronic check,Fiber optic,100.2,3369,1,0.9149655636768186,1
5277-ZLOOR,Month-to-month,Electronic check,Fiber optic,85.55,5512,1,0.9149116799066048,1
9725-SCPZG,Month-to-month,Electronic check,Fiber optic,90.85,5086,1,0.9140958025050997,1
6474-FVJLC,Month-to-month,Electronic check,Fiber optic,86.0,4546,1,0.9139649859415651,1
7341-LXCAF,Month-to-month,Electronic check,Fiber optic,74.65,4013,1,0.9136027388636512,1
8593-WHYHV,Month-to-month,Electronic check,Fiber optic,85.3,4934,1,0.9134465028652895,1
0781-LKXBR,Month-to-month,Electronic check,Fiber optic,100.5,4038,1,0.9134358894729729,1
1415-YFWLT,Month-to-month,Electronic check,Fiber optic,89.3,3067,1,0.9133688040054301,1
1455-ESIQH,Month-to-month,Electronic check,Fiber optic,89.1,2905,1,0.913270387157315,1
8622-ZLFKO,Month-to-month,Electronic check,Fiber optic,90.75,4297,0,0.9131651322808706,1
7943-RQCHR,Month-to-month,Electronic check,Fiber optic,94.75,2893,1,0.9130535547138853,1
3068-OMWZA,Month-to-month,Electronic check,Fiber optic,88.8,3106,1,0.9129924826320185,1
3519-ZKXGG,Month-to-month,Electronic check,Fiber optic,75.85,4062,1,0.9129375547341181,1
2929-ERCFZ,Month-to-month,Electronic check,Fiber optic,94.2,2939,1,0.9129351604885145,1
5956-VKDTT,Month-to-month,Electronic check,Fiber optic,74.35,5273,1,0.9128714266048017,1
2446-BEGGB,Month-to-month,Electronic check,Fiber optic,98.25,3330,1,0.9127963702722139,1
7274-RTAPZ,Month-to-month,Electronic check,Fiber optic,90.55,3898,1,0.9126886808125207,1
0259-GBZSH,Month-to-month,Electronic check,Fiber optic,85.65,3878,1,0.9119865383929089,1
6892-EZDTG,Month-to-month,Electronic check,Fiber optic,91.65,2140,1,0.9119427276195584,1
4695-WJZUE,Month-to-month,Electronic check,Fiber optic,88.55,3685,1,0.9116146897980986,1
4086-YQSNZ,Month-to-month,Electronic check,Fiber optic,80.4,3834,1,0.9113563414995794,1
4912-PIGUY,Month-to-month,Electronic check,Fiber optic,84.6,2196,0,0.9110672610313005,1
0702-PGIBZ,Month-to-month,Electronic check,Fiber optic,101.7,2777,1,0.9110265490140835,1
3643-AHCFP,Month-to-month,Bank transfer (automatic),Fiber optic,95.6,3265,1,0.9109469156974858,1
9897-KXHCM,Month-to-month,Electronic check,Fiber optic,80.3,3212,1,0.9104926349122346,1
8185-UPYBR,Month-to-month,Electronic check,Fiber optic,75.5,5838,1,0.9097466475603104,1
2371-JQHZZ,Month-to-month,Electronic check,Fiber optic,93.0,5886,0,0.9096894489165802,1
2959-MJHIC,Month-to-month,Electronic check,Fiber optic,80.35,4167,1,0.9093162843171135,1
3988-RQIXO,Month-to-month,Electronic check,Fiber optic,91.3,2371,1,0.9092737553640347,1
0365-BZUWY,Month-to-month,Electronic check,Fiber optic,102.55,3803,0,0.909128352251988,1
3473-XIIIT,Month-to-month,Electronic check,Fiber optic,100.0,3794,1,0.9087557983799297,1
1143-NMNQJ,Month-to-month,Electronic check,Fiber optic,85.7,2187,1,0.9086620117565319,1
2034-GDRCN,Month-to-month,Electronic check,Fiber optic,90.4,4157,1,0.9086328087204227,1
4750-ZRXIU,Month-to-month,Electronic check,Fiber optic,84.6,2467,1,0.9084368063730726,1
9189-JWSHV,Month-to-month,Electronic check,Fiber optic,93.55,4937,1,0.9077178904587605,1
3097-NQYSN,Month-to-month,Mailed check,Fiber optic,86.85,5204,1,0.9076431414597274,1
9185-TQCVP,Month-to-month,Electronic check,Fiber optic,85.15,4550,1,0.9074996271416504,1
2968-SSGAA,Month-to-month,Electronic check,Fiber optic,100.6,4001,1,0.9073765840706179,1
2865-TCHJW,Month-to-month,Electronic check,Fiber optic,89.2,5808,1,0.9072014429598678,1
2845-HSJCY,Month-to-month,Electronic check,Fiber optic,87.25,4786,1,0.9071101173703832,1
0236-HFWSV,Month-to-month,Electronic check,Fiber optic,93.35,5264,1,0.906996405005592,1
7228-OMTPN,Month-to-month,Electronic check,Fiber optic,88.45,2456,1,0.9065453046856562,1
5519-NPHVG,Month-to-month,Electronic check,Fiber optic,94.2,3975,1,0.9064392402550612,1
9611-CTWIH,Month-to-month,Electronic check,Fiber optic,89.45,3591,1,0.9064159855292783,1
3318-NMQXL,Month-to-month,Electronic check,Fiber optic,92.0,4345,0,0.9062914398151871,1
9957-YODKZ,Month-to-month,Electronic check,Fiber optic,80.8,5611,0,0.9062737769164653,1
3811-VBYBZ,Month-to-month,Electronic check,Fiber optic,99.8,2031,1,0.9061502999452603,1
7450-NWRTR,Month-to-month,Electronic check,Fiber optic,99.45,2819,1,0.9060741098671463,1
2077-MPJQO,Month-to-month,Electronic check,Fiber optic,75.4,3533,0,0.9060650319137356,1
0697-ZMSWS,Month-to-month,Electronic check,Fiber optic,85.65,2330,1,0.9060278250648648,1
9919-KNPOO,Month-to-month,Electronic check,Fiber optic,94.3,2058,0,0.9060244909211537,1
7218-HKQFK,Month-to-month,Electronic check,Fiber optic,94.2,3715,1,0.9058098123756836,1
9546-CQJSU,Month-to-month,Electronic check,Fiber optic,91.4,5100,1,0.9056536475976674,1
8739-XNIKG,Month-to-month,Electronic check,Fiber optic,84.0,4456,0,0.9055918225201631,1
1724-BQUHA,Month-to-month,Electronic check,Fiber optic,89.5,2718,1,0.9054746810848843,1
0684-AOSIH,Month-to-month,Electronic check,Fiber optic,95.0,4489,1,0.9053359502607188,1
6416-TVAIH,Month-to-month,Electronic check,Fiber optic,68.5,5753,1,0.90527997979099,1
7526-BEZQB,Month-to-month,Electronic check,Fiber optic,96.05,2577,1,0.9052009190127688,1
1273-MTETI,Month-to-month,Electronic check,Fiber optic,88.85,2754,1,0.9049807541211636,1
3793-MMFUH,Month-to-month,Electronic check,Fiber optic,95.05,2230,1,0.9048081952242651,1
8473-VUVJN,Month-to-month,Electronic check,Fiber optic,73.65,5443,1,0.9047456696934904,1
0754-UKWQP,Month-to-month,Electronic check,Fiber optic,95.85,3790,1,0.9046824982844299,1
3389-YGYAI,Month-to-month,Electronic check,Fiber optic,105.5,5546,1,0.9043823843321322,1
2506-TNFCO,Month-to-month,Electronic check,Fiber optic,69.55,5948,1,0.9040868575401444,1
2636-OHFMN,Month-to-month,Electronic check,DSL,48.55,3955,1,0.9040520800804821,1
4548-SDBKE,Month-to-month,Electronic check,Fiber optic,85.2,4109,1,0.9039889525044745,1
9334-GWGOW,Month-to-month,Electronic check,Fiber optic,74.85,2259,0,0.9039220931382227,1
3320-VEOYC,Month-to-month,Electronic check,Fiber optic,95.6,3502,0,0.9038117662510425,1
1363-TXLSL,Month-to-month,Electronic check,Fiber optic,70.3,4962,1,0.9034416530696979,1
0021-IKXGC,Month-to-month,Electronic check,Fiber optic,72.1,4432,0,0.903269499941389,1
7488-MXJIV,Month-to-month,Electronic check,Fiber optic,85.65,3223,1,0.9031176944960103,1
6350-XFYGW,Month-to-month,Electronic check,Fiber optic,94.75,2757,0,0.9028411171481623,1
0679-IDSTG,Month-to-month,Electronic check,Fiber optic,69.25,4568,1,0.9022009572483622,1
4806-HIPDW,Month-to-month,Electronic check,Fiber optic,68.95,5644,1,0.9021213987393195,1
2074-GKOWZ,Month-to-month,Bank transfer (automatic),Fiber optic,89.55,3851,1,0.9021017334577438,1
8414-MYSHR,Month-to-month,Electronic check,Fiber optic,91.4,2834,1,0.9020621567899136,1
7508-MYBOG,Month-to-month,Electronic check,Fiber optic,86.1,2177,1,0.9018427449442232,1
6894-LFHLY,Month-to-month,Electronic check,Fiber optic,75.75,5571,1,0.9015672284577197,1
5868-YWPDW,Month-to-month,Electronic check,Fiber optic,84.2,5834,1,0.9015342471821208,1
1447-GIQMR,Month-to-month,Electronic check,Fiber optic,69.15,4179,1,0.9015324904399974,1
4078-SAYYN,Month-to-month,Electronic check,Fiber optic,100.75,2229,1,0.901210117347633,1
5565-FILXA,Month-to-month,Electronic check,Fiber optic,96.15,5913,1,0.9010681810091097,1
9965-YOKZB,Month-to-month,Electronic check,Fiber optic,83.85,3723,1,0.9010119282265123,1
3006-XIMLN,Month-to-month,Bank transfer (automatic),Fiber optic,94.2,5299,1,0.9007618407095748,1
4847-TAJYI,Month-to-month,Electronic check,Fiber optic,89.35,2578,0,0.9006570917573624,1
4951-UKAAQ,Month-to-month,Electronic check,Fiber optic,88.95,5948,1,0.9005981381360905,1
2642-DTVCO,Month-to-month,Electronic check,Fiber optic,85.05,5095,1,0.9005819513160865,1
1833-VGRUM,Month-to-month,Electronic check,Fiber optic,74.2,4684,1,0.9002661832186295,1
4988-IQIGL,Month-to-month,Electronic check,Fiber optic,75.35,4403,1,0.9001790953818102,1
2430-USGXP,Month-to-month,Electronic check,Fiber optic,101.05,4766,1,0.9000909103827274,1
3551-HUAZH,Month-to-month,Electronic check,Fiber optic,74.4,3429,1,0.9000391401592963,1
1569-TTNYJ,Month-to-month,Electronic check,Fiber optic,78.75,3401,1,0.8998588498319343,1
2868-MZAGQ,Month-to-month,Electronic check,Fiber optic,79.25,5533,1,0.8995891897392926,1
5834-ASPWA,Month-to-month,Electronic check,Fiber optic,75.45,5518,1,0.8994998413141537,1
8580-AECUZ,Month-to-month,Electronic check,Fiber optic,79.1,5001,1,0.8994231801376386,1
5240-IJOQT,Month-to-month,Electronic check,Fiber optic,74.7,3348,1,0.8993947159097024,1
9451-LPGOO,Month-to-month,Electronic check,Fiber optic,86.8,3780,1,0.8991299670342412,1
5935-FCCNB,Month-to-month,Electronic check,Fiber optic,94.2,4425,0,0.8988731144884918,1
4145-UQXUQ,Month-to-month,Electronic check,Fiber optic,92.1,5662,1,0.898592669993099,1
2990-HWIML,Month-to-month,Electronic check,Fiber optic,89.5,2898,1,0.8985856628538363,1
3422-LYEPQ,Month-to-month,Electronic check,Fiber optic,71.0,4207,1,0.8985018468191047,1
2205-YMZZJ,Month-to-month,Electronic check,Fiber optic,84.8,2015,1,0.8984888057873518,1
7363-QTBIW,Month-to-month,Electronic check,Fiber optic,79.75,4654,0,0.8982621603484168,1
9944-HKVVB,Month-to-month,Electronic check,Fiber optic,95.1,5861,1,0.8979468389356744,1
5685-IIXLY,Month-to-month,Electronic check,Fiber optic,83.6,4565,1,0.8976371697298822,1
1452-VOQCH,Month-to-month,Electronic check,Fiber optic,75.1,4120,0,0.8975865222550288,1
4021-RQSNY,Month-to-month,Electronic check,Fiber optic,98.5,5137,1,0.8974297186257549,1
1184-PJVDB,Month-to-month,Electronic check,Fiber optic,79.95,5640,1,0.8973453064340783,1
5380-AFSSK,Month-to-month,Mailed check,Fiber optic,93.9,5435,1,0.897334991099632,1
3198-VELRD,Month-to-month,Bank transfer (automatic),Fiber optic,84.75,2014,1,0.8973287014138822,1
4929-XIHVW,Month-to-month,Credit card (automatic),Fiber optic,95.5,4449,0,0.8973141161631941,1
4298-OYIFC,Month-to-month,Electronic check,Fiber optic,103.45,5640,0,0.8972588037866491,1
1761-AEZZR,Month-to-month,Electronic check,Fiber optic,79.55,5593,1,0.8972047020073072,1
9248-OJYKK,Month-to-month,Electronic check,Fiber optic,76.45,3763,1,0.8971811539690084,1
2485-ITVKB,Month-to-month,Electronic check,DSL,35.1,2643,1,0.8971236867487659,1
1624-NALOJ,Month-to-month,Electronic check,Fiber optic,89.8,2960,1,0.8971214896195198,1
1853-UDXBW,Month-to-month,Electronic check,Fiber optic,70.0,2485,1,0.89709558213349,1
6127-ISGTU,Month-to-month,Electronic check,Fiber optic,84.95,3075,1,0.8970314428104857,1
8931-GJJIQ,Month-to-month,Electronic check,Fiber optic,83.3,3520,1,0.8969889907310701,1
4795-KTRTH,Month-to-month,Electronic check,Fiber optic,81.0,4287,1,0.8969780017312571,1
8058-JMEQO,Month-to-month,Electronic check,Fiber optic,84.45,3543,1,0.8967874664877646,1
5445-UTODQ,Month-to-month,Electronic check,Fiber optic,81.1,3238,1,0.8965214298597884,1
1867-BDVFH,Month-to-month,Electronic check,Fiber optic,74.35,5075,1,0.8965202224141384,1
8372-JUXUI,Month-to-month,Electronic check,Fiber optic,74.35,2814,1,0.8964986002726003,1
5229-PRWKT,Month-to-month,Electronic check,Fiber optic,86.55,4193,1,0.896428285342211,1
4228-ZGYUW,Month-to-month,Electronic check,Fiber optic,90.05,3212,1,0.8964260064217531,1
4115-NZRKS,Month-to-month,Electronic check,Fiber optic,89.15,2415,0,0.896414418906539,1
9799-CAYJJ,Month-to-month,Electronic check,Fiber optic,69.3,2901,0,0.8963937738819425,1
4143-OOBWZ,Month-to-month,Electronic check,Fiber optic,81.3,3819,1,0.8963245370439256,1
9787-XVQIU,Month-to-month,Electronic check,Fiber optic,75.3,3596,1,0.8962928560423133,1
9102-IAYHT,Month-to-month,Electronic check,Fiber optic,85.45,3670,1,0.89621947232312,1
7384-GHBPI,Month-to-month,Electronic check,DSL,35.15,2987,1,0.8961767130606133,1
4853-OITSN,Month-to-month,Electronic check,Fiber optic,89.15,2576,0,0.8960934909940982,1
0011-IGKFF,Month-to-month,Electronic check,Fiber optic,98.0,3714,1,0.8960584429287461,1
1579-KLYDT,Month-to-month,Electronic check,Fiber optic,90.45,5356,1,0.8959643563299782,1
8245-UMPYT,Month-to-month,Electronic check,Fiber optic,96.4,2688,1,0.8958741154451157,1
2215-ZAFGX,Month-to-month,Electronic check,Fiber optic,85.5,4867,0,0.8957714362103503,1
8775-ERLNB,Month-to-month,Electronic check,Fiber optic,74.3,2968,0,0.8957316699919258,1
6567-HOOPW,Month-to-month,Electronic check,Fiber optic,79.2,4363,1,0.8957264914879431,1
0637-KVDLV,Month-to-month,Electronic check,Fiber optic,76.5,5944,1,0.895712072536061,1
8816-VXNZD,Month-to-month,Electronic check,Fiber optic,75.1,4335,1,0.8955832608292533,1
6198-RTPMF,Month-to-month,Electronic check,Fiber optic,92.6,4756,0,0.8954610472272682,1
2514-GINMM,Month-to-month,Electronic check,Fiber optic,79.5,4490,1,0.8952756953885992,1
9300-RENDD,Month-to-month,Electronic check,Fiber optic,79.95,4815,1,0.8950935054911393,1
6358-LYNGM,Month-to-month,Electronic check,Fiber optic,74.9,2548,1,0.895060654923782,1
1157-BQCUW,Month-to-month,Electronic check,Fiber optic,74.95,2591,1,0.8950531019870712,1
7321-VGNKU,Month-to-month,Electronic check,Fiber optic,70.35,4917,0,0.8950120962741723,1
6457-USBER,Month-to-month,Electronic check,Fiber optic,80.8,4424,1,0.8949377385066835,1
4713-LZDRV,Month-to-month,Electronic check,Fiber optic,79.6,4322,1,0.8947583813837992,1
8348-HFYIV,Month-to-month,Electronic check,DSL,49.25,5775,1,0.8947339460691557,1
5995-SNNEW,Month-to-month,Electronic check,Fiber optic,104.45,5883,0,0.8946697512413352,1
3387-VATUS,Month-to-month,Bank transfer (automatic),Fiber optic,94.85,5701,1,0.8946540177060402,1
0325-XBFAC,Month-to-month,Electronic check,Fiber optic,94.7,5811,1,0.8943904523381605,1
5134-IKDAY,Month-to-month,Electronic check,Fiber optic,69.8,2123,1,0.8943646964931,1
5960-WPXQM,Month-to-month,Electronic check,Fiber optic,79.05,3555,1,0.8943304320449202,1
6615-NGGZJ,Month-to-month,Electronic check,Fiber optic,100.55,5224,1,0.8942672382957617,1
8835-VSDSE,Month-to-month,Electronic check,Fiber optic,70.7,4559,1,0.8941572969678628,1
2737-WFVYW,Month-to-month,Electronic check,DSL,45.25,4566,1,0.8941522009338312,1
2462-XIIJB,Month-to-month,Electronic check,Fiber optic,92.5,2810,1,0.8939495204432475,1
7044-YAACC,Month-to-month,Electronic check,Fiber optic,70.2,4444,0,0.8935093233496315,1
1304-NECVQ,Month-to-month,Electronic check,Fiber optic,78.55,5203,1,0.8934961503181097,1
7615-ESMYF,Month-to-month,Electronic check,DSL,44.6,5482,1,0.8934739759996334,1
9391-EOYLI,Month-to-month,Electronic check,Fiber optic,80.45,5374,1,0.8933756352563332,1
2880-FPNAE,Month-to-month,Electronic check,Fiber optic,74.2,3170,0,0.8932786722685588,1
4234-XTNEA,Month-to-month,Electronic check,Fiber optic,79.95,5213,0,0.8931514599821027,1
4813-HQMGZ,Month-to-month,Electronic check,Fiber optic,90.25,4969,0,0.8927326702632367,1
2004-OCQXK,Month-to-month,Electronic check,Fiber optic,81.95,5622,1,0.8927005526382348,1
5940-NFXKV,Month-to-month,Electronic check,Fiber optic,83.65,3427,1,0.8925167083721639,1
6583-KQJLK,Month-to-month,Electronic check,Fiber optic,94.65,5868,0,0.8924538114993589,1
2495-INZWQ,Month-to-month,Electronic check,DSL,44.55,5605,1,0.8923706565742552,1
4415-IJZTP,Month-to-month,Electronic check,Fiber optic,74.5,2016,1,0.8923169365267097,1
2672-HUYVI,Month-to-month,Electronic check,Fiber optic,91.1,2266,1,0.8922650515834075,1
8625-AZYZY,Month-to-month,Electronic check,Fiber optic,104.65,4734,1,0.892179709777029,1
7594-RQHXR,Month-to-month,Electronic check,Fiber optic,79.6,3108,1,0.892133524428743,1
7817-BOQPW,Month-to-month,Electronic check,Fiber optic,75.55,4320,1,0.8919995909245846,1
7240-ETPTR,Month-to-month,Electronic check,DSL,48.75,4359,1,0.8918732783641077,1
9689-PTNPG,Month-to-month,Electronic check,Fiber optic,80.25,5055,1,0.8917025160864583,1
8740-CRYFY,Month-to-month,Electronic check,Fiber optic,78.95,2038,1,0.891659599115807,1
1320-HTRDR,Month-to-month,Electronic check,Fiber optic,75.5,5948,1,0.8916150935614433,1
2691-NZETQ,Month-to-month,Electronic check,Fiber optic,85.35,2752,1,0.8914172134508895,1
6161-UUUTA,Month-to-month,Electronic check,Fiber optic,79.9,4367,1,0.8914076191515933,1
6372-RFVNS,Month-to-month,Electronic check,Fiber optic,78.8,5075,1,0.8913529314741976,1
4060-LDNLU,Month-to-month,Electronic check,Fiber optic,96.2,4329,0,0.8912546054826636,1
7330-WZLNC,Month-to-month,Electronic check,Fiber optic,90.8,5090,1,0.8912484784781961,1
7379-POKDZ,Month-to-month,Electronic check,Fiber optic,70.3,3038,1,0.8912188508990173,1
9025-AOMKI,Month-to-month,Bank transfer (automatic),Fiber optic,93.55,5617,1,0.891218584929909,1
2799-ARNLO,Month-to-month,Electronic check,Fiber optic,69.35,5437,0,0.8910260218154141,1
4112-LUEIZ,Month-to-month,Electronic check,Fiber optic,89.5,4206,1,0.8909999030599725,1
7439-DKZTW,Month-to-month,Electronic check,Fiber optic,80.55,3154,0,0.8909153592098262,1
3746-EUBYR,Month-to-month,Bank transfer (automatic),Fiber optic,74.6,5861,1,0.8907537656113589,1
1981-INRFU,Month-to-month,Electronic check,Fiber optic,79.75,5172,1,0.8907408274393993,1
4581-SSPWD,Month-to-month,Electronic check,Fiber optic,75.8,5475,1,0.8907005729087856,1
7394-FKDNK,Month-to-month,Electronic check,Fiber optic,89.45,4971,1,0.8906792703785265,1
4285-GYRQC,Month-to-month,Electronic check,Fiber optic,86.25,3344,1,0.890658986048734,1
3247-ZVOUO,Month-to-month,Electronic check,Fiber optic,85.55,3336,1,0.890315747643585,1
7576-OYWBN,Month-to-month,Electronic check,Fiber optic,76.05,2930,1,0.8902766055940067,1
8780-IXSTS,Month-to-month,Electronic check,Fiber optic,90.1,5656,1,0.890252846978685,1
6979-ZNSFF,Month-to-month,Electronic check,Fiber optic,87.05,2545,1,0.8902024688783472,1
9878-TNQGW,Month-to-month,Electronic check,Fiber optic,80.95,3533,1,0.8901887650668928,1
0495-RVCBF,Month-to-month,Electronic check,Fiber optic,79.7,2066,1,0.8899666616697737,1
1564-NTYXF,Month-to-month,Electronic check,Fiber optic,82.0,3363,1,0.8897487541272091,1
2645-QTLMB,Month-to-month,Electronic check,Fiber optic,94.25,5267,1,0.889717110200012,1
1024-VRZHF,Month-to-month,Electronic check,Fiber optic,74.95,2044,1,0.889589681311037,1
8086-OVPWV,Month-to-month,Electronic check,Fiber optic,80.2,2384,1,0.8895601916525547,1
2789-HQBOU,Month-to-month,Electronic check,Fiber optic,80.35,4203,0,0.8895549463574174,1
1197-BVMVG,Month-to-month,Electronic check,Fiber optic,74.45,4093,0,0.8894770450867381,1
0018-NYROU,Month-to-month,Electronic check,Fiber optic,68.95,5536,0,0.8894578806892978,1
7903-CMPEY,Month-to-month,Electronic check,Fiber optic,80.3,4138,1,0.8893584637065167,1
6683-VLCTZ,Month-to-month,Electronic check,Fiber optic,98.55,5444,1,0.8893574406324599,1
9837-BMCLM,Month-to-month,Electronic check,Fiber optic,78.5,3567,1,0.8893459609507416,1
7548-SEPYI,Month-to-month,Electronic check,Fiber optic,96.25,5056,1,0.8893414630645233,1
9253-QXKBE,Month-to-month,Electronic check,Fiber optic,94.45,2233,1,0.8892008611145193,1
5299-SJCZT,Month-to-month,Bank transfer (automatic),Fiber optic,101.55,4480,1,0.8891524221935095,1
8258-GSTJK,Month-to-month,Electronic check,Fiber optic,77.0,3128,1,0.8890374982655457,1
2609-IAICY,Month-to-month,Electronic check,Fiber optic,77.15,2756,1,0.888957134415441,1
4210-QFJMF,Month-to-month,Electronic check,Fiber optic,79.15,5762,1,0.888796609860995,1
7120-RFMVS,Month-to-month,Electronic check,Fiber optic,84.5,4340,1,0.8887595564867441,1
5835-BEQEU,Month-to-month,Electronic check,Fiber optic,76.95,4428,1,0.8887304050787898,1
8357-EQXFO,Month-to-month,Electronic check,Fiber optic,95.35,3077,1,0.888572278687465,1
9231-ZJYAM,Month-to-month,Electronic check,Fiber optic,78.85,5301,1,0.8885181240807586,1
4094-NSEDU,Month-to-month,Electronic check,Fiber optic,94.25,4819,1,0.8885080650183022,1
9306-CPCBC,Month-to-month,Electronic check,Fiber optic,74.25,3207,1,0.8884194293572291,1
6892-XPFPU,Month-to-month,Electronic check,Fiber optic,104.25,2104,1,0.8882977659413713,1
1465-VINDH,Month-to-month,Credit card (automatic),Fiber optic,102.1,3596,1,0.888189645058943,1
9399-APLBT,Month-to-month,Electronic check,Fiber optic,74.7,5980,1,0.8881603572544543,1
3178-FESZO,Month-to-month,Credit card (automatic),Fiber optic,100.25,5797,1,0.8880561728350316,1
8058-INTPH,Month-to-month,Electronic check,Fiber optic,79.65,2119,1,0.8880141737493623,1
4090-KPJIP,Month-to-month,Electronic check,Fiber optic,74.95,3641,0,0.8880095876222078,1
1448-PWKYE,Month-to-month,Electronic check,Fiber optic,80.0,2046,1,0.8880033383165643,1
4529-CKBCL,Month-to-month,Electronic check,Fiber optic,80.2,4381,1,0.887996263477266,1
4806-KEXQR,Month-to-month,Electronic check,Fiber optic,79.9,4669,1,0.8879858082672027,1
8361-LTMKD,Month-to-month,Mailed check,Fiber optic,74.4,5839,1,0.8879831818082788,1
8083-YTZES,Month-to-month,Electronic check,Fiber optic,74.35,3622,1,0.8879593411925941,1
8087-LGYHQ,Month-to-month,Electronic check,Fiber optic,94.05,3475,0,0.8878930732802071,1
3797-VTIDR,Month-to-month,Electronic check,DSL,23.45,4517,1,0.8877514063838527,1
5494-HECPR,Month-to-month,Electronic check,Fiber optic,80.25,2502,1,0.8876578861818493,1
9992-RRAMN,Month-to-month,Electronic check,Fiber optic,85.1,5248,1,0.8876416289127954,1
4123-DVHPH,Month-to-month,Electronic check,Fiber optic,88.05,2715,0,0.8876221488693188,1
4614-NUVZD,Month-to-month,Electronic check,Fiber optic,81.1,2075,1,0.8874218291754554,1
6969-MVBAI,Month-to-month,Electronic check,Fiber optic,90.1,2893,0,0.8873293363855199,1
4749-OJKQU,Month-to-month,Electronic check,Fiber optic,75.65,5396,0,0.8872187884618279,1
0168-XZKBB,Month-to-month,Electronic check,Fiber optic,86.85,5072,0,0.8872128884412047,1
6230-BSUXY,Month-to-month,Electronic check,Fiber optic,85.0,2650,1,0.8871354535289888,1
7932-WPTDS,Month-to-month,Electronic check,DSL,24.8,5377,1,0.8871197648201304,1
5561-NWEVX,Month-to-month,Electronic check,Fiber optic,79.2,4225,1,0.8870312348413053,1
7156-MHUGY,Month-to-month,Electronic check,Fiber optic,90.5,5394,1,0.8869377849122397,1
4585-HETAI,Month-to-month,Electronic check,Fiber optic,73.75,5026,1,0.8868233161952964,1
3606-TWKGI,Month-to-month,Electronic check,Fiber optic,106.9,2494,1,0.8867700205484517,1
9274-CNFMO,Month-to-month,Electronic check,Fiber optic,74.95,3716,1,0.8867267069097522,1
2027-FECZV,Month-to-month,Electronic check,Fiber optic,106.7,2406,1,0.886706514418752,1
1618-CFHME,Month-to-month,Electronic check,Fiber optic,75.9,2101,1,0.8865820122070596,1
1450-GALXR,Month-to-month,Electronic check,Fiber optic,98.5,5184,1,0.8865216476656991,1
2876-GZYZC,Month-to-month,Electronic check,Fiber optic,85.95,5886,0,0.8864596807908969,1
9221-OTIVJ,Month-to-month,Electronic check,Fiber optic,104.85,2292,1,0.8863389700758816,1
8290-YWKHZ,Month-to-month,Electronic check,Fiber optic,93.2,5247,1,0.8862573913026729,1
7613-LLQFO,Month-to-month,Electronic check,Fiber optic,84.45,3330,1,0.8861715719399758,1
8443-ZRDBZ,Month-to-month,Electronic check,Fiber optic,76.05,3685,1,0.8860384824066901,1
2754-VDLTR,Month-to-month,Electronic check,Fiber optic,95.2,4922,1,0.8860002149350716,1
2202-CUYXZ,Month-to-month,Electronic check,Fiber optic,84.85,3086,1,0.885910978107391,1
7493-TPUWZ,Month-to-month,Electronic check,Fiber optic,79.15,4243,1,0.8858493259679806,1
5597-GLBUC,Month-to-month,Electronic check,Fiber optic,85.45,4931,1,0.8858416537987464,1
5095-AESKG,Month-to-month,Credit card (automatic),Fiber optic,91.5,5646,1,0.8857931072476297,1
6507-ZJSUR,Month-to-month,Electronic check,Fiber optic,90.45,5272,0,0.8856947634967443,1
2454-RPBRZ,Month-to-month,Electronic check,Fiber optic,98.1,2709,1,0.8855764609922595,1
7234-FECYN,Month-to-month,Electronic check,Fiber optic,101.35,5546,1,0.8854261586591587,1
2985-FMWYF,Month-to-month,Electronic check,Fiber optic,93.5,4861,0,0.8853716760108223,1
0722-TROQR,Month-to-month,Electronic check,Fiber optic,74.9,2122,1,0.88534871684982,1
7209-JCUDS,Month-to-month,Electronic check,Fiber optic,94.9,2832,1,0.8852327528457314,1
3462-BJQQA,Month-to-month,Electronic check,Fiber optic,89.75,2370,0,0.8851372768817857,1
1628-BIZYP,Month-to-month,Electronic check,Fiber optic,85.0,5754,0,0.8850832909000328,1
8107-KNCIM,Month-to-month,Electronic check,Fiber optic,75.1,3771,0,0.8849162604401666,1
9647-ERGBE,Month-to-month,Electronic check,Fiber optic,100.05,4664,1,0.8847025852438163,1
7503-ZGUZJ,Month-to-month,Mailed check,Fiber optic,84.65,4261,1,0.8844049047930639,1
6319-IEJWJ,Month-to-month,Electronic check,Fiber optic,90.2,2058,1,0.8843469311447681,1
3338-CVVEH,Month-to-month,Electronic check,Fiber optic,94.55,5674,0,0.8841505796922757,1
6877-TJMBR,Month-to-month,Electronic check,Fiber optic,84.8,2627,1,0.8840871642819021,1
5949-XIKAE,Month-to-month,Electronic check,Fiber optic,83.55,2879,1,0.8839799688320125,1
0871-URUWO,Month-to-month,Credit card (automatic),Fiber optic,102.25,2003,1,0.8838767112763132,1
7994-UYIVZ,Month-to-month,Bank transfer (automatic),Fiber optic,85.65,2512,0,0.8837449102667781,1
5382-SOYZL,Month-to-month,Electronic check,Fiber optic,95.1,3729,0,0.8837352315719049,1
7563-BIUPC,Month-to-month,Electronic check,Fiber optic,80.6,5715,1,0.8836028402950661,1
0220-EBGCE,Month-to-month,Electronic check,Fiber optic,85.85,3273,1,0.8834426975583431,1
5244-IRFIH,Month-to-month,Electronic check,Fiber optic,94.5,4333,1,0.8834323554687199,1
1024-GUALD,Month-to-month,Electronic check,DSL,24.8,4851,1,0.8832659366462678,1
9809-IMGCQ,Month-to-month,Electronic check,Fiber optic,96.7,4458,1,0.8832190649076999,1
2575-GFSOE,Month-to-month,Electronic check,Fiber optic,69.0,5672,1,0.8832033202837367,1
2235-DWLJU,Month-to-month,Electronic check,DSL,44.4,4611,0,0.8831072509806653,1
7029-RPUAV,Month-to-month,Credit card (automatic),Fiber optic,100.45,5508,1,0.8830926416497494,1
1678-FYZOW,Month-to-month,Electronic check,Fiber optic,79.4,2448,1,0.882878300834253,1
4844-JJWUY,Month-to-month,Electronic check,Fiber optic,86.0,5359,1,0.882567539446903,1
4229-CZMLL,Month-to-month,Electronic check,Fiber optic,74.9,4160,1,0.8825668494375021,1
9094-AZPHK,Month-to-month,Electronic check,Fiber optic,100.15,2565,0,0.8824576359918543,1
3317-VLGQT,Month-to-month,Electronic check,Fiber optic,78.1,3157,0,0.8820985536842707,1
7969-AULMZ,Month-to-month,Electronic check,Fiber optic,97.35,4321,1,0.8819749703561583,1
2612-RRIDN,Month-to-month,Electronic check,Fiber optic,81.0,3591,1,0.8818784981127027,1
1173-XZPYF,Month-to-month,Electronic check,Fiber optic,89.2,3734,0,0.8817962201499947,1
7780-OTDSO,Month-to-month,Electronic check,Fiber optic,99.4,2421,1,0.8816712629914345,1
1195-OIYEJ,Month-to-month,Electronic check,Fiber optic,91.1,5347,1,0.8814401603251701,1
0655-RBDUG,Month-to-month,Bank transfer (automatic),Fiber optic,98.05,2561,1,0.8812581265957454,1
5027-QPKTE,Month-to-month,Electronic check,Fiber optic,69.35,4292,1,0.8811528767828049,1
9850-OWRHQ,Month-to-month,Credit card (automatic),Fiber optic,74.1,5657,1,0.8811225543099176,1
9172-ANCRX,Month-to-month,Electronic check,Fiber optic,98.7,5561,1,0.8810528118262374,1
3106-ULWFW,Month-to-month,Credit card (automatic),Fiber optic,85.2,2887,1,0.8808899774600436,1
8821-XNHVZ,Month-to-month,Mailed check,Fiber optic,80.05,2943,1,0.8808640730549807,1
6941-PMGEP,Month-to-month,Electronic check,Fiber optic,80.0,3937,1,0.8806469810170005,1
9223-UCPVT,Month-to-month,Electronic check,Fiber optic,94.4,5764,1,0.8806409866123016,1
5889-LFOLL,Month-to-month,Electronic check,Fiber optic,84.6,2659,1,0.8803274103581988,1
6357-JJPQT,Month-to-month,Electronic check,Fiber optic,80.5,2032,0,0.8795939691324091,1
9507-EXLTT,Month-to-month,Bank transfer (automatic),Fiber optic,79.35,3492,1,0.8794739026954704,1
8062-YBDOE,Month-to-month,Electronic check,Fiber optic,69.65,5844,1,0.8794036245910984,1
8541-QVFKM,Month-to-month,Electronic check,Fiber optic,73.5,5777,0,0.87940071307923,1
6734-GMPVK,Month-to-month,Electronic check,Fiber optic,105.3,4024,0,0.8793770484511981,1
2057-ZBLPD,Month-to-month,Electronic check,Fiber optic,86.5,2036,1,0.8793577833349707,1
7858-GTZSP,Month-to-month,Electronic check,Fiber optic,86.55,2061,0,0.879263249742915,1
6229-LSCKB,Month-to-month,Electronic check,Fiber optic,79.7,2893,0,0.8792139667692604,1
8752-STIVR,Month-to-month,Electronic check,Fiber optic,79.0,2085,1,0.8791409876548284,1
5883-GTGVD,Month-to-month,Electronic check,Fiber optic,99.95,3670,1,0.8790471114033577,1
8779-QRDMV,Month-to-month,Electronic check,DSL,39.65,5433,1,0.8789796199795648,1
0480-BIXDE,Month-to-month,Electronic check,Fiber optic,96.8,3249,0,0.8786858341346272,1
4301-VVZKA,Month-to-month,Electronic check,Fiber optic,75.4,5432,0,0.8786630226260241,1
3143-JQEGI,Month-to-month,Electronic check,Fiber optic,88.35,3740,1,0.878574308278075,1
3422-GALYP,Month-to-month,Electronic check,Fiber optic,79.45,2657,0,0.8784512549630362,1
9124-LHCJQ,Month-to-month,Mailed check,Fiber optic,85.45,2318,1,0.8784431430349198,1
7294-TMAOP,Month-to-month,Electronic check,Fiber optic,90.55,2627,1,0.878436973857085,1
6711-FLDFB,Month-to-month,Electronic check,Fiber optic,74.9,5159,1,0.8784135945685445,1
3427-GGZZI,Month-to-month,Electronic check,Fiber optic,89.1,3624,0,0.8783244240986215,1
5797-APWZC,Month-to-month,Electronic check,Fiber optic,90.6,2540,1,0.8781553840052521,1
1567-DSCIC,Month-to-month,Electronic check,Fiber optic,94.0,2632,1,0.878040459937934,1
9360-OMDZZ,Month-to-month,Electronic check,Fiber optic,94.1,3192,0,0.8780034309719771,1
0841-NULXI,Month-to-month,Electronic check,DSL,35.55,3958,1,0.8777920588556474,1
1960-UYCNN,Month-to-month,Electronic check,Fiber optic,95.25,4810,0,0.8777223608919417,1
0840-DFEZH,Month-to-month,Electronic check,Fiber optic,75.35,4989,0,0.8776905716286072,1
9874-QLCLH,Month-to-month,Electronic check,Fiber optic,104.2,2365,1,0.8776747581292869,1
5539-TMZLF,Month-to-month,Electronic check,Fiber optic,69.75,5057,1,0.8775556039420858,1
3030-YDNRM,Month-to-month,Electronic check,Fiber optic,74.85,5514,0,0.8775493510465188,1
2688-BHGOG,Month-to-month,Electronic check,Fiber optic,79.55,5811,0,0.8774559699138625,1
3716-BDVDB,Month-to-month,Electronic check,Fiber optic,69.1,5795,1,0.8774410828655934,1
3428-XZMAZ,Month-to-month,Electronic check,Fiber optic,69.35,5796,1,0.8769448769796857,1
3776-EKTKM,Month-to-month,Electronic check,DSL,36.45,5303,1,0.8766914780593621,1
7074-IEVOJ,Month-to-month,Electronic check,Fiber optic,79.4,3501,1,0.8766857894001838,1
3801-HMYNL,Month-to-month,Mailed check,Fiber optic,89.15,3123,1,0.876579089672353,1
5956-YHHRX,Month-to-month,Electronic check,Fiber optic,104.35,4934,0,0.8764749945102233,1
5348-CAGXB,Month-to-month,Electronic check,Fiber optic,89.55,2325,0,0.8764651984792363,1
5349-IECLD,Month-to-month,Electronic check,Fiber optic,94.95,4493,1,0.876364458633219,1
6424-ELEYH,Month-to-month,Credit card (automatic),Fiber optic,74.75,3972,1,0.8763331133726857,1
5569-KGJHX,Month-to-month,Bank transfer (automatic),Fiber optic,85.35,2445,1,0.8761986220222256,1
3329-WDIOK,Month-to-month,Electronic check,DSL,50.6,4800,1,0.876056743071585,1
4140-MUHUG,Month-to-month,Electronic check,Fiber optic,86.85,3561,1,0.8760290445809454,1
8699-ASUFO,Month-to-month,Mailed check,Fiber optic,74.4,4969,1,0.875985434602485,1
1393-IMKZG,Month-to-month,Electronic check,Fiber optic,95.85,3270,0,0.8757342156767637,1
4514-GFCFI,Month-to-month,Electronic check,Fiber optic,84.75,5136,1,0.8756511417671131,1
5052-PNLOS,Month-to-month,Bank transfer (automatic),Fiber optic,105.35,3662,1,0.8755650661763883,1
0375-HVGXO,Month-to-month,Electronic check,DSL,34.7,4476,1,0.8754475837802853,1
2180-DXNEG,Month-to-month,Electronic check,Fiber optic,96.0,5239,1,0.8754115840855443,1
5729-KLZAR,Month-to-month,Electronic check,Fiber optic,80.85,2961,1,0.875314721051383,1
6326-MTTXK,Month-to-month,Electronic check,Fiber optic,100.85,3849,1,0.8752151789567156,1
7254-IQWOZ,Month-to-month,Electronic check,Fiber optic,69.65,5258,1,0.8751946889579254,1
2685-SREOM,Month-to-month,Electronic check,Fiber optic,89.1,4793,1,0.8751929291108886,1
7402-EYFXX,Month-to-month,Electronic check,Fiber optic,93.6,4030,0,0.8751663199447797,1
8644-XLFBW,Month-to-month,Electronic check,Fiber optic,71.65,5674,1,0.8750588285468056,1
6986-IXNDM,Month-to-month,Electronic check,Fiber optic,92.9,4296,0,0.8750461311005918,1
7314-OXENN,Month-to-month,Electronic check,Fiber optic,82.0,3051,1,0.8750403166260387,1
5875-YPQFJ,Month-to-month,Electronic check,Fiber optic,69.9,5367,1,0.8749230580180255,1
0334-GDDSO,Month-to-month,Electronic check,Fiber optic,81.35,2818,1,0.8747290468594963,1
3990-QYKBE,Month-to-month,Electronic check,Fiber optic,92.5,4127,1,0.8747065587715122,1
2840-XANRC,Month-to-month,Electronic check,Fiber optic,93.15,2212,1,0.8746860576198145,1
5550-VFRLC,Month-to-month,Electronic check,Fiber optic,69.85,5056,1,0.8745479491361331,1
3091-FYHKI,Month-to-month,Electronic check,DSL,35.45,2301,1,0.8744601243039626,1
7206-GZCDC,Month-to-month,Electronic check,Fiber optic,69.25,4371,1,0.8742893244987296,1
4871-JTKJF,Month-to-month,Electronic check,Fiber optic,69.65,4741,1,0.8742747615148395,1
0122-OAHPZ,Month-to-month,Electronic check,Fiber optic,73.85,2473,1,0.8741325319603566,1
1309-BXVOQ,Month-to-month,Electronic check,Fiber optic,106.1,3584,1,0.8740942805278759,1
9402-ORRAH,Month-to-month,Electronic check,Fiber optic,91.5,4173,0,0.8740000534789207,1
7392-YYPYJ,Month-to-month,Electronic check,Fiber optic,100.65,4094,0,0.8739616165296062,1
2026-TGDHM,Month-to-month,Electronic check,Fiber optic,79.3,3830,1,0.8739340836562318,1
7130-VTEWQ,Month-to-month,Electronic check,Fiber optic,75.75,4174,1,0.8738262796784833,1
6356-ELRKD,Month-to-month,Electronic check,Fiber optic,95.6,4091,1,0.8737573614746579,1
4636-QRJKY,Month-to-month,Electronic check,Fiber optic,80.5,5032,1,0.8733693333705775,1
4603-JANFB,Month-to-month,Electronic check,Fiber optic,69.85,4548,1,0.8732540988998724,1
0396-YCHWO,Month-to-month,Electronic check,Fiber optic,95.4,5111,0,0.8731766041520259,1
7354-OIJLX,Month-to-month,Electronic check,Fiber optic,75.85,5212,0,0.8731101548900071,1
9903-LYSAB,Month-to-month,Electronic check,Fiber optic,73.15,4283,0,0.8729454454212233,1
6328-ZPBGN,Month-to-month,Bank transfer (automatic),Fiber optic,95.15,4074,1,0.8728629433824865,1
7409-KIUTL,Month-to-month,Electronic check,Fiber optic,71.0,5345,1,0.8728262372920437,1
7079-QRCBC,Month-to-month,Electronic check,Fiber optic,98.75,4016,1,0.8727393577102925,1
0345-HKJVM,Month-to-month,Electronic check,Fiber optic,89.3,5800,1,0.8726810899280959,1
5429-LWCMV,Month-to-month,Electronic check,Fiber optic,89.15,4041,0,0.8726474634185121,1
6653-CBBOM,Month-to-month,Electronic check,Fiber optic,70.3,5963,1,0.8725487367811642,1
6087-MVHJH,Month-to-month,Electronic check,Fiber optic,88.45,5186,1,0.8725303898763037,1
4510-HIMLV,Month-to-month,Electronic check,Fiber optic,69.8,4154,1,0.8724978621157361,1
9488-HGMJH,Month-to-month,Electronic check,Fiber optic,71.15,5287,1,0.8723910395583544,1
2446-PLQVO,Month-to-month,Electronic check,Fiber optic,70.3,4512,1,0.8722508506315844,1
8397-MVTAZ,Month-to-month,Electronic check,Fiber optic,100.05,2568,1,0.8722454476989547,1
9239-ZBZZV,Month-to-month,Electronic check,DSL,47.95,2240,1,0.8722445749530636,1
3841-CONLJ,Month-to-month,Electronic check,DSL,35.0,4099,0,0.872029421014299,1
5519-YLDGW,Month-to-month,Electronic check,Fiber optic,103.9,3769,1,0.8719983309809519,1
7638-QVMVY,Month-to-month,Electronic check,Fiber optic,79.0,3735,1,0.8719324893579644,1
1389-CXMLU,Month-to-month,Electronic check,Fiber optic,91.05,2194,1,0.8719198366257969,1
6860-YRJZP,Month-to-month,Electronic check,Fiber optic,74.05,2003,0,0.8718182121347897,1
4282-YMKNA,Month-to-month,Electronic check,Fiber optic,74.75,5003,1,0.8716410364868403,1
3878-AVSOQ,Month-to-month,Electronic check,Fiber optic,71.25,5033,0,0.8716275985513264,1
8375-DKEBR,Month-to-month,Electronic check,Fiber optic,69.6,3438,1,0.8715375994563113,1
5570-PTWEH,Month-to-month,Credit card (automatic),Fiber optic,75.15,2270,1,0.8715253271210749,1
4919-IKATY,Month-to-month,Electronic check,Fiber optic,84.5,5141,1,0.8714472301440852,1
7938-OUHIO,Month-to-month,Electronic check,Fiber optic,98.7,3916,1,0.8714050691381992,1
9603-OAIHC,Month-to-month,Electronic check,Fiber optic,70.05,2469,0,0.8713658289182805,1
7861-UVUFT,Month-to-month,Electronic check,Fiber optic,84.3,4003,1,0.8713407333211985,1
8519-IMDHU,Month-to-month,Bank transfer (automatic),Fiber optic,85.6,4981,1,0.8712796589677817,1
4559-UWIHT,Month-to-month,Electronic check,Fiber optic,82.65,4965,0,0.871272057320932,1
3398-FSHON,Month-to-month,Electronic check,Fiber optic,91.3,4703,1,0.8711374919532189,1
5378-IKEEG,Month-to-month,Electronic check,DSL,35.75,3351,1,0.8708481419853661,1
9290-SHCMB,Month-to-month,Electronic check,Fiber optic,96.85,3098,0,0.8707713621861395,1
9728-FTTVZ,Month-to-month,Electronic check,Fiber optic,69.2,4073,1,0.8706713822793505,1
8443-WVPSS,Month-to-month,Electronic check,Fiber optic,99.85,4243,1,0.8706472744212023,1
6437-UKHMV,Month-to-month,Electronic check,Fiber optic,79.7,3109,1,0.8705923767657743,1
1820-TQVEV,Month-to-month,Electronic check,Fiber optic,69.55,3042,1,0.8705698902954234,1
6457-GIRWB,Month-to-month,Electronic check,Fiber optic,69.35,2843,1,0.8705463623459896,1
5542-TBBWB,Month-to-month,Electronic check,Fiber optic,69.9,3358,0,0.8705396685046237,1
9804-ICWBG,Month-to-month,Electronic check,Fiber optic,69.9,3349,1,0.8705197405840339,1
3045-XETSH,Month-to-month,Electronic check,Fiber optic,94.85,3074,1,0.8703515136752891,1
4735-ASGMA,Month-to-month,Electronic check,Fiber optic,98.35,4997,1,0.870349538749807,1
8000-REIQB,Month-to-month,Electronic check,Fiber optic,69.95,3208,1,0.8703015988402719,1
8225-BTJAU,Month-to-month,Electronic check,Fiber optic,79.25,3856,1,0.8702615418832012,1
0822-GAVAP,Month-to-month,Electronic check,DSL,34.7,3146,1,0.8702335154122002,1
5276-KQWHG,Month-to-month,Electronic check,Fiber optic,69.6,4596,1,0.8701313570944958,1
5119-NZPTV,Month-to-month,Electronic check,Fiber optic,70.1,5592,0,0.8699493529817052,1
5442-UTCVD,Month-to-month,Electronic check,Fiber optic,91.85,2704,1,0.869938499558374,1
8065-YKXKD,Month-to-month,Electronic check,Fiber optic,74.75,5578,1,0.8696876874129538,1
7511-YMXVQ,Month-to-month,Electronic check,DSL,45.4,5028,1,0.8696273942079746,1
3753-TSEMP,Month-to-month,Electronic check,Fiber optic,88.15,2524,1,0.8696270239358868,1
6116-RFVHN,Month-to-month,Electronic check,Fiber optic,100.45,3744,0,0.8695306441549077,1
4439-JMPMT,Month-to-month,Electronic check,Fiber optic,85.75,3608,1,0.8694132631117697,1
5288-AHOUP,Month-to-month,Electronic check,Fiber optic,78.5,4333,0,0.8693694635444087,1
0709-TVGUR,Month-to-month,Electronic check,Fiber optic,74.55,3145,1,0.8690444416167402,1
1704-NRWYE,Month-to-month,Electronic check,Fiber optic,80.85,5242,1,0.8690427516545848,1
1846-XWOQN,Month-to-month,Electronic check,Fiber optic,70.15,2825,1,0.8690292869467012,1
6851-WEFYX,Month-to-month,Electronic check,Fiber optic,100.8,3318,0,0.8689501197001781,1
0495-ZBNGW,Month-to-month,Bank transfer (automatic),Fiber optic,79.9,4324,1,0.8688212129831864,1
3494-JCHRQ,Month-to-month,Electronic check,Fiber optic,70.05,2699,1,0.8687574500618628,1
2636-ALXXZ,Month-to-month,Electronic check,Fiber optic,69.6,2151,1,0.8686801266405851,1
7802-EFKNY,Month-to-month,Electronic check,DSL,24.95,5865,1,0.8686264700802862,1
6857-VWJDT,Month-to-month,Mailed check,Fiber optic,95.65,3473,1,0.8686159647514969,1
3244-DCJWY,Month-to-month,Electronic check,Fiber optic,70.25,4133,1,0.8686024586677181,1
0488-GSLFR,Month-to-month,Electronic check,Fiber optic,69.5,3365,1,0.8684642675935166,1
1640-PLFMP,Month-to-month,Electronic check,Fiber optic,70.25,4063,0,0.8684454252056197,1
7005-CCBKV,Month-to-month,Electronic check,Fiber optic,84.4,4539,1,0.8684039774095523,1
3750-CKVKH,Month-to-month,Electronic check,Fiber optic,67.75,2299,1,0.8683743999802281,1
6502-MJQAE,Month-to-month,Electronic check,Fiber optic,69.6,2072,1,0.8683017050003228,1
7465-ZZRVX,Month-to-month,Electronic check,Fiber optic,70.35,2722,0,0.8681749577828431,1
9605-WGJVW,Month-to-month,Electronic check,Fiber optic,70.2,2422,0,0.8680195848493042,1
0328-GRPMV,Month-to-month,Electronic check,Fiber optic,70.1,3706,1,0.8679604891757332,1
5644-PDMZC,Month-to-month,Electronic check,Fiber optic,89.5,2065,1,0.8678593762077899,1
5376-DEQCP,Month-to-month,Electronic check,Fiber optic,70.6,4063,1,0.8677037650461186,1
8118-LSUEL,Month-to-month,Electronic check,Fiber optic,106.4,5507,1,0.8676700771966823,1
8413-VONUO,Month-to-month,Electronic check,Fiber optic,95.65,5332,1,0.8676075392466326,1
6393-WRYZE,Month-to-month,Electronic check,Fiber optic,97.65,3979,1,0.8675278540700478,1
2897-DOVND,Month-to-month,Electronic check,Fiber optic,69.8,3527,0,0.8674746915124806,1
7660-HDPJV,Month-to-month,Electronic check,Fiber optic,69.2,2637,1,0.8674613800633517,1
6000-APYLU,Month-to-month,Electronic check,Fiber optic,80.8,3890,1,0.867458107127213,1
5583-SXDAG,Month-to-month,Electronic check,Fiber optic,70.0,4094,1,0.8674465125790979,1
8808-ELEHO,Month-to-month,Electronic check,Fiber optic,81.25,3812,1,0.8672757981000816,1
4395-PZMSN,Month-to-month,Electronic check,Fiber optic,85.55,2850,0,0.867239244268623,1
3372-KWFBM,Month-to-month,Electronic check,Fiber optic,86.6,2508,1,0.86723282646601,1
5520-FVEWJ,Month-to-month,Electronic check,Fiber optic,84.5,4154,1,0.8671129548541318,1
3295-YVUSR,Month-to-month,Mailed check,Fiber optic,72.6,5098,0,0.867070789734946,1
7206-PQBBZ,Month-to-month,Electronic check,Fiber optic,70.2,2848,0,0.8669856245081045,1
3199-XGZCY,Month-to-month,Electronic check,Fiber optic,75.25,2332,0,0.866978374610632,1
0306-JAELE,Month-to-month,Electronic check,Fiber optic,96.1,4192,1,0.8669445188682912,1
6168-WFVVF,Month-to-month,Electronic check,Fiber optic,70.3,5165,1,0.8669039128936347,1
8051-HJRLT,Month-to-month,Electronic check,Fiber optic,70.55,2146,1,0.8666505071129894,1
8510-AWCXC,Month-to-month,Electronic check,Fiber optic,100.8,3269,1,0.8666481318380254,1
8875-AKBYH,Month-to-month,Electronic check,Fiber optic,84.35,4915,0,0.8665913898075445,1
4039-HEUNW,Month-to-month,Electronic check,Fiber optic,96.5,4652,1,0.8664657206984093,1
4815-GBTCD,Month-to-month,Electronic check,DSL,25.15,3891,0,0.8663308087687154,1
6996-KNSML,Month-to-month,Electronic check,Fiber optic,74.9,5919,1,0.8662402527886622,1
7394-LWLYN,Month-to-month,Electronic check,Fiber optic,70.15,4840,0,0.8661519917676606,1
7665-TOALD,Month-to-month,Electronic check,Fiber optic,69.6,2412,1,0.866096306958762,1
3721-CNEYS,Month-to-month,Electronic check,Fiber optic,70.95,5390,1,0.8660184215965541,1
6215-NQCPY,Month-to-month,Electronic check,Fiber optic,99.7,4157,0,0.8660057529288934,1
4550-EVXNY,Month-to-month,Electronic check,Fiber optic,69.65,2418,1,0.8660026540965038,1
6015-VVHHE,Month-to-month,Credit card (automatic),Fiber optic,83.15,2516,1,0.8659900633822344,1
0872-NXJYS,Month-to-month,Electronic check,Fiber optic,79.55,3246,1,0.8659690512397316,1
4597-NUCQV,Month-to-month,Electronic check,Fiber optic,101.25,4287,1,0.865855699234777,1
1219-NNDDO,Month-to-month,Electronic check,Fiber optic,76.85,4834,0,0.8657327853485782,1
7590-VHVEG,Month-to-month,Electronic check,DSL,29.85,3964,0,0.8657298195344197,1
0302-JOIVN,Month-to-month,Electronic check,Fiber optic,101.15,2750,1,0.8656064541858877,1
8436-BJUMM,Month-to-month,Electronic check,Fiber optic,83.75,2404,1,0.8655968214745534,1
2123-AGEEN,Month-to-month,Electronic check,Fiber optic,84.35,2107,0,0.8655909137714793,1
5976-JCJRH,Month-to-month,Electronic check,Fiber optic,70.3,2162,1,0.8652425131607504,1
3834-XUIFC,Month-to-month,Mailed check,Fiber optic,85.2,3905,1,0.865158716061747,1
8844-TONUD,Month-to-month,Mailed check,Fiber optic,96.65,5295,1,0.8651427206419886,1
9717-QEBGU,Month-to-month,Electronic check,Fiber optic,70.3,2980,0,0.8650803876584944,1
2082-OJVTK,Month-to-month,Electronic check,Fiber optic,89.2,5292,1,0.8650470380712544,1
6210-KBBPI,Month-to-month,Credit card (automatic),Fiber optic,99.45,2313,1,0.8650377811977605,1
6702-OHFWR,Month-to-month,Electronic check,DSL,43.3,4972,1,0.8649547731494588,1
4445-ZJNMU,Month-to-month,Credit card (automatic),Fiber optic,99.3,3540,0,0.8649423742366247,1
8380-PEFPE,Month-to-month,Electronic check,Fiber optic,71.65,2377,1,0.8646060678537206,1
1268-ASBGA,Month-to-month,Credit card (automatic),Fiber optic,85.35,5769,1,0.8645794029132099,1
1031-IIDEO,Month-to-month,Electronic check,Fiber optic,70.85,2874,1,0.864458127989761,1
2568-OIADY,Month-to-month,Electronic check,Fiber optic,99.5,4233,1,0.8644570339268702,1
6379-RXJRQ,Month-to-month,Electronic check,Fiber optic,70.1,2457,1,0.8643999967388094,1
5804-LEPIM,Month-to-month,Electronic check,Fiber optic,70.35,2671,1,0.8643433428105788,1
5928-QLDHB,Month-to-month,Electronic check,Fiber optic,76.25,2062,0,0.8642312478587908,1
4702-IOQDC,Month-to-month,Electronic check,Fiber optic,70.1,2007,1,0.8640880100409829,1
5293-WXJAK,Month-to-month,Bank transfer (automatic),Fiber optic,104.05,4553,1,0.8640490894115515,1
7568-PODML,Month-to-month,Mailed check,DSL,45.3,4954,1,0.8639993428519342,1
0928-JMXNP,Month-to-month,Electronic check,DSL,29.9,2914,0,0.8639551230721171,1
1200-TUZHR,Month-to-month,Electronic check,Fiber optic,85.2,2565,0,0.8634945933915537,1
0654-HMSHN,Month-to-month,Electronic check,Fiber optic,104.4,3796,1,0.8634823131715855,1
4629-NRXKX,Month-to-month,Electronic check,Fiber optic,70.4,5687,1,0.8634816977719705,1
0644-OQMDK,Month-to-month,Electronic check,Fiber optic,70.65,4510,0,0.8634479143684857,1
1086-LXKFY,Month-to-month,Mailed check,Fiber optic,69.1,4779,1,0.8634051041682315,1
4482-EWFMI,Month-to-month,Electronic check,Fiber optic,69.7,3056,0,0.8633220665226105,1
9172-JITSM,Month-to-month,Electronic check,Fiber optic,90.8,2641,1,0.8632483080440416,1
3707-GNWHM,Month-to-month,Mailed check,Fiber optic,74.25,4750,1,0.8631151557535767,1
9514-JDSKI,Month-to-month,Electronic check,DSL,40.2,5828,1,0.8628659412135994,1
7245-NIIWQ,Month-to-month,Electronic check,Fiber optic,69.85,4764,0,0.862855286708055,1
7235-NXZCP,Month-to-month,Mailed check,Fiber optic,74.85,5378,1,0.862846959190938,1
9330-IJWIO,Month-to-month,Electronic check,Fiber optic,100.35,2008,1,0.8627734790074222,1
8242-SOQUO,Month-to-month,Electronic check,Fiber optic,84.7,2660,0,0.8627061128529181,1
4342-HENTK,Month-to-month,Electronic check,Fiber optic,70.65,2189,1,0.86264830109453,1
3138-BKYAV,Month-to-month,Electronic check,Fiber optic,85.35,4694,1,0.8624952136734387,1
0329-GTIAJ,Month-to-month,Electronic check,Fiber optic,97.9,4330,1,0.8624485981260692,1
1731-TVIUK,Month-to-month,Electronic check,Fiber optic,93.5,4554,1,0.8623319172585899,1
9444-JTXHZ,Month-to-month,Electronic check,Fiber optic,76.2,5973,1,0.8619014298928966,1
2982-IHMFT,Month-to-month,Mailed check,Fiber optic,74.45,4291,1,0.8618154837829588,1
8313-NDOIA,Month-to-month,Electronic check,Fiber optic,104.15,5813,0,0.8616561026032151,1
5167-ZFFMM,Month-to-month,Credit card (automatic),Fiber optic,90.85,3424,1,0.8616097721968866,1
2379-ENZGV,Month-to-month,Electronic check,Fiber optic,84.85,3420,1,0.8614946135607546,1
2439-LYPMQ,Month-to-month,Electronic check,Fiber optic,102.6,5469,0,0.861472292572214,1
9121-PHQSR,Month-to-month,Credit card (automatic),Fiber optic,85.05,3739,0,0.8614136487237276,1
7831-QGOXH,Month-to-month,Electronic check,Fiber optic,85.2,3326,1,0.8613778542735906,1
2568-BRGYX,Month-to-month,Electronic check,Fiber optic,70.2,5094,1,0.8611189592706965,1
2845-AFFTX,Month-to-month,Electronic check,Fiber optic,99.8,4726,1,0.8608540414932254,1
5357-TZHPP,Month-to-month,Credit card (automatic),Fiber optic,84.4,5745,1,0.860653501355012,1
3254-YRILK,Month-to-month,Electronic check,Fiber optic,88.2,5683,1,0.860571150161281,1
4274-OWWYO,Month-to-month,Electronic check,Fiber optic,74.35,5633,1,0.8604402334707604,1
7823-JSOAG,Month-to-month,Electronic check,Fiber optic,74.5,5203,0,0.8603476671435025,1
0115-TFERT,Month-to-month,Electronic check,Fiber optic,111.2,4123,1,0.8603215625948636,1
7198-GLXTC,Month-to-month,Electronic check,Fiber optic,79.0,5239,1,0.8601655115807149,1
7273-TEFQD,Month-to-month,Electronic check,DSL,41.15,2314,1,0.8601123936729077,1
6432-TWQLB,Month-to-month,Electronic check,Fiber optic,85.4,3676,1,0.8601107242409547,1
1977-STDKI,Month-to-month,Electronic check,Fiber optic,73.0,4116,1,0.8600721926538418,1
2612-RANWT,Month-to-month,Bank transfer (automatic),Fiber optic,100.15,3682,1,0.8599768580101051,1
5628-FCGYG,Month-to-month,Electronic check,Fiber optic,84.1,4649,0,0.8599208714789002,1
2398-YPMUR,Month-to-month,Electronic check,Fiber optic,70.15,5101,1,0.859900645638932,1
5117-IFGPS,Month-to-month,Electronic check,Fiber optic,84.3,2217,0,0.8598116510568855,1
2055-PDADH,Month-to-month,Electronic check,Fiber optic,70.4,2491,1,0.8597103953188947,1
9019-QVLZD,Month-to-month,Electronic check,Fiber optic,79.55,5082,1,0.8596362029797386,1
5219-YIPTK,Month-to-month,Electronic check,Fiber optic,104.4,3185,1,0.8593817840417727,1
5159-YFPKQ,Month-to-month,Electronic check,Fiber optic,75.8,5270,1,0.8591616324862622,1
2777-PHDEI,Month-to-month,Electronic check,Fiber optic,78.05,3458,1,0.8591347897596806,1
4132-KALRO,Month-to-month,Mailed check,Fiber optic,100.85,5354,0,0.8591262298887292,1
5216-WASFJ,Month-to-month,Electronic check,Fiber optic,84.85,5603,0,0.8588689297584281,1
2952-QAYZF,Month-to-month,Electronic check,Fiber optic,85.3,2264,1,0.8587666745834869,1
0023-HGHWL,Month-to-month,Electronic check,DSL,25.1,5437,1,0.8586941514267904,1
8945-GRKHX,Month-to-month,Electronic check,Fiber optic,78.65,2728,1,0.8586874121648868,1
0378-NHQXU,Month-to-month,Electronic check,Fiber optic,88.25,4041,1,0.8585107459945627,1
3453-RTHJQ,Month-to-month,Electronic check,Fiber optic,69.1,5741,0,0.8585091540244688,1
3276-HDUEG,Month-to-month,Mailed check,Fiber optic,75.05,4838,1,0.8584535150286,1
9885-CSMWE,Month-to-month,Electronic check,Fiber optic,78.45,2139,1,0.8584407692249114,1
5393-RXQSZ,Month-to-month,Electronic check,Fiber optic,79.6,2199,1,0.8584274179358085,1
1062-LHZOD,Month-to-month,Mailed check,Fiber optic,69.9,2100,1,0.8584239251138561,1
2272-QAGFO,Month-to-month,Electronic check,Fiber optic,74.3,5342,1,0.8580136059703174,1
0925-VYDLG,Month-to-month,Electronic check,Fiber optic,75.25,5898,1,0.8578078335256902,1
2867-UIMSS,Month-to-month,Electronic check,Fiber optic,80.5,2734,1,0.8576792535997055,1
8708-XPXHZ,Month-to-month,Electronic check,Fiber optic,94.2,5458,1,0.8573826701918721,1
5054-IEXZT,Month-to-month,Electronic check,Fiber optic,75.35,5284,1,0.8573670352204726,1
7890-VYYWG,Month-to-month,Mailed check,DSL,36.45,3766,1,0.8573658290536065,1
1078-TDCRN,Month-to-month,Electronic check,DSL,30.75,4133,0,0.8571875199274834,1
7908-QCBCA,Month-to-month,Mailed check,Fiber optic,69.4,2404,1,0.8571300688233789,1
2249-YPRNG,Month-to-month,Bank transfer (automatic),Fiber optic,105.85,4223,1,0.8569191465415044,1
5701-YVSVF,Month-to-month,Electronic check,Fiber optic,82.9,4413,0,0.8567879562806328,1
0219-YTZUE,Month-to-month,Bank transfer (automatic),Fiber optic,84.8,4939,1,0.8567620406429582,1
2984-AFWNC,Month-to-month,Electronic check,Fiber optic,95.4,2813,0,0.8566426340751765,1
3292-PBZEJ,Month-to-month,Electronic check,Fiber optic,111.4,3175,0,0.8566326762566856,1
5228-EXCET,Month-to-month,Electronic check,Fiber optic,80.85,5964,1,0.856629805488799,1
8861-HGGKB,Month-to-month,Electronic check,Fiber optic,86.45,5699,1,0.8565649206907232,1
9633-XQABV,Month-to-month,Electronic check,Fiber optic,70.25,2156,0,0.8565408204275189,1
0524-IAVZO,Month-to-month,Electronic check,Fiber optic,85.0,3698,1,0.8562680010028274,1
4521-YEEHE,Month-to-month,Electronic check,Fiber optic,88.85,3127,0,0.8561715541664684,1
0004-TLHLJ,Month-to-month,Electronic check,Fiber optic,73.9,4479,1,0.8560471635296095,1
6077-BDPXA,Month-to-month,Electronic check,Fiber optic,70.15,2228,0,0.856013863488717,1
1768-ZAIFU,Month-to-month,Electronic check,DSL,25.2,5688,1,0.8559112205715066,1
2058-DCJBE,Month-to-month,Electronic check,Fiber optic,69.75,3965,1,0.8558018079365608,1
5366-IJEQJ,Month-to-month,Electronic check,Fiber optic,88.7,4115,1,0.8557342844840096,1
6772-KSATR,Month-to-month,Electronic check,Fiber optic,81.7,5574,1,0.8557334172757405,1
6960-HVYXR,Month-to-month,Electronic check,Fiber optic,76.0,2567,1,0.8556097431279496,1
2397-BRLOM,Month-to-month,Credit card (automatic),Fiber optic,80.45,3443,1,0.8553027108282633,1
6331-EWIEB,Month-to-month,Electronic check,Fiber optic,85.25,2414,1,0.8551155536484035,1
2672-DZUOY,Month-to-month,Electronic check,DSL,25.15,5386,1,0.85507439860566,1
0722-SVSFK,Month-to-month,Electronic check,Fiber optic,100.4,5041,0,0.8549294624663853,1
5937-EORGB,Month-to-month,Electronic check,Fiber optic,96.5,2394,0,0.854901373138589,1
6110-OHIHY,Month-to-month,Electronic check,Fiber optic,79.25,4183,1,0.8543562649825759,1
3765-JXVKY,Month-to-month,Electronic check,Fiber optic,74.7,4692,1,0.8542285344794173,1
8111-SLLHI,Month-to-month,Electronic check,Fiber optic,105.65,4687,1,0.8538844039348477,1
0023-XUOPT,Month-to-month,Electronic check,Fiber optic,94.1,2973,1,0.8538396212440975,1
8111-RKSPX,Month-to-month,Bank transfer (automatic),Fiber optic,72.2,5668,1,0.8538052564824222,1
6618-RYATB,Month-to-month,Mailed check,Fiber optic,79.55,5571,1,0.8537164078190078,1
7598-UAASY,Month-to-month,Electronic check,Fiber optic,76.4,4340,1,0.8535831838238571,1
2516-VQRRV,Month-to-month,Mailed check,Fiber optic,75.45,3350,1,0.853543145830895,1
9606-PBKBQ,Month-to-month,Electronic check,Fiber optic,85.0,4584,1,0.8534968587379551,1
0388-EOPEX,Month-to-month,Electronic check,Fiber optic,74.4,4263,1,0.8534082866707902,1
0727-IWKVK,Month-to-month,Electronic check,Fiber optic,79.9,4748,1,0.8533542172652159,1
2905-KFQUV,Month-to-month,Credit card (automatic),Fiber optic,70.4,5748,0,0.8533119884915614,1
7625-XCQRH,Month-to-month,Electronic check,Fiber optic,76.5,2291,1,0.8532792984590029,1
0611-DFXKO,Month-to-month,Mailed check,Fiber optic,89.0,4594,1,0.8530225468054297,1
5275-SQEIZ,Month-to-month,Mailed check,Fiber optic,80.85,3096,1,0.852933747688184,1
2665-NPTGL,Month-to-month,Bank transfer (automatic),Fiber optic,98.1,3114,0,0.8528131512674698,1
4770-UEZOX,Month-to-month,Electronic check,Fiber optic,74.75,4545,0,0.8527869868039801,1
2761-OCIAX,Month-to-month,Electronic check,Fiber optic,74.7,2803,1,0.8526231829682411,1
8417-FMLZI,Month-to-month,Credit card (automatic),Fiber optic,83.55,4242,1,0.852442731282897,1
5196-SGOAK,Month-to-month,Electronic check,Fiber optic,75.7,4884,1,0.8523845500306376,1
7479-NITWS,Month-to-month,Credit card (automatic),Fiber optic,89.35,4154,1,0.8523808230777531,1
1028-FFNJK,Month-to-month,Electronic check,Fiber optic,101.5,4828,0,0.8521285286689864,1
4910-AQFFX,Month-to-month,Bank transfer (automatic),Fiber optic,79.35,4533,1,0.852092682951866,1
3957-LXOLK,Month-to-month,Electronic check,Fiber optic,106.15,5030,1,0.8519796776462017,1
9912-GVSEQ,Month-to-month,Electronic check,Fiber optic,93.85,2591,1,0.8517363857909456,1
3496-LFSZU,Month-to-month,Electronic check,Fiber optic,70.5,2896,0,0.8517042095613805,1
4633-MKHYU,Month-to-month,Mailed check,Fiber optic,88.4,2952,0,0.8514890820577453,1
2737-YNGYW,Month-to-month,Electronic check,Fiber optic,80.55,2856,1,0.8513696618969795,1
7365-BVCJH,Month-to-month,Electronic check,DSL,24.4,3145,0,0.8512982237448208,1
3346-BRMIS,Month-to-month,Electronic check,DSL,48.35,2167,1,0.8512292705518508,1
4291-SHSBH,Month-to-month,Electronic check,Fiber optic,69.55,4704,0,0.8512065889007258,1
4373-MAVJG,Month-to-month,Bank transfer (automatic),Fiber optic,90.9,5148,1,0.8511779971845669,1
1016-DJTSV,Month-to-month,Electronic check,Fiber optic,69.7,5242,0,0.8509343473291076,1
1334-FJSVR,Month-to-month,Electronic check,DSL,24.25,2846,1,0.8509055557570607,1
4884-ZTHVF,Month-to-month,Electronic check,Fiber optic,87.1,3950,0,0.8508632048542786,1
6221-AVQYL,Month-to-month,Credit card (automatic),Fiber optic,73.25,2919,1,0.8507176018664646,1
4566-NECEV,Month-to-month,Electronic check,Fiber optic,96.55,3787,0,0.8506155369156406,1
8943-URTMR,Month-to-month,Mailed check,Fiber optic,79.65,5082,1,0.850500371325156,1
9685-WKZGT,Month-to-month,Electronic check,Fiber optic,74.95,2075,1,0.850138281032469,1
1522-VVDMG,Month-to-month,Electronic check,Fiber optic,89.75,3807,1,0.849915763588034,1
4631-OACRM,Month-to-month,Electronic check,Fiber optic,79.4,3621,1,0.8495070612315959,1
2081-VEYEH,Month-to-month,Electronic check,Fiber optic,107.95,5653,0,0.8494908238815598,1
9317-WZPGV,Month-to-month,Bank transfer (automatic),Fiber optic,79.75,4038,1,0.849412643493275,1
3393-FMZPV,Month-to-month,Electronic check,Fiber optic,100.25,2195,1,0.8493290873382,1
0576-WNXXC,Month-to-month,Electronic check,Fiber optic,95.55,2999,1,0.8493175561859925,1
0928-XUTSN,Month-to-month,Electronic check,Fiber optic,80.5,3895,0,0.8491962372916921,1
2504-DSHIH,Month-to-month,Electronic check,Fiber optic,86.8,5788,0,0.8491755029476593,1
4873-ILOLJ,Month-to-month,Electronic check,Fiber optic,90.35,5546,1,0.8488883003893197,1
0689-NKYLF,Month-to-month,Electronic check,Fiber optic,83.2,4028,1,0.84880810350627,1
0746-JTRFU,Month-to-month,Electronic check,DSL,25.05,4810,1,0.8486042053072528,1
8183-ONMXC,Month-to-month,Electronic check,Fiber optic,80.75,2176,1,0.8485182980604672,1
1104-TNLZA,Month-to-month,Electronic check,Fiber optic,105.8,4174,0,0.8485163959832757,1
1508-DFXCU,Month-to-month,Electronic check,Fiber optic,81.45,2916,0,0.8484607594426793,1
6689-TCZHQ,Month-to-month,Electronic check,Fiber optic,78.95,4054,1,0.8484428101402465,1
1226-IENZN,Month-to-month,Electronic check,Fiber optic,78.75,4351,0,0.8483884334260363,1
3370-HXOPH,Month-to-month,Electronic check,Fiber optic,76.1,2650,0,0.8482329144722012,1
3663-MITLP,Month-to-month,Electronic check,Fiber optic,101.25,3968,1,0.8476265867831496,1
4706-AXVKM,Month-to-month,Credit card (automatic),Fiber optic,84.8,5118,1,0.8475228717217829,1
6856-RAURS,Month-to-month,Mailed check,Fiber optic,74.9,2044,0,0.8474767612543891,1
6376-GAHQE,Month-to-month,Electronic check,Fiber optic,77.85,2140,1,0.8472908545564873,1
3629-ZNKXA,Month-to-month,Electronic check,Fiber optic,101.8,3296,0,0.8470959452782524,1
2754-SDJRD,Month-to-month,Credit card (automatic),Fiber optic,100.15,5157,0,0.8470938963470985,1
6900-PXRMS,Month-to-month,Electronic check,Fiber optic,105.75,3157,1,0.8467885588753911,1
3223-WZWJM,Month-to-month,Electronic check,Fiber optic,83.95,5869,1,0.8467288766168151,1
1891-UAWWU,Month-to-month,Electronic check,Fiber optic,90.8,2312,1,0.8465724602821181,1
9250-WYPLL,Month-to-month,Electronic check,Fiber optic,75.55,4600,1,0.8462802202840648,1
1254-IZEYF,Month-to-month,Electronic check,Fiber optic,99.95,5362,1,0.8460833466276733,1
4077-CROMM,Month-to-month,Electronic check,Fiber optic,104.2,5000,1,0.8458225851993604,1
5980-NOPLP,Month-to-month,Electronic check,Fiber optic,96.1,5606,1,0.8457970563547034,1
2276-YDAVZ,Month-to-month,Credit card (automatic),Fiber optic,75.1,4965,1,0.8457006895472462,1
0616-ATFGB,Month-to-month,Electronic check,DSL,25.05,2119,1,0.8455931190167335,1
3951-NJCVI,Month-to-month,Electronic check,Fiber optic,95.05,2677,0,0.8454326824102409,1
1980-KXVPM,Month-to-month,Credit card (automatic),Fiber optic,75.05,3553,1,0.8454012059640235,1
3420-YJLQT,Month-to-month,Electronic check,Fiber optic,79.55,5965,0,0.8452909023493224,1
2107-FBPTK,Month-to-month,Electronic check,Fiber optic,104.1,5655,0,0.845169620834973,1
3001-CBHLQ,Month-to-month,Electronic check,Fiber optic,104.9,3966,1,0.8451132914756814,1
3999-QGRJH,Month-to-month,Electronic check,Fiber optic,69.7,3068,1,0.8451006731282658,1
3217-FZDMN,Month-to-month,Credit card (automatic),Fiber optic,94.45,3676,1,0.8450804110265553,1
6705-LXORM,Month-to-month,Electronic check,Fiber optic,70.05,2064,0,0.8449041640128787,1
1602-IJQQE,Month-to-month,Electronic check,Fiber optic,75.35,2220,1,0.8448910164496625,1
3585-ISXZP,Month-to-month,Bank transfer (automatic),Fiber optic,95.65,5335,1,0.8448238605132876,1
5449-FIBXJ,Month-to-month,Electronic check,Fiber optic,103.3,2349,1,0.8447201781331632,1
5442-XSDCW,Month-to-month,Bank transfer (automatic),Fiber optic,79.5,3469,1,0.8446792528484239,1
3317-HRTNN,Month-to-month,Electronic check,DSL,45.7,3561,1,0.8446758098393574,1
0330-IVZHA,Month-to-month,Electronic check,Fiber optic,69.95,2969,1,0.844633123307086,1
2809-ZMYOQ,Month-to-month,Electronic check,Fiber optic,101.35,4341,0,0.8446225842243241,1
9600-UDOPK,Month-to-month,Credit card (automatic),Fiber optic,94.05,4095,1,0.8443603154060508,1
3565-UNOCC,Month-to-month,Bank transfer (automatic),Fiber optic,99.05,3179,1,0.8441128541865915,1
5673-FSSMF,Month-to-month,Electronic check,DSL,60.15,4611,1,0.8440423012892933,1
9279-CJEOJ,Month-to-month,Bank transfer (automatic),Fiber optic,95.4,5691,0,0.8439397659498012,1
3877-JRJIP,Month-to-month,Electronic check,DSL,59.85,4017,1,0.8437735431130774,1
5138-WVKYJ,Month-to-month,Electronic check,Fiber optic,98.55,3658,1,0.8432763995277757,1
8714-EUHJO,Month-to-month,Electronic check,Fiber optic,91.15,5219,1,0.8430262965513611,1
1475-VWVDO,Month-to-month,Electronic check,Fiber optic,74.9,5335,0,0.8429317001647342,1
6198-ZFIOJ,Month-to-month,Electronic check,Fiber optic,75.6,3469,0,0.8429293139347451,1
0674-DGMAQ,Month-to-month,Electronic check,Fiber optic,93.5,5804,0,0.842709433532119,1
1251-STYSZ,Month-to-month,Electronic check,Fiber optic,80.25,3828,0,0.8424780406336156,1
6435-SRWBJ,Month-to-month,Electronic check,Fiber optic,82.75,5269,0,0.8423414743755274,1
6543-XRMYR,Month-to-month,Electronic check,Fiber optic,99.7,3548,1,0.8422382703460114,1
4647-MUZON,Month-to-month,Credit card (automatic),Fiber optic,95.95,5009,0,0.8421883314632411,1
0749-IRGQE,Month-to-month,Electronic check,DSL,45.3,4118,0,0.8419887221539092,1
0225-ZORZP,Month-to-month,Electronic check,Fiber optic,84.3,5828,0,0.8419293854894033,1
6030-REHUX,Month-to-month,Electronic check,Fiber optic,110.85,3906,0,0.8418172918255319,1
4290-BSXUX,Month-to-month,Bank transfer (automatic),Fiber optic,79.65,5036,1,0.8416429830284069,1
7517-LDMPS,Month-to-month,Electronic check,Fiber optic,84.6,4807,0,0.8415773417989647,1
1342-JPNKI,Month-to-month,Bank transfer (automatic),Fiber optic,86.05,2966,1,0.841537362791449,1
8868-WOZGU,Month-to-month,Electronic check,Fiber optic,105.7,2464,1,0.8415201882274754,1
3249-ZPQRG,Month-to-month,Electronic check,Fiber optic,78.45,5048,1,0.8412540446995755,1
3318-OSATS,Month-to-month,Electronic check,Fiber optic,95.45,2080,1,0.8410786107934474,1
8634-MPHTR,Month-to-month,Electronic check,Fiber optic,100.05,5166,1,0.8410288542017359,1
9696-RMYBA,Month-to-month,Mailed check,Fiber optic,80.1,5225,0,0.8410043002808184,1
4822-YCXMX,Month-to-month,Electronic check,Fiber optic,84.8,4203,1,0.840785551405529,1
3049-NDXFL,Month-to-month,Mailed check,Fiber optic,85.8,2850,1,0.8406858903594888,1
0899-LIIBW,Month-to-month,Electronic check,Fiber optic,100.85,5891,0,0.8406334312020403,1
2983-ZANRP,Month-to-month,Bank transfer (automatic),Fiber optic,73.55,5799,1,0.8405519461386761,1
7854-FOKSF,Month-to-month,Electronic check,DSL,35.9,4747,1,0.840547294721857,1
4289-DTDKW,Month-to-month,Electronic check,Fiber optic,101.3,2576,1,0.8405405856460357,1
9846-GKXAS,Month-to-month,Bank transfer (automatic),Fiber optic,90.8,2578,1,0.8404595305166573,1
9436-ZBZCT,Month-to-month,Electronic check,Fiber optic,89.95,5463,1,0.8404418144556874,1
1965-AKTSX,Month-to-month,Electronic check,Fiber optic,78.95,5203,1,0.8403961300341238,1
1771-OADNZ,Month-to-month,Electronic check,Fiber optic,95.9,2151,1,0.8401288366305677,1
9921-ZVRHG,Month-to-month,Electronic check,Fiber optic,80.45,4155,1,0.8399846881845058,1
6242-MBHPK,Month-to-month,Electronic check,Fiber optic,95.1,4025,0,0.8399445387740413,1
0601-WZHJF,Month-to-month,Electronic check,DSL,46.35,5360,1,0.8398742178950181,1
1196-AMORA,Month-to-month,Electronic check,Fiber optic,73.6,2679,1,0.8397029827287146,1
9824-BEMCV,Month-to-month,Electronic check,Fiber optic,69.0,3368,1,0.8396886794920491,1
3904-UKFRE,Month-to-month,Electronic check,Fiber optic,80.1,2333,0,0.839616388590723,1
1754-GKYPY,Month-to-month,Bank transfer (automatic),Fiber optic,89.75,4180,0,0.8396061705911831,1
0013-EXCHZ,Month-to-month,Mailed check,Fiber optic,83.9,3464,1,0.8390730045491789,1
5931-FLJJF,Month-to-month,Mailed check,Fiber optic,70.1,3669,1,0.8390027426690835,1
0742-NXBGR,Month-to-month,Electronic check,Fiber optic,82.3,4278,1,0.8388656467668677,1
5419-CONWX,Month-to-month,Credit card (automatic),Fiber optic,99.8,2268,1,0.8388277941711014,1
6267-DCFFZ,Month-to-month,Electronic check,Fiber optic,90.05,3792,0,0.8387947952706969,1
7315-WYOAW,Month-to-month,Electronic check,Fiber optic,100.75,5985,0,0.8383043878625227,1
8008-HAWED,Month-to-month,Electronic check,DSL,50.75,4883,1,0.8382636562408246,1
3677-IYRBF,Month-to-month,Electronic check,DSL,30.4,4002,1,0.8381620303299021,1
2038-OEQZH,Month-to-month,Electronic check,Fiber optic,86.05,3653,0,0.8380538093284757,1
4817-VYYWS,Month-to-month,Electronic check,Fiber optic,100.2,3598,1,0.8378771198657352,1
9283-LZQOH,Month-to-month,Credit card (automatic),Fiber optic,74.4,3687,1,0.8378593128460755,1
3296-SILRA,Month-to-month,Mailed check,Fiber optic,76.4,2426,1,0.8376727499360563,1
6339-YPSAH,Month-to-month,Electronic check,Fiber optic,73.8,4895,0,0.8376380504985507,1
8873-GLDMH,Month-to-month,Mailed check,Fiber optic,73.85,4220,0,0.8375316438596339,1
5399-ZIMKF,Month-to-month,Electronic check,Fiber optic,74.65,3319,0,0.8375206566845932,1
6918-UMQCG,Month-to-month,Electronic check,Fiber optic,80.2,3391,0,0.8372521585803168,1
2254-DLXRI,Month-to-month,Mailed check,Fiber optic,79.15,2742,0,0.8370338431611932,1
0793-TWELN,Month-to-month,Electronic check,Fiber optic,80.15,2841,0,0.8368692775255744,1
8325-QRPZR,Month-to-month,Electronic check,Fiber optic,75.15,4216,0,0.8368612165167412,1
8648-PFRMP,Month-to-month,Electronic check,DSL,46.35,2056,0,0.8368521514632151,1
8010-EZLOU,Month-to-month,Electronic check,Fiber optic,80.2,4958,1,0.8368426482748897,1
3672-YITQD,Month-to-month,Electronic check,Fiber optic,84.1,2987,1,0.8368207879401701,1
2369-UAPKZ,Month-to-month,Mailed check,Fiber optic,104.1,3131,1,0.8364732730361298,1
6275-YDUVO,Month-to-month,Mailed check,Fiber optic,86.2,2969,1,0.8364616365937106,1
8063-GBATB,Month-to-month,Electronic check,Fiber optic,85.25,5172,1,0.8363715655527193,1
6712-OAWRH,Month-to-month,Electronic check,Fiber optic,91.25,5154,1,0.8362131631437626,1
5609-CEBID,Month-to-month,Electronic check,Fiber optic,94.1,2666,1,0.8361154911208531,1
4236-XPXAV,Month-to-month,Mailed check,Fiber optic,99.15,2283,1,0.8359460220206272,1
0848-ZGQIJ,Month-to-month,Bank transfer (automatic),Fiber optic,94.65,3050,0,0.835875943502847,1
7801-KICAO,Month-to-month,Electronic check,Fiber optic,74.15,5033,0,0.8358001198118268,1
8266-VBFQL,Month-to-month,Electronic check,Fiber optic,90.4,3314,0,0.8356835458106936,1
1571-SAVHK,Month-to-month,Mailed check,Fiber optic,99.95,5598,1,0.8353532429326861,1
0235-KGSLC,Month-to-month,Credit card (automatic),Fiber optic,85.55,3967,1,0.8352405166729594,1
0137-OCGAB,Month-to-month,Mailed check,Fiber optic,80.2,3056,1,0.8352169933615041,1
1751-NCDLI,Month-to-month,Electronic check,Fiber optic,98.85,2641,0,0.835066834965908,1
4958-XCBDQ,Month-to-month,Electronic check,Fiber optic,101.4,3689,1,0.8350263473903548,1
5261-QSHQM,Month-to-month,Electronic check,DSL,24.45,4909,1,0.8348681660858072,1
7153-OANIO,Month-to-month,Electronic check,Fiber optic,69.95,5066,1,0.83479021051184,1
5590-BYNII,Month-to-month,Electronic check,Fiber optic,100.75,4152,1,0.8347399797636397,1
8374-XGEJJ,Month-to-month,Electronic check,Fiber optic,101.0,3123,1,0.8347204104070626,1
0923-PNFUB,Month-to-month,Electronic check,Fiber optic,83.75,4852,1,0.8346287037897305,1
2774-LVQUS,Month-to-month,Electronic check,Fiber optic,83.05,2596,1,0.8345516567366618,1
4124-MMETB,Month-to-month,Credit card (automatic),Fiber optic,94.65,3665,1,0.8345394519404977,1
3871-IKPYH,Month-to-month,Electronic check,Fiber optic,69.1,2767,1,0.8345354204243013,1
2013-SGDXK,Month-to-month,Electronic check,Fiber optic,84.3,2172,1,0.8345288571024957,1
6877-LGWXO,Month-to-month,Electronic check,Fiber optic,78.55,3521,1,0.8342827783322306,1
8270-RKSAP,Month-to-month,Electronic check,Fiber optic,70.5,3198,0,0.8342549974351626,1
3074-GQWYX,Month-to-month,Bank transfer (automatic),Fiber optic,75.9,3520,1,0.8342374441417704,1
4716-HHKQH,Month-to-month,Electronic check,Fiber optic,107.05,5328,0,0.8341932201479137,1
6330-JKLPC,Month-to-month,Bank transfer (automatic),Fiber optic,80.5,5119,1,0.834079660012425,1
5760-IFJOZ,Month-to-month,Mailed check,Fiber optic,107.95,3449,0,0.8340623471630255,1
2969-QWUBZ,Month-to-month,Electronic check,DSL,51.4,2580,0,0.8340510278072066,1
7028-DVOIQ,Month-to-month,Electronic check,Fiber optic,99.05,2074,1,0.8337594183931719,1
4822-NGOCH,Month-to-month,Electronic check,Fiber optic,84.45,5801,1,0.8336980775773941,1
3908-BLSYF,Month-to-month,Electronic check,Fiber optic,83.9,3962,1,0.8330956844622543,1
2482-CZGBB,Month-to-month,Electronic check,Fiber optic,70.0,3156,1,0.8329159184406637,1
7142-HVGBG,Month-to-month,Electronic check,Fiber optic,103.0,2505,1,0.8328300073023036,1
9572-WUKSB,Month-to-month,Electronic check,DSL,29.9,4416,0,0.8327073474338608,1
0432-CAJZV,Month-to-month,Mailed check,Fiber optic,90.7,3953,0,0.8325482326214798,1
6502-HCJTI,Month-to-month,Credit card (automatic),Fiber optic,94.7,3591,1,0.8323776343241508,1
4433-JCGCG,Month-to-month,Electronic check,Fiber optic,101.0,2436,1,0.8323328291480483,1
2408-WITXK,Month-to-month,Electronic check,DSL,34.7,3244,1,0.8322615189033574,1
8017-LXHFA,Month-to-month,Electronic check,Fiber optic,94.75,2740,1,0.8321966425140676,1
3411-WLRSQ,Month-to-month,Bank transfer (automatic),Fiber optic,74.6,3711,0,0.8321223511262154,1
9734-YWGEX,Month-to-month,Credit card (automatic),Fiber optic,98.3,2954,1,0.832088016665729,1
7137-RYLPP,Month-to-month,Electronic check,Fiber optic,85.7,4712,1,0.8320677580475233,1
2955-BJZHG,Month-to-month,Electronic check,Fiber optic,80.85,5174,1,0.8320470660074468,1
6029-WTIPC,Month-to-month,Electronic check,Fiber optic,101.1,4424,1,0.8316811255595173,1
4583-PARNH,Month-to-month,Electronic check,Fiber optic,91.55,4045,0,0.8314631657460336,1
0411-EZJZE,Month-to-month,Electronic check,DSL,60.25,4830,0,0.8314392844217099,1
4759-TRPLW,Month-to-month,Electronic check,Fiber optic,70.4,4238,1,0.8313704533200028,1
3799-ISUZQ,Month-to-month,Bank transfer (automatic),Fiber optic,69.95,3296,1,0.8313188983633476,1
8709-KRDVL,Month-to-month,Electronic check,Fiber optic,100.0,4643,0,0.8310589669856313,1
3488-PGMQJ,Month-to-month,Electronic check,Fiber optic,74.5,4345,1,0.8309716829917715,1
6899-PPEEA,Month-to-month,Electronic check,Fiber optic,96.55,4448,1,0.8309070635280504,1
0258-NOKBL,Month-to-month,Electronic check,Fiber optic,90.4,5625,0,0.8309012335702987,1
4385-GZQXV,Month-to-month,Electronic check,Fiber optic,94.45,3810,1,0.8308378064004373,1
6400-BWQKW,Month-to-month,Electronic check,Fiber optic,79.05,3263,1,0.8308237745093907,1
4652-NNHNY,Month-to-month,Bank transfer (automatic),Fiber optic,73.85,3226,1,0.8308138213947942,1
6595-YGXIT,Month-to-month,Electronic check,Fiber optic,88.95,3878,1,0.8305514540121992,1
7912-SYRQT,Month-to-month,Bank transfer (automatic),Fiber optic,75.1,5514,1,0.8304658684437658,1
2025-JKFWI,Month-to-month,Mailed check,Fiber optic,99.0,3493,1,0.8303369021541168,1
9560-ARGQJ,Month-to-month,Electronic check,Fiber optic,81.0,2335,1,0.8299318532404218,1
8714-CTZJW,Month-to-month,Credit card (automatic),Fiber optic,82.85,3154,0,0.8297708401513124,1
3235-ETOOB,Month-to-month,Electronic check,Fiber optic,74.5,3683,1,0.8297102363116963,1
7422-WNBTY,Month-to-month,Electronic check,Fiber optic,93.35,3348,0,0.8296080971493419,1
6017-PPLPX,Month-to-month,Electronic check,Fiber optic,70.45,4773,1,0.8291242436089343,1
2856-HYAPG,Month-to-month,Electronic check,Fiber optic,68.65,3052,1,0.8290093717049202,1
6993-OHLXR,Month-to-month,Electronic check,Fiber optic,68.95,5225,1,0.8289369077786619,1
8739-WWKDU,Month-to-month,Electronic check,Fiber optic,89.5,4849,1,0.8289294719355407,1
3647-GMGDH,Month-to-month,Credit card (automatic),Fiber optic,94.7,5615,1,0.8289106535348892,1
0939-YAPAF,Month-to-month,Electronic check,Fiber optic,100.25,2744,1,0.8289052410017617,1
0148-DCDOS,Month-to-month,Bank transfer (automatic),Fiber optic,94.7,5641,1,0.8286544793802373,1
9415-DPEWS,Month-to-month,Electronic check,Fiber optic,88.35,5727,1,0.8285179371226465,1
8035-PWSEV,Month-to-month,Electronic check,Fiber optic,89.25,4430,0,0.8284830573638498,1
6060-DRTNL,Month-to-month,Mailed check,Fiber optic,84.85,3305,1,0.8284802031624916,1
2114-MGINA,Month-to-month,Mailed check,Fiber optic,89.8,4107,1,0.8282117131875264,1
1766-GKNMI,Month-to-month,Electronic check,Fiber optic,84.9,4388,0,0.8281697590637083,1
8650-RHRKE,Month-to-month,Electronic check,DSL,29.65,4207,1,0.8281333345022817,1
3003-CMDUU,Month-to-month,Electronic check,Fiber optic,95.15,3273,0,0.8279548536543895,1
5923-GXUOC,Month-to-month,Electronic check,Fiber optic,104.4,5035,1,0.8276962571291708,1
6906-ANDWJ,Month-to-month,Bank transfer (automatic),Fiber optic,74.9,2510,1,0.827561686077735,1
8042-JVNFH,Month-to-month,Mailed check,Fiber optic,71.35,5730,1,0.8275155028020845,1
3398-ZOUAA,Month-to-month,Electronic check,Fiber optic,69.1,3853,1,0.8272909633691516,1
5339-PXDVH,Month-to-month,Electronic check,Fiber optic,90.65,3559,0,0.8271887316043203,1
1915-IOFGU,Month-to-month,Electronic check,Fiber optic,70.5,4123,1,0.8271314011594495,1
9985-MWVIX,Month-to-month,Mailed check,Fiber optic,70.15,5773,1,0.8271182099671237,1
6140-QNRQQ,Month-to-month,Mailed check,Fiber optic,71.55,5739,1,0.8270119465309278,1
6651-AZVTJ,Month-to-month,Electronic check,Fiber optic,99.8,6088,1,0.8269900448688215,1
0685-MLYYM,Month-to-month,Electronic check,Fiber optic,70.75,4407,1,0.8268443249609179,1
1989-PRJHP,Month-to-month,Electronic check,Fiber optic,75.5,2377,1,0.8267051072445415,1
6407-UTSLV,Month-to-month,Bank transfer (automatic),Fiber optic,83.8,2885,0,0.8265788127157169,1
8610-WFCJF,Month-to-month,Electronic check,Fiber optic,95.6,5732,1,0.826475884258267,1
3066-RRJIO,Month-to-month,Mailed check,Fiber optic,69.95,5341,1,0.8264327388148596,1
7176-WIONM,Month-to-month,Bank transfer (automatic),DSL,49.85,2873,0,0.8260359300318173,1
5044-LRQAQ,Month-to-month,Bank transfer (automatic),Fiber optic,69.2,2551,0,0.8259943641847577,1
4283-FUTGF,Month-to-month,Electronic check,Fiber optic,79.85,3715,1,0.8259141778319706,1
0434-CSFON,Month-to-month,Electronic check,Fiber optic,100.5,4488,0,0.825748216036625,1
1740-CSDJP,Month-to-month,Bank transfer (automatic),DSL,35.25,2548,1,0.8256678433255875,1
9494-MRNYX,Month-to-month,Electronic check,Fiber optic,75.05,3399,0,0.825542152018939,1
0256-LTHVJ,Month-to-month,Electronic check,Fiber optic,81.05,5201,1,0.8255172276355228,1
6347-DCUIK,Month-to-month,Mailed check,Fiber optic,74.15,4231,1,0.8254906701852808,1
8337-MSSXB,Month-to-month,Electronic check,Fiber optic,86.3,3677,1,0.8254778828876957,1
8922-LIEGH,Month-to-month,Electronic check,Fiber optic,89.7,4078,1,0.8253837141232304,1
9208-OLGAQ,Month-to-month,Electronic check,Fiber optic,84.95,3878,0,0.8252538299185961,1
0420-HLGXF,Month-to-month,Electronic check,Fiber optic,99.75,3860,0,0.8250907267959137,1
6032-KRXXO,Month-to-month,Electronic check,Fiber optic,90.25,5654,1,0.8247992169301599,1
3669-LVWZB,Month-to-month,Mailed check,DSL,51.0,4630,1,0.8246779898205986,1
1666-JXLKU,Month-to-month,Electronic check,Fiber optic,100.05,2904,0,0.8246443275140087,1
6581-NQCBA,Month-to-month,Electronic check,DSL,49.95,4840,1,0.824574212984659,1
5879-SESNB,Month-to-month,Electronic check,Fiber optic,75.25,5902,0,0.8245229419488773,1
4971-PUYQO,Month-to-month,Mailed check,Fiber optic,94.55,4464,1,0.8245110119958996,1
8621-MNIHH,Month-to-month,Electronic check,Fiber optic,94.25,3369,1,0.8244028248447973,1
5186-SAMNZ,Month-to-month,Bank transfer (automatic),Fiber optic,69.5,3273,1,0.8241549150346488,1
8665-UTDHZ,Month-to-month,Electronic check,DSL,30.2,2915,1,0.824054176907447,1
9095-HFAFX,Month-to-month,Credit card (automatic),Fiber optic,81.0,3718,1,0.8240438090785687,1
0515-YPMCW,Month-to-month,Mailed check,Fiber optic,70.45,3525,1,0.823676137253535,1
0947-IDHRQ,Month-to-month,Mailed check,Fiber optic,80.3,3949,1,0.8236737701832049,1
3992-YWPKO,Month-to-month,Credit card (automatic),Fiber optic,109.9,5750,1,0.8235836270590327,1
2262-SLNVK,Month-to-month,Electronic check,Fiber optic,70.1,2475,0,0.8235311792338705,1
8481-YYXWG,Month-to-month,Electronic check,Fiber optic,89.35,4584,1,0.8234050822691994,1
4658-HCOHW,Month-to-month,Electronic check,Fiber optic,102.8,3123,1,0.8233758491135728,1
4423-YLHDV,Month-to-month,Bank transfer (automatic),Fiber optic,104.4,5570,1,0.823313503554286,1
9617-INGJY,Month-to-month,Mailed check,Fiber optic,70.6,3530,0,0.8232869677104195,1
0231-LXVAP,Month-to-month,Electronic check,Fiber optic,75.9,3389,1,0.8230701200299533,1
3223-DWFIO,Month-to-month,Electronic check,Fiber optic,69.35,4140,0,0.8228856415327239,1
0125-LZQXK,Month-to-month,Electronic check,Fiber optic,101.35,3025,1,0.822482067821304,1
4299-SIMNS,Month-to-month,Electronic check,Fiber optic,81.15,4544,0,0.8223472907775673,1
3384-CTMSF,Month-to-month,Electronic check,Fiber optic,104.1,3142,0,0.8219928539813259,1
9524-EGPJC,Month-to-month,Electronic check,Fiber optic,90.1,4260,1,0.8219590748381294,1
8063-RJYNF,Month-to-month,Electronic check,Fiber optic,94.25,2827,1,0.8219317775477861,1
2674-MIAHT,Month-to-month,Mailed check,Fiber optic,80.3,3132,0,0.8218981791665758,1
7470-MCQTK,Month-to-month,Bank transfer (automatic),DSL,48.75,2655,1,0.8218715937483133,1
0135-NMXAP,Month-to-month,Bank transfer (automatic),Fiber optic,89.75,5671,1,0.8217441401721068,1
4983-CCWMC,Month-to-month,Mailed check,Fiber optic,69.6,5487,0,0.8217347216295763,1
9506-UXUSK,Month-to-month,Electronic check,Fiber optic,70.15,4599,0,0.821627845090713,1
1112-CUNAO,Month-to-month,Electronic check,Fiber optic,89.85,2668,1,0.821503772237443,1
2154-KVJFF,Month-to-month,Electronic check,Fiber optic,79.75,2813,1,0.8213195305752957,1
0139-IVFJG,Month-to-month,Electronic check,Fiber optic,90.35,5361,0,0.8210433063817736,1
8309-IEYJD,Month-to-month,Mailed check,Fiber optic,70.6,2576,0,0.8208029494600225,1
5032-MIYKT,Month-to-month,Mailed check,Fiber optic,70.7,4056,0,0.8207491260329294,1
2357-COQEK,Month-to-month,Electronic check,Fiber optic,103.3,4136,1,0.8207256803947249,1
1907-UBQFC,Month-to-month,Electronic check,Fiber optic,72.85,3189,1,0.8207216560399329,1
5442-BHQNG,Month-to-month,Electronic check,Fiber optic,70.35,3430,0,0.8206564797688687,1
3177-LASXD,Month-to-month,Electronic check,Fiber optic,71.35,2619,1,0.8205615800933822,1
9741-YLNTD,Month-to-month,Bank transfer (automatic),Fiber optic,87.95,2684,0,0.8205062502932757,1
6543-CPZMK,Month-to-month,Electronic check,DSL,29.95,2573,1,0.8204236518829706,1
6907-NZZIJ,Month-to-month,Electronic check,Fiber optic,99.15,4188,1,0.8201805805810553,1
0947-MUGVO,Month-to-month,Electronic check,Fiber optic,73.65,5849,1,0.8201760277035391,1
6833-JMZYP,Month-to-month,Credit card (automatic),Fiber optic,94.0,4521,0,0.8201187315485342,1
6910-HADCM,Month-to-month,Electronic check,Fiber optic,76.35,5613,1,0.8200773256405205,1
0968-GSIKN,Month-to-month,Mailed check,Fiber optic,70.8,3901,1,0.8200277813908204,1
9840-DVNDC,Month-to-month,Credit card (automatic),Fiber optic,80.5,2181,1,0.8199723334527107,1
2619-WFQWU,Month-to-month,Mailed check,Fiber optic,70.15,3208,1,0.8197934228126184,1
4277-PVRAN,Month-to-month,Bank transfer (automatic),Fiber optic,80.1,5071,1,0.8197061683027935,1
7538-GWHML,Month-to-month,Electronic check,Fiber optic,69.65,2323,1,0.81956649979759,1
4536-PLEQY,Month-to-month,Credit card (automatic),Fiber optic,85.05,2540,0,0.8194809313637124,1
6005-OBZPH,Month-to-month,Electronic check,Fiber optic,89.15,4074,1,0.8194239466859188,1
3312-UUMZW,Month-to-month,Credit card (automatic),Fiber optic,98.85,3981,0,0.8194210548825802,1
0812-WUPTB,Month-to-month,Mailed check,Fiber optic,70.85,3022,1,0.819354884782161,1
2528-HFYZX,Month-to-month,Electronic check,Fiber optic,76.45,3266,1,0.8191760326339698,1
4612-SSVHJ,Month-to-month,Electronic check,Fiber optic,81.45,2416,0,0.8191154174295854,1
4919-MOAVT,Month-to-month,Electronic check,Fiber optic,69.65,2421,1,0.8188635304436831,1
1636-NTNCO,Month-to-month,Credit card (automatic),DSL,50.95,2104,0,0.8186441343804522,1
3365-SAIGS,Month-to-month,Electronic check,Fiber optic,83.55,5564,0,0.8185947934907025,1
3538-WZPHD,Month-to-month,Electronic check,DSL,29.6,2734,1,0.818327064937211,1
8356-WUAOJ,Month-to-month,Electronic check,DSL,45.0,5669,0,0.8183110282739123,1
1866-RZZQS,Month-to-month,Electronic check,Fiber optic,98.4,2169,1,0.8182437272603804,1
8393-DLHGA,Month-to-month,Electronic check,Fiber optic,95.9,2241,1,0.818215438050013,1
5842-POCOP,Month-to-month,Mailed check,Fiber optic,88.9,4356,1,0.8181577666482057,1
0491-KAPQG,Month-to-month,Electronic check,Fiber optic,73.7,2071,0,0.8180699020773755,1
8433-WXGNA,Month-to-month,Electronic check,Fiber optic,75.7,4676,1,0.8180499563998667,1
0196-JTUQI,Month-to-month,Credit card (automatic),Fiber optic,75.2,5841,0,0.8180435685248684,1
5318-IXUZF,Month-to-month,Bank transfer (automatic),Fiber optic,87.15,4149,1,0.817632141976223,1
5233-AOZUF,Month-to-month,Electronic check,Fiber optic,74.95,3483,0,0.8173474250780721,1
4009-ALQFH,Month-to-month,Electronic check,Fiber optic,99.5,5932,1,0.8171307578313707,1
5652-MSDEY,Month-to-month,Mailed check,Fiber optic,75.75,4525,0,0.8170734528650585,1
1302-UHBDD,Month-to-month,Electronic check,Fiber optic,89.95,4812,0,0.817020767293187,1
7379-FNIUJ,Month-to-month,Electronic check,Fiber optic,100.2,4855,0,0.8168651605088184,1
2754-XBHTB,Month-to-month,Bank transfer (automatic),Fiber optic,77.65,3847,1,0.8168450955376179,1
5119-KEPFY,Month-to-month,Bank transfer (automatic),Fiber optic,95.0,3057,0,0.8168175300076953,1
0921-OHLVP,Month-to-month,Electronic check,Fiber optic,83.05,5357,0,0.816752153924753,1
5364-XYIRR,Month-to-month,Electronic check,Fiber optic,94.65,4747,1,0.8167362601187096,1
4029-HPFVY,Month-to-month,Mailed check,Fiber optic,70.3,4275,0,0.8166785084972426,1
7853-OETYL,Month-to-month,Electronic check,DSL,29.05,3306,0,0.816662172366597,1
9133-AYJZG,Month-to-month,Credit card (automatic),Fiber optic,98.7,5781,0,0.816270338987962,1
5091-HFAZW,Month-to-month,Electronic check,Fiber optic,91.15,2686,0,0.8162278197376667,1
3858-VOBET,Month-to-month,Electronic check,Fiber optic,74.95,5897,1,0.8161510238901526,1
5043-TRZWM,Month-to-month,Electronic check,Fiber optic,75.55,3503,0,0.8161115845306437,1
1932-UEDCX,Month-to-month,Bank transfer (automatic),Fiber optic,100.6,3669,0,0.8160468980521471,1
2034-CGRHZ,Month-to-month,Credit card (automatic),Fiber optic,102.95,5245,1,0.8159796048976123,1
5989-PGKJB,Month-to-month,Electronic check,Fiber optic,86.25,3511,0,0.8158611927902982,1
0886-QGENL,Month-to-month,Electronic check,Fiber optic,101.25,4853,1,0.8155969799944358,1
1792-UXAFY,Month-to-month,Electronic check,Fiber optic,89.15,5082,1,0.8155281710164292,1
3748-FVMZZ,Month-to-month,Electronic check,DSL,40.05,2664,0,0.8154190343866179,1
3934-HXCFZ,Month-to-month,Electronic check,Fiber optic,99.25,5338,1,0.8152766686968995,1
0447-RXSGD,Month-to-month,Bank transfer (automatic),Fiber optic,99.65,5207,0,0.8150855819932782,1
6715-OFDBP,Month-to-month,Electronic check,DSL,70.05,4944,1,0.8149451083897522,1
9692-TUSXH,Month-to-month,Electronic check,Fiber optic,96.05,5581,1,0.8148744318890493,1
0147-ESWWR,Month-to-month,Electronic check,Fiber optic,101.25,3172,0,0.814767602796917,1
8854-CCVSQ,Month-to-month,Electronic check,Fiber optic,80.65,3788,1,0.8146490595855899,1
6101-IMRMM,Month-to-month,Mailed check,Fiber optic,94.5,3469,1,0.8145954271482284,1
0248-IPDFW,Month-to-month,Electronic check,DSL,50.1,5617,0,0.8141392092074817,1
0315-LVCRK,Month-to-month,Electronic check,Fiber optic,84.8,4924,0,0.8140600795388706,1
2024-BASKD,Month-to-month,Mailed check,Fiber optic,74.6,3860,1,0.8139418971535305,1
8404-GFGCZ,Month-to-month,Electronic check,DSL,65.6,4552,0,0.8138493689606002,1
6338-AVWCY,Month-to-month,Mailed check,DSL,40.15,4710,1,0.8138118937708867,1
8224-DWCKX,Month-to-month,Credit card (automatic),Fiber optic,73.3,5159,0,0.8137697311008049,1
1010-DIAUQ,Month-to-month,Bank transfer (automatic),Fiber optic,96.5,5383,1,0.8136961433932874,1
4763-PGDPO,Month-to-month,Electronic check,Fiber optic,70.4,4494,1,0.8136688439095893,1
5564-NEMQO,Month-to-month,Bank transfer (automatic),Fiber optic,75.3,4902,1,0.8136677684119221,1
5405-ZMYXQ,Month-to-month,Credit card (automatic),Fiber optic,74.6,2142,0,0.8133731665663584,1
9565-DJPIB,Month-to-month,Mailed check,Fiber optic,89.6,4689,1,0.8133115459908079,1
1428-GTBJJ,Month-to-month,Electronic check,Fiber optic,74.55,4601,1,0.8130740022284773,1
6413-XKKPU,Month-to-month,Electronic check,Fiber optic,89.4,2544,1,0.8130630224809728,1
9940-RHLFB,Month-to-month,Electronic check,Fiber optic,75.3,2176,1,0.8128715886946627,1
3583-EKAPL,Month-to-month,Electronic check,DSL,55.0,4877,1,0.8128697149155422,1
2325-NBPZG,Month-to-month,Electronic check,Fiber optic,74.55,5125,0,0.8128601221678651,1
5233-GEEAX,Month-to-month,Electronic check,DSL,29.4,5971,1,0.8126777779513474,1
4854-CIDCF,Month-to-month,Electronic check,Fiber optic,73.85,2868,0,0.8124425606696304,1
9773-PEQBZ,Month-to-month,Electronic check,Fiber optic,79.85,5739,0,0.8120950921061176,1
6956-SMUCM,Month-to-month,Credit card (automatic),Fiber optic,99.0,5236,1,0.8119707296161444,1
6518-LGAOV,Month-to-month,Electronic check,Fiber optic,105.0,2341,1,0.8119222012524664,1
2761-XECQW,Month-to-month,Mailed check,DSL,43.35,2560,0,0.8116198369850443,1
5712-PTIWW,Month-to-month,Electronic check,Fiber optic,79.85,3280,1,0.8114513151133437,1
8104-OSKWT,Month-to-month,Electronic check,Fiber optic,79.8,5906,0,0.8114249079395115,1
7295-JOMMD,Month-to-month,Bank transfer (automatic),Fiber optic,98.1,2895,1,0.8112080348403562,1
2260-USTRB,Month-to-month,Bank transfer (automatic),Fiber optic,70.2,2767,1,0.8111202292490821,1
9588-OZDMQ,Month-to-month,Electronic check,DSL,45.0,5225,0,0.8111168846848946,1
1262-OPMFY,Month-to-month,Bank transfer (automatic),Fiber optic,75.75,5105,1,0.8110053516467849,1
3550-SAHFP,Month-to-month,Electronic check,Fiber optic,83.35,5456,1,0.8106854934647507,1
3420-ZDBMA,Month-to-month,Mailed check,Fiber optic,71.45,5171,0,0.8104516354459402,1
0265-EDXBD,Month-to-month,Electronic check,Fiber optic,74.9,4105,1,0.8103843767757911,1
4441-NIHPT,Month-to-month,Electronic check,Fiber optic,74.3,2995,1,0.8103425172904566,1
5087-SUURX,Month-to-month,Electronic check,DSL,39.05,2601,1,0.8103122546915391,1
2740-TVLFN,Month-to-month,Electronic check,DSL,50.15,3043,0,0.8102246000244211,1
5271-DBYSJ,Month-to-month,Credit card (automatic),Fiber optic,79.15,3355,0,0.8098711079991098,1
9227-LUNBG,Month-to-month,Electronic check,DSL,24.6,5768,1,0.8097544797357422,1
2135-DQWAQ,Month-to-month,Mailed check,Fiber optic,85.3,2689,0,0.8097320004343216,1
7703-ZEKEF,Month-to-month,Electronic check,Fiber optic,81.0,5701,1,0.8096697898025911,1
5832-XKAES,Month-to-month,Credit card (automatic),Fiber optic,69.8,2320,1,0.8096323225108355,1
9465-RWMXL,Month-to-month,Electronic check,Fiber optic,78.9,5949,1,0.8096161407385634,1
6496-JDSSB,Month-to-month,Bank transfer (automatic),Fiber optic,80.0,2165,0,0.8096100445220352,1
0674-EYYZV,Month-to-month,Electronic check,DSL,54.65,5882,0,0.8095986462938516,1
9840-EFJQB,Month-to-month,Electronic check,Fiber optic,74.35,4237,0,0.8095813337086091,1
2959-FENLU,Month-to-month,Credit card (automatic),Fiber optic,85.3,5850,0,0.8095613585882732,1
4704-ERYFC,Month-to-month,Electronic check,Fiber optic,69.25,2159,1,0.8092979965349527,1
9512-UIBFX,Month-to-month,Mailed check,Fiber optic,95.15,4643,1,0.8091808841057913,1
9734-UYXQI,Month-to-month,Electronic check,DSL,49.4,5115,1,0.80906209883814,1
8903-WMRNW,Month-to-month,Electronic check,Fiber optic,101.75,2919,0,0.8090563702583564,1
7767-UXAGJ,Month-to-month,Electronic check,DSL,50.45,2928,1,0.8090207756185368,1
8066-POXGX,Month-to-month,Electronic check,DSL,35.1,3104,1,0.8089599807327461,1
9828-AOQLM,Month-to-month,Electronic check,DSL,45.7,3187,1,0.808954859612252,1
4572-DVCGN,Month-to-month,Bank transfer (automatic),Fiber optic,80.25,3598,1,0.8089098861461366,1
9822-OAOVB,Month-to-month,Electronic check,DSL,55.45,5286,0,0.8088638271685873,1
9866-QEVEE,Month-to-month,Bank transfer (automatic),Fiber optic,86.0,4857,1,0.8087808947036439,1
8617-ENBDS,Month-to-month,Credit card (automatic),Fiber optic,73.6,5510,0,0.808756697503656,1
0612-RTZZA,Month-to-month,Electronic check,DSL,25.25,4628,1,0.8086997400057596,1
8132-YPVBX,Month-to-month,Mailed check,Fiber optic,85.95,3291,0,0.8086518157292671,1
7881-EVUAD,Month-to-month,Electronic check,DSL,42.6,4648,1,0.8085873221158618,1
4686-UXDML,Month-to-month,Credit card (automatic),Fiber optic,99.85,2113,0,0.8084489273734168,1
4059-IIEBK,Month-to-month,Bank transfer (automatic),Fiber optic,78.55,4025,0,0.8083882512027923,1
7284-BUYEC,Month-to-month,Credit card (automatic),DSL,50.95,3573,0,0.8082761551983055,1
4195-NZGTA,Month-to-month,Electronic check,DSL,25.25,5858,0,0.8081690143821201,1
2815-CPTUL,Month-to-month,Mailed check,Fiber optic,70.25,3684,1,0.8081030298115968,1
4325-NFSKC,Month-to-month,Electronic check,Fiber optic,90.6,2373,1,0.8081001107036557,1
8182-BJDSI,Month-to-month,Electronic check,Fiber optic,89.95,2468,1,0.8080351344933616,1
2041-JIJCI,Month-to-month,Electronic check,DSL,64.0,4421,0,0.8078149642385654,1
5501-TVMGM,Month-to-month,Electronic check,DSL,55.25,3255,0,0.8072554934828925,1
4998-IKFSE,Month-to-month,Electronic check,Fiber optic,100.45,3936,0,0.8068606357202555,1
1335-NTIUC,Month-to-month,Electronic check,DSL,24.95,5473,0,0.8065550203687686,1
4741-WWJQZ,Month-to-month,Electronic check,Fiber optic,80.15,5251,0,0.8064481117805766,1
7924-GJZFI,Month-to-month,Electronic check,Fiber optic,69.3,4442,0,0.8063956845537837,1
6923-JHPMP,Month-to-month,Electronic check,Fiber optic,80.45,5602,0,0.8062703088076417,1
8485-GJCDN,Month-to-month,Mailed check,Fiber optic,69.05,3368,1,0.8061673821713333,1
2080-GKCWQ,Month-to-month,Electronic check,Fiber optic,74.95,3969,0,0.8060659772868799,1
3050-GBUSH,Month-to-month,Credit card (automatic),DSL,34.8,2496,0,0.8060028702513349,1
4450-DLLMH,Month-to-month,Credit card (automatic),Fiber optic,71.3,2274,0,0.8058956145882626,1
2979-SXESE,Month-to-month,Electronic check,Fiber optic,94.4,4103,1,0.8058851402580027,1
1513-XNPPH,Month-to-month,Electronic check,Fiber optic,89.4,5047,1,0.8058229172460435,1
6178-KFNHS,Month-to-month,Electronic check,Fiber optic,78.3,3545,1,0.8055554312634616,1
7714-YXSMB,Month-to-month,Bank transfer (automatic),Fiber optic,100.5,2921,0,0.8054853843160856,1
7056-IMHCC,Month-to-month,Electronic check,Fiber optic,101.9,5884,1,0.8052700666682415,1
6821-BUXUX,Month-to-month,Electronic check,Fiber optic,96.65,2110,1,0.8051891910403488,1
7318-EIVKO,Month-to-month,Electronic check,DSL,59.25,3003,0,0.8051573797105201,1
8263-JQAIK,Month-to-month,Mailed check,DSL,24.45,5573,1,0.805061026166356,1
9576-ANLXO,Month-to-month,Bank transfer (automatic),Fiber optic,69.55,2876,1,0.8050582901285097,1
7240-FQLHE,Month-to-month,Bank transfer (automatic),Fiber optic,99.75,5857,1,0.8048744467774772,1
0581-BXBUB,Month-to-month,Electronic check,Fiber optic,72.75,4503,0,0.8047899578412249,1
3597-MVHJT,Month-to-month,Bank transfer (automatic),Fiber optic,95.6,2026,0,0.8045803972584294,1
8949-JTMAY,Month-to-month,Credit card (automatic),Fiber optic,98.6,5144,1,0.8045772978892032,1
9801-GDWGV,Month-to-month,Electronic check,Fiber optic,103.45,4811,1,0.8045639878123108,1
2079-FBMZK,Month-to-month,Mailed check,Fiber optic,69.25,5816,1,0.8045332205719369,1
7595-EUIVN,Month-to-month,Electronic check,Fiber optic,75.8,3940,1,0.8044947730016901,1
5480-TBGPH,Month-to-month,Credit card (automatic),Fiber optic,99.3,4811,1,0.8044280949646401,1
7321-PKUYW,Month-to-month,Electronic check,Fiber optic,90.15,5250,1,0.804426883042349,1
0378-TOVMS,Month-to-month,Electronic check,Fiber optic,85.8,5641,1,0.8044114057079298,1
9601-BRXPO,Month-to-month,Bank transfer (automatic),Fiber optic,104.95,3642,1,0.8043562290293697,1
3440-JPSCL,Month-to-month,Mailed check,Fiber optic,99.95,3722,1,0.8040377866070285,1
5439-WIKXB,Month-to-month,Electronic check,Fiber optic,94.55,4914,0,0.8040269758240304,1
8160-HOWOX,Month-to-month,Electronic check,DSL,66.85,4858,0,0.803968143217168,1
2037-SGXHH,Month-to-month,Electronic check,Fiber optic,94.65,3498,1,0.8038913139381288,1
8676-TRMJS,Month-to-month,Mailed check,Fiber optic,75.0,3190,1,0.8037829430977753,1
3211-AAPKX,Month-to-month,Mailed check,Fiber optic,98.55,3300,0,0.8036029737037824,1
5666-CYCYZ,Month-to-month,Electronic check,Fiber optic,89.55,5352,0,0.8035119764306351,1
2984-MIIZL,Month-to-month,Bank transfer (automatic),Fiber optic,74.8,5882,1,0.8034507007087128,1
0875-CABNR,Month-to-month,Credit card (automatic),Fiber optic,84.6,3320,1,0.8033889377041178,1
2187-PKZAY,Month-to-month,Bank transfer (automatic),Fiber optic,79.95,2968,0,0.8033134247361918,1
4236-UJPWO,Month-to-month,Electronic check,DSL,24.5,5786,0,0.8032620827743647,1
7270-BDIOA,Month-to-month,Electronic check,Fiber optic,90.0,4739,1,0.8032168290179614,1
5669-SRAIP,Month-to-month,Electronic check,DSL,39.5,2863,1,0.8031110009155965,1
3536-IQCTX,Month-to-month,Electronic check,Fiber optic,85.3,2712,1,0.8030647787254583,1
3640-PHQXK,Month-to-month,Electronic check,Fiber optic,89.9,2031,1,0.8025675288142172,1
5569-OUICF,Month-to-month,Credit card (automatic),Fiber optic,101.3,4994,1,0.8025197450397215,1
2800-VEQXM,Month-to-month,Mailed check,Fiber optic,74.75,3319,0,0.8022299475302922,1
2860-RANUS,Month-to-month,Credit card (automatic),Fiber optic,85.8,3336,1,0.802217175865891,1
6646-VRFOL,Month-to-month,Electronic check,Fiber optic,103.85,5860,1,0.8020863548452122,1
1100-DDVRV,Month-to-month,Mailed check,DSL,49.8,5575,0,0.8020780786193559,1
9050-IKDZA,Month-to-month,Mailed check,Fiber optic,81.5,4267,0,0.802053878616924,1
9050-QLROH,Month-to-month,Credit card (automatic),Fiber optic,90.7,2931,1,0.8019275980765268,1
1658-TJVOA,Month-to-month,Electronic check,Fiber optic,74.1,4716,0,0.8017957978262451,1
9894-EZEWG,Month-to-month,Credit card (automatic),Fiber optic,74.3,5996,1,0.8015878154597839,1
9432-VOFYX,Month-to-month,Electronic check,Fiber optic,70.8,5420,0,0.8015704181200278,1
6086-ESGRL,Month-to-month,Credit card (automatic),Fiber optic,80.15,3947,1,0.8014996112570745,1
4367-NHWMM,Month-to-month,Mailed check,DSL,24.9,5318,0,0.8013956874512125,1
9898-KZQDZ,Month-to-month,Credit card (automatic),Fiber optic,94.55,5676,1,0.8013423434103536,1
8695-ARGXZ,Month-to-month,Electronic check,Fiber optic,75.55,5381,0,0.8013050986935472,1
1746-TGTWV,Month-to-month,Credit card (automatic),Fiber optic,75.35,3514,0,0.80117630261753,1
0354-WYROK,Month-to-month,Electronic check,Fiber optic,98.9,4050,1,0.80112205617243,1
6704-UTUKK,Month-to-month,Electronic check,DSL,45.9,5074,0,0.8010719103179399,1
1194-HVAIF,Month-to-month,Credit card (automatic),Fiber optic,95.0,4235,0,0.8007686966830997,1
5922-ABDVO,Month-to-month,Mailed check,Fiber optic,89.65,3046,1,0.8003797683461407,1
0682-USIXD,Month-to-month,Electronic check,Fiber optic,86.05,2937,0,0.8003796767084267,1
6298-QDFNH,Month-to-month,Electronic check,Fiber optic,79.35,4718,1,0.8003607389638425,1
5453-AXEPF,Month-to-month,Bank transfer (automatic),Fiber optic,80.5,3591,0,0.8002288094857382,1
5482-PLVPE,Month-to-month,Electronic check,DSL,24.35,3278,1,0.8001074278546297,1
3070-DVEYC,Month-to-month,Mailed check,Fiber optic,73.75,5638,1,0.8000982551499577,1
5899-OUVKV,Month-to-month,Electronic check,Fiber optic,94.5,3949,0,0.7999955164046846,1
7426-RHZGU,Month-to-month,Bank transfer (automatic),Fiber optic,95.9,5017,0,0.7999010361252961,1
0637-UBJRP,Month-to-month,Electronic check,Fiber optic,84.05,4745,1,0.7998855370203615,1
3063-QFSZL,Month-to-month,Electronic check,DSL,55.4,2294,1,0.7997591833830606,1
5909-ECHUI,Month-to-month,Electronic check,DSL,56.25,3065,1,0.7996660994123607,1
1496-GGSUK,Month-to-month,Mailed check,DSL,25.7,4095,1,0.799600935470344,1
1583-IHQZE,Month-to-month,Mailed check,Fiber optic,112.95,3965,1,0.799576424701994,1
2373-NTKOD,Month-to-month,Electronic check,DSL,66.25,3026,0,0.7994253284622194,1
4505-EXZHB,Month-to-month,Electronic check,Fiber optic,74.4,3964,1,0.7993813229631154,1
1894-IGFSG,Month-to-month,Electronic check,Fiber optic,89.25,3161,1,0.799292467544475,1
4484-GLZOU,Month-to-month,Electronic check,Fiber optic,105.05,4839,1,0.7992532151722612,1
9355-NPPFS,Month-to-month,Electronic check,Fiber optic,78.8,4509,0,0.7992341499249515,1
6032-IGALN,Month-to-month,Mailed check,DSL,25.1,4769,1,0.7990799953146692,1
0529-ONKER,Month-to-month,Electronic check,Fiber optic,75.65,2099,1,0.7989269157959932,1
0637-YLETY,Month-to-month,Credit card (automatic),Fiber optic,95.6,5915,1,0.7987366374028457,1
0661-XEYAN,Month-to-month,Mailed check,DSL,25.8,3884,1,0.7986384837697363,1
5692-ICXLW,Month-to-month,Electronic check,Fiber optic,90.7,3493,0,0.7984182664405526,1
5857-TYBCJ,Month-to-month,Electronic check,Fiber optic,89.2,2925,0,0.7983575596709181,1
2608-BHKFN,Month-to-month,Credit card (automatic),Fiber optic,70.05,3600,1,0.7979424165038951,1
7534-BFESC,Month-to-month,Electronic check,Fiber optic,76.1,2018,1,0.7977589622549337,1
0337-CNPZE,Month-to-month,Electronic check,Fiber optic,106.3,5383,1,0.7976583187939355,1
3744-ZRRDZ,Month-to-month,Electronic check,Fiber optic,82.35,2902,1,0.7975931802243155,1
1723-HKXJQ,Month-to-month,Electronic check,Fiber optic,101.75,5545,1,0.7975031932885076,1
7278-CKDNC,Month-to-month,Electronic check,Fiber optic,80.5,4422,0,0.7970866057556905,1
2362-IBOOY,Month-to-month,Electronic check,Fiber optic,84.75,5272,1,0.7969527476450489,1
4659-NZRUF,Month-to-month,Electronic check,Fiber optic,95.15,5830,1,0.7969290304896676,1
5899-MQZZL,Month-to-month,Mailed check,Fiber optic,75.0,2189,1,0.7968479486574832,1
9136-ALYBR,Month-to-month,Mailed check,DSL,24.45,2121,1,0.7967962226570204,1
9190-MFJLN,Month-to-month,Credit card (automatic),Fiber optic,95.9,2851,1,0.7967924190223707,1
9851-QXEEQ,Month-to-month,Electronic check,Fiber optic,104.7,3316,1,0.7967658288550516,1
5908-QMGOE,Month-to-month,Credit card (automatic),Fiber optic,74.2,4553,1,0.796685572015143,1
4183-MYFRB,Month-to-month,Electronic check,Fiber optic,90.05,5982,0,0.7966427706151429,1
5183-SNMJQ,Month-to-month,Credit card (automatic),Fiber optic,95.1,5787,0,0.7965223867089019,1
4013-UBXWQ,Month-to-month,Electronic check,DSL,74.65,4612,1,0.796092933062574,1
5606-AMZBO,Month-to-month,Credit card (automatic),Fiber optic,78.15,3403,0,0.7959768091229008,1
3703-KBKZP,Month-to-month,Bank transfer (automatic),Fiber optic,74.45,5111,0,0.7959715179580363,1
9658-WYUFB,Month-to-month,Electronic check,Fiber optic,94.4,2825,1,0.7958906683519007,1
9947-OTFQU,Month-to-month,Electronic check,Fiber optic,74.4,4616,1,0.7957732842020826,1
8784-CGILN,Month-to-month,Bank transfer (automatic),Fiber optic,99.85,3068,1,0.7957478225452114,1
3315-TOTBP,Month-to-month,Mailed check,Fiber optic,76.0,4938,1,0.7955777740609129,1
4547-LYTDD,Month-to-month,Electronic check,Fiber optic,72.65,2850,1,0.7955584709327874,1
7718-RXDGG,Month-to-month,Bank transfer (automatic),Fiber optic,68.6,3351,0,0.7952665194597777,1
7537-RBWEA,Month-to-month,Mailed check,DSL,25.15,3513,0,0.7949383904745286,1
0376-YMCJC,Month-to-month,Electronic check,Fiber optic,90.6,4359,1,0.7948463866589572,1
1902-XBTFB,Month-to-month,Electronic check,Fiber optic,89.4,5438,1,0.7944672754087725,1
7571-YXDAD,Month-to-month,Credit card (automatic),Fiber optic,74.9,2078,1,0.7944620387209428,1
3884-HCSWG,Month-to-month,Electronic check,Fiber optic,70.0,4390,1,0.7944111787644514,1
2080-CAZNM,Month-to-month,Electronic check,Fiber optic,104.4,4477,0,0.7943087151266596,1
0772-GYEQQ,Month-to-month,Mailed check,Fiber optic,88.35,5202,1,0.7943076135610999,1
6175-IRFIT,Month-to-month,Mailed check,Fiber optic,78.75,2610,0,0.7939477467912852,1
0946-CLJTI,Month-to-month,Electronic check,Fiber optic,98.7,4662,1,0.7939195341118316,1
8990-ZXLSU,Month-to-month,Electronic check,Fiber optic,69.05,5121,0,0.7938350458877719,1
5896-NPFWW,Month-to-month,Electronic check,DSL,50.15,3273,1,0.7936422368649094,1
9885-AIBVB,Month-to-month,Electronic check,Fiber optic,85.8,2568,0,0.7935745358840947,1
0958-YHXGP,Month-to-month,Mailed check,Fiber optic,69.9,4562,0,0.7935422300681974,1
5364-EVNIB,Month-to-month,Electronic check,Fiber optic,79.8,5067,1,0.7935004145222802,1
9961-JBNMK,Month-to-month,Bank transfer (automatic),Fiber optic,96.8,4317,1,0.7934410802109843,1
6352-TWCAU,Month-to-month,Electronic check,Fiber optic,86.45,5874,1,0.7931102015439758,1
8849-AYPTR,Month-to-month,Electronic check,Fiber optic,91.25,3296,0,0.7930548383894002,1
9821-POOTN,Month-to-month,Electronic check,Fiber optic,75.2,4639,1,0.7929044423849676,1
4587-NUKOX,Month-to-month,Electronic check,Fiber optic,79.1,5339,1,0.7927109666583182,1
9600-NAXZN,Month-to-month,Electronic check,Fiber optic,101.4,3370,1,0.7925507135874027,1
2592-SEIFQ,Month-to-month,Electronic check,DSL,24.75,3503,1,0.7923269959672652,1
8999-BOHSE,Month-to-month,Bank transfer (automatic),Fiber optic,89.7,2202,1,0.792129136389409,1
6680-WKXRZ,Month-to-month,Bank transfer (automatic),Fiber optic,74.4,2054,1,0.7921115098685421,1
4484-CGXFK,Month-to-month,Electronic check,DSL,55.3,3190,1,0.7920472581302833,1
2868-SNELZ,Month-to-month,Mailed check,Fiber optic,80.6,2683,1,0.7920018271304581,1
4391-RESHN,Month-to-month,Mailed check,Fiber optic,104.05,5963,1,0.7919503728878017,1
2956-GGUCQ,Month-to-month,Electronic check,Fiber optic,78.85,3079,1,0.79186458012006,1
6719-OXYBR,Month-to-month,Electronic check,Fiber optic,85.3,5559,0,0.7916074091231274,1
2311-QYMUQ,Month-to-month,Credit card (automatic),Fiber optic,89.45,3696,1,0.7914799501088924,1
5480-HPRRX,Month-to-month,Electronic check,DSL,25.3,3542,1,0.7914264336073517,1
5605-IYGFG,Month-to-month,Bank transfer (automatic),Fiber optic,69.85,5501,0,0.7912942821008961,1
8914-RBTSB,Month-to-month,Electronic check,Fiber optic,93.8,4115,1,0.7909805530889551,1
7978-DKUQH,Month-to-month,Electronic check,Fiber optic,74.6,4591,0,0.7908466772722184,1
4581-LNWUM,Month-to-month,Electronic check,DSL,49.15,3000,0,0.7906850685280241,1
0578-SKVMF,Month-to-month,Electronic check,Fiber optic,83.3,3804,1,0.7902933377904735,1
4547-KQRTM,Month-to-month,Bank transfer (automatic),Fiber optic,80.05,3740,1,0.790189071298806,1
0940-OUQEC,Month-to-month,Bank transfer (automatic),Fiber optic,80.7,3492,1,0.7901657723643766,1
3916-NRPAP,Month-to-month,Credit card (automatic),Fiber optic,85.7,5806,0,0.790056957675698,1
0988-JRWWP,Month-to-month,Electronic check,DSL,54.2,3167,0,0.7898148956309595,1
9206-GVPEQ,Month-to-month,Electronic check,DSL,54.45,5212,1,0.7897026124893892,1
5543-QDCRY,Month-to-month,Electronic check,DSL,56.4,5344,0,0.7896616688750467,1
9365-SRSZE,Month-to-month,Electronic check,Fiber optic,70.55,2534,0,0.7896194723792839,1
3588-WSTTJ,Month-to-month,Electronic check,Fiber optic,99.05,3484,0,0.7893452138611062,1
8645-KWHJO,Month-to-month,Electronic check,DSL,55.0,4900,0,0.7893039176736965,1
9167-APMXZ,Month-to-month,Bank transfer (automatic),Fiber optic,84.15,3549,0,0.7891373654394944,1
6994-KERXL,Month-to-month,Electronic check,DSL,55.9,3545,0,0.7890873269832657,1
5981-ITEMU,Month-to-month,Bank transfer (automatic),Fiber optic,97.1,3099,1,0.7890802537920804,1
3771-PZOBW,Month-to-month,Credit card (automatic),Fiber optic,90.7,2927,0,0.7889891774195587,1
6103-BOCOU,Month-to-month,Electronic check,Fiber optic,80.7,4501,0,0.7887579110950933,1
5482-VXSXJ,Month-to-month,Mailed check,Fiber optic,93.2,4093,0,0.7887056495069199,1
4816-LXZYW,Month-to-month,Electronic check,Fiber optic,79.15,5216,1,0.788579423900024,1
1769-GRUIK,Month-to-month,Electronic check,Fiber optic,71.1,4911,0,0.788332216103096,1
6260-ONULR,Month-to-month,Mailed check,DSL,62.8,2438,0,0.7882804400233203,1
5655-JSMZM,Month-to-month,Electronic check,Fiber optic,96.2,5904,1,0.7881633382156068,1
5022-KVDQT,Month-to-month,Electronic check,Fiber optic,81.3,5158,0,0.7880972353697943,1
0362-ZBZWJ,Month-to-month,Electronic check,Fiber optic,84.9,2455,1,0.7879883790172951,1
5960-MVTUK,Month-to-month,Electronic check,DSL,29.75,3425,0,0.7876190444253707,1
4137-BTIKL,Month-to-month,Mailed check,Fiber optic,90.75,4766,0,0.7871463944920257,1
0506-LVNGN,Month-to-month,Credit card (automatic),Fiber optic,75.55,4028,1,0.7868624448204272,1
9743-DQKQW,Month-to-month,Electronic check,DSL,25.1,2013,0,0.7868306397116083,1
9638-JIQYA,Month-to-month,Credit card (automatic),DSL,24.9,4033,0,0.7866568926645495,1
3671-SHRSP,Month-to-month,Mailed check,Fiber optic,80.6,3080,1,0.7860563889973913,1
5959-BELXA,Month-to-month,Credit card (automatic),Fiber optic,96.15,2246,1,0.7858329823384812,1
9540-JYROE,Month-to-month,Mailed check,Fiber optic,70.1,2899,1,0.7856446645329301,1
0320-JDNQG,Month-to-month,Electronic check,Fiber optic,99.85,3425,1,0.7855727944555422,1
7952-OBOYL,Month-to-month,Mailed check,Fiber optic,89.85,4096,0,0.7854196658590484,1
3518-PZXZQ,Month-to-month,Mailed check,DSL,55.3,2849,0,0.7853344139064862,1
2359-KMGLI,Month-to-month,Electronic check,Fiber optic,80.25,4418,1,0.7852978622306415,1
9058-MJLZC,Month-to-month,Electronic check,Fiber optic,94.6,3667,0,0.7852116576959628,1
1092-GANHU,Month-to-month,Electronic check,Fiber optic,76.65,3182,1,0.7851284579933423,1
9574-RKJIF,Month-to-month,Electronic check,Fiber optic,94.4,2792,1,0.7849441936775375,1
4128-ETESU,Month-to-month,Electronic check,Fiber optic,99.7,4787,0,0.7848862213441715,1
0428-IKYCP,Month-to-month,Bank transfer (automatic),Fiber optic,87.0,5233,0,0.7848672042154502,1
4184-TJFAN,Month-to-month,Mailed check,Fiber optic,88.3,4486,1,0.7847538945061234,1
4030-VPZBD,Month-to-month,Electronic check,DSL,30.9,2860,1,0.7845870446059011,1
1236-WFCDV,Month-to-month,Credit card (automatic),Fiber optic,90.45,4777,1,0.7842628693860133,1
0620-DLSLK,Month-to-month,Mailed check,Fiber optic,81.9,2054,0,0.7842226900631261,1
1212-GLHMD,Month-to-month,Mailed check,Fiber optic,86.05,2500,0,0.7841351612499942,1
6243-OZGFH,Month-to-month,Electronic check,DSL,44.95,3248,0,0.7841143630995637,1
2322-VCZHZ,Month-to-month,Electronic check,Fiber optic,90.0,4999,0,0.7840230948910352,1
6365-MTGZX,Month-to-month,Electronic check,Fiber optic,96.0,3068,1,0.7839267686790271,1
3755-JBMNH,Month-to-month,Bank transfer (automatic),Fiber optic,71.8,3327,1,0.7838653012244343,1
9921-QFQUL,Month-to-month,Mailed check,Fiber optic,90.15,5110,0,0.7835480432805281,1
8778-LMWTJ,Month-to-month,Electronic check,Fiber optic,74.85,5770,0,0.7834773636185649,1
3196-NVXLZ,Month-to-month,Mailed check,Fiber optic,84.6,4874,0,0.7833928558956924,1
2203-GHNWN,Month-to-month,Mailed check,Fiber optic,79.65,3816,0,0.7833847164614888,1
9625-QSTYE,Month-to-month,Electronic check,Fiber optic,81.15,4806,1,0.7833713164110674,1
9796-BPKIW,Month-to-month,Credit card (automatic),Fiber optic,69.95,2939,0,0.7832880228279617,1
2603-HVKCG,Month-to-month,Electronic check,Fiber optic,101.4,2025,0,0.7832647862160631,1
8630-FJLIB,Month-to-month,Electronic check,Fiber optic,69.8,2421,0,0.7832575034313647,1
8818-XYFCQ,Month-to-month,Credit card (automatic),Fiber optic,99.55,5026,1,0.7832464681990119,1
5144-TVGLP,Month-to-month,Electronic check,Fiber optic,94.75,3654,0,0.7832326746602158,1
2424-WVHPL,Month-to-month,Electronic check,Fiber optic,74.7,4182,0,0.783173716746243,1
6559-PDZLR,Month-to-month,Electronic check,Fiber optic,98.65,4191,0,0.7829583064646422,1
5498-TXHLF,Month-to-month,Electronic check,Fiber optic,87.45,3358,1,0.7827408059722883,1
5747-PMBSQ,Month-to-month,Mailed check,Fiber optic,92.5,2415,1,0.7823899751753947,1
6778-YSNIH,Month-to-month,Electronic check,DSL,59.0,5810,0,0.782387844068793,1
4817-QRJSX,Month-to-month,Credit card (automatic),Fiber optic,81.0,2946,1,0.7823417551477703,1
4690-PKDQG,Month-to-month,Electronic check,Fiber optic,95.55,4121,0,0.7823356726830306,1
0650-BWOZN,Month-to-month,Electronic check,Fiber optic,73.55,5313,0,0.7823146028259863,1
7739-LAXOG,Month-to-month,Bank transfer (automatic),Fiber optic,91.05,3590,1,0.7822499960895718,1
2696-NARTR,Month-to-month,Electronic check,Fiber optic,73.85,3634,1,0.7819307710186896,1
8212-CRQXP,Month-to-month,Credit card (automatic),Fiber optic,80.0,2640,0,0.7818920890929874,1
2697-NQBPF,Month-to-month,Electronic check,Fiber optic,105.35,5503,0,0.7817910213421205,1
6959-UWKHF,Month-to-month,Electronic check,DSL,42.9,4895,1,0.7817345996429785,1
9430-FRQOC,Month-to-month,Mailed check,Fiber optic,87.1,5587,1,0.7816674573207644,1
3751-KTZEL,Month-to-month,Mailed check,DSL,35.05,3706,1,0.7814890690749763,1
8993-PHFWD,Month-to-month,Electronic check,DSL,25.25,2088,1,0.781479079984751,1
5533-NHFRF,Month-to-month,Electronic check,DSL,44.4,3410,0,0.7814088643024445,1
5599-HVLTW,Month-to-month,Bank transfer (automatic),Fiber optic,80.35,3276,0,0.7812625052806846,1
8429-XIBUM,Month-to-month,Bank transfer (automatic),Fiber optic,101.35,4694,1,0.7810951929535334,1
2582-FFFZR,Month-to-month,Electronic check,DSL,50.6,2854,0,0.7810006606472941,1
0952-KMEEH,Month-to-month,Mailed check,Fiber optic,98.15,5525,1,0.7809843492927446,1
3211-ILJTT,Month-to-month,Bank transfer (automatic),Fiber optic,70.4,4469,1,0.7808733122894829,1
7089-IVVAZ,Month-to-month,Bank transfer (automatic),Fiber optic,103.35,2363,1,0.7808013573476646,1
4480-QQRHC,Month-to-month,Bank transfer (automatic),Fiber optic,74.05,4899,0,0.7807237520089245,1
8687-BAFGU,Month-to-month,Electronic check,Fiber optic,74.0,4148,0,0.7805631968605795,1
6652-YFFJO,Month-to-month,Electronic check,DSL,64.9,2775,0,0.7803899898192204,1
1965-DDBWU,Month-to-month,Credit card (automatic),Fiber optic,89.05,5953,1,0.7799636929745041,1
3186-BAXNB,Month-to-month,Electronic check,Fiber optic,91.7,4319,1,0.7799345344513663,1
2675-DHUTR,Month-to-month,Electronic check,Fiber optic,98.9,4993,0,0.7799062847315767,1
9492-TOKRI,Month-to-month,Credit card (automatic),Fiber optic,90.0,2708,1,0.7798975572225549,1
8276-MQBYC,Month-to-month,Electronic check,Fiber optic,97.8,6204,1,0.779863613136754,1
5167-GBFRE,Month-to-month,Bank transfer (automatic),DSL,25.2,4694,1,0.7798465970196744,1
7480-QNVZJ,Month-to-month,Electronic check,Fiber optic,95.7,4287,1,0.7797120951432176,1
3312-ZWLGF,Month-to-month,Electronic check,Fiber optic,79.3,3172,0,0.7795306445385779,1
3703-VAVCL,Month-to-month,Credit card (automatic),Fiber optic,90.0,3902,1,0.7794092555022337,1
9552-TGUZV,Month-to-month,Mailed check,Fiber optic,75.0,5413,0,0.7792139256177579,1
9093-FPDLG,Month-to-month,Electronic check,Fiber optic,94.2,2405,0,0.7790736596932462,1
3627-FCRDW,Month-to-month,Electronic check,Fiber optic,71.0,2236,1,0.7789420199418646,1
2344-JMOGN,Month-to-month,Mailed check,Fiber optic,94.85,3016,1,0.7788688780718447,1
7786-WBJYI,Month-to-month,Bank transfer (automatic),Fiber optic,77.95,5365,1,0.7786498135740143,1
3754-DXMRT,Month-to-month,Electronic check,DSL,44.15,5655,1,0.7785188364484686,1
8818-DOPVL,Month-to-month,Electronic check,Fiber optic,104.45,4103,0,0.7783396565231464,1
0778-NELLA,Month-to-month,Credit card (automatic),DSL,34.7,5352,1,0.7783378262969077,1
1304-BCCFO,Month-to-month,Mailed check,DSL,70.05,4900,0,0.778232392309114,1
4373-VVHQL,Month-to-month,Electronic check,DSL,44.75,5479,0,0.777826558802216,1
5760-FXFVO,Month-to-month,Electronic check,Fiber optic,78.95,4093,0,0.7778238799468506,1
8565-CLBZW,Month-to-month,Mailed check,Fiber optic,89.85,2050,1,0.7778092468678921,1
5016-IBERQ,Month-to-month,Electronic check,Fiber optic,84.25,2781,0,0.7775806881009126,1
4369-HTUIF,Month-to-month,Bank transfer (automatic),Fiber optic,85.15,5831,1,0.7774480921160648,1
0376-OIWME,Month-to-month,Electronic check,Fiber optic,93.6,2701,0,0.7772293827552568,1
4855-SNKMY,Month-to-month,Electronic check,DSL,44.1,5955,1,0.7770563745118915,1
5307-DZCVC,Month-to-month,Credit card (automatic),Fiber optic,85.95,2431,1,0.7767520975474468,1
7517-SAWMO,Month-to-month,Electronic check,Fiber optic,73.2,4718,1,0.7766641439502134,1
1307-ATKGB,Month-to-month,Electronic check,Fiber optic,89.55,2007,0,0.776645641811393,1
0581-MDMPW,Month-to-month,Credit card (automatic),Fiber optic,88.95,5557,0,0.7765439048258541,1
7895-VONWT,Month-to-month,Electronic check,DSL,48.25,4284,0,0.7764595877206311,1
2919-HBCJO,Month-to-month,Bank transfer (automatic),Fiber optic,76.65,4580,1,0.7764172990068386,1
9129-UXERG,Month-to-month,Credit card (automatic),Fiber optic,103.6,2094,0,0.7763808174806615,1
3336-JORSO,Month-to-month,Electronic check,Fiber optic,110.45,3401,1,0.7763483730473318,1
3956-MGXOG,Month-to-month,Electronic check,Fiber optic,80.6,2951,0,0.7761874710513441,1
4803-AXVYP,Month-to-month,Electronic check,Fiber optic,99.55,3474,1,0.7761006173108153,1
9048-JVYVF,Month-to-month,Electronic check,DSL,69.35,3520,1,0.7760940788321988,1
6542-LWGXJ,Month-to-month,Mailed check,DSL,25.0,2730,0,0.7760491816646543,1
2719-BDAQO,Month-to-month,Electronic check,Fiber optic,93.85,4940,1,0.7759053652174172,1
6311-UEUME,Month-to-month,Electronic check,Fiber optic,78.9,3249,1,0.7756861523982781,1
0093-EXYQL,Month-to-month,Electronic check,Fiber optic,91.55,5742,0,0.7754464088290285,1
7993-PYKOF,Month-to-month,Electronic check,Fiber optic,75.0,2587,1,0.7754238619502062,1
4398-HSCJH,Month-to-month,Electronic check,DSL,63.6,3155,1,0.7753986233620331,1
5828-AVIPD,One year,Electronic check,Fiber optic,100.95,4072,1,0.7753042613001202,1
2309-OSFEU,Month-to-month,Mailed check,DSL,33.9,2529,1,0.7750126111213055,1
0114-PEGZZ,Month-to-month,Electronic check,Fiber optic,107.55,4800,0,0.7749013880001294,1
8128-YVJRG,Month-to-month,Mailed check,Fiber optic,79.65,4513,1,0.7747309351156875,1
0895-DQHEW,Month-to-month,Electronic check,Fiber optic,104.3,4019,1,0.774608844256284,1
9529-OFXHY,Month-to-month,Bank transfer (automatic),Fiber optic,87.75,5415,0,0.7744777070621723,1
7410-YTJIK,Month-to-month,Mailed check,Fiber optic,75.45,2872,1,0.7744481399358663,1
4546-FOKWR,Month-to-month,Credit card (automatic),Fiber optic,74.75,3574,0,0.7743971248596836,1
1319-YLZJG,Month-to-month,Electronic check,Fiber optic,84.6,2499,0,0.7743858184028397,1
5108-ADXWO,Month-to-month,Electronic check,Fiber optic,73.5,4509,1,0.7743822101373461,1
5373-SFODM,Month-to-month,Credit card (automatic),Fiber optic,85.25,3041,1,0.7743542283851258,1
0876-WDUUZ,Month-to-month,Credit card (automatic),Fiber optic,85.4,3716,1,0.7743514448369622,1
0311-UNPFF,Month-to-month,Bank transfer (automatic),Fiber optic,88.8,4910,1,0.7743382321257172,1
4154-AQUGT,Month-to-month,Bank transfer (automatic),Fiber optic,89.05,3861,1,0.7741266788032302,1
1399-UBQIU,Month-to-month,Electronic check,DSL,69.35,2288,0,0.7739071144621515,1
0511-JTEOY,Month-to-month,Mailed check,Fiber optic,71.1,5824,1,0.7738814341828717,1
1391-UBDAR,Month-to-month,Electronic check,Fiber optic,72.9,3042,0,0.7738485045944461,1
5884-GCYMI,Month-to-month,Mailed check,Fiber optic,69.4,2847,1,0.7736714910880578,1
2501-XWWTZ,Month-to-month,Electronic check,Fiber optic,70.2,2535,0,0.7734478027372966,1
4816-JBHOV,Month-to-month,Electronic check,DSL,44.7,4618,1,0.7732251913507762,1
4360-PNRQB,Month-to-month,Bank transfer (automatic),Fiber optic,75.6,4030,0,0.7725023061204047,1
4257-GAESD,Month-to-month,Credit card (automatic),DSL,45.0,2270,0,0.7723527961567742,1
6599-RCLCJ,Month-to-month,Electronic check,Fiber optic,109.55,5863,1,0.7722498768207259,1
0817-HSUSE,Month-to-month,Electronic check,DSL,75.5,2954,0,0.771974856308916,1
8155-IBNHG,Month-to-month,Credit card (automatic),Fiber optic,75.4,2325,1,0.7719307672045767,1
1373-ORVIZ,Month-to-month,Electronic check,DSL,66.35,2860,1,0.7718991544475752,1
5868-CZJDR,Month-to-month,Mailed check,DSL,31.35,3605,1,0.7718397914458413,1
6599-SFQVE,Month-to-month,Electronic check,DSL,55.0,2629,0,0.7715733354783865,1
5940-AHUHD,Month-to-month,Mailed check,Fiber optic,70.6,3338,1,0.7714649597078678,1
6240-EURKS,Month-to-month,Electronic check,DSL,35.0,2649,1,0.7714628872662362,1
0439-IFYUN,Month-to-month,Electronic check,Fiber optic,74.7,3896,0,0.7713622299478134,1
9518-XXBXE,Month-to-month,Electronic check,Fiber optic,75.3,4254,0,0.771290845199462,1
7979-CORPM,Month-to-month,Credit card (automatic),Fiber optic,90.55,5927,1,0.7709993165261155,1
8938-UMKPI,Month-to-month,Electronic check,Fiber optic,106.4,4804,1,0.7709215445055078,1
0082-OQIQY,Month-to-month,Electronic check,Fiber optic,94.2,4561,0,0.7707845529978442,1
0151-ONTOV,Month-to-month,Mailed check,Fiber optic,70.9,4739,1,0.7707841746126582,1
5650-VDUDS,Month-to-month,Mailed check,DSL,24.25,2038,1,0.7707405119949918,1
9851-KIELU,Month-to-month,Electronic check,Fiber optic,110.1,5803,1,0.770585144565344,1
1580-BMCMR,Month-to-month,Electronic check,Fiber optic,87.3,4447,0,0.7704641713243836,1
7855-DIWPO,Month-to-month,Electronic check,Fiber optic,68.65,2006,0,0.7704004170007485,1
3002-WQZWT,Month-to-month,Electronic check,Fiber optic,74.2,3982,0,0.7703840333166093,1
3955-JBZZM,Month-to-month,Electronic check,Fiber optic,78.8,2317,0,0.7702358814098259,1
8642-GVWRF,Month-to-month,Bank transfer (automatic),Fiber optic,79.7,3039,1,0.7701571200349299,1
2507-QZPQS,Month-to-month,Electronic check,Fiber optic,95.7,4999,0,0.7700591055623915,1
2657-ALMWY,Month-to-month,Electronic check,Fiber optic,84.95,4316,1,0.7700480069465487,1
6522-YRBXD,Month-to-month,Electronic check,Fiber optic,94.55,2631,0,0.7699400212142155,1
3914-FDRHP,Month-to-month,Electronic check,Fiber optic,86.25,4754,0,0.7698879314607382,1
2916-BQZLN,Month-to-month,Electronic check,Fiber optic,84.75,5157,0,0.7698647255628009,1
5385-SUIRI,Month-to-month,Electronic check,Fiber optic,104.2,5648,1,0.7697882190381989,1
4902-OHLSK,Month-to-month,Electronic check,Fiber optic,98.65,4235,1,0.7697685103318183,1
1384-RCUXW,Month-to-month,Mailed check,Fiber optic,80.55,5183,0,0.7696044567288233,1
3757-NJYBX,Month-to-month,Bank transfer (automatic),Fiber optic,106.35,4113,1,0.7693747804035455,1
2832-KJCRD,Month-to-month,Electronic check,Fiber optic,103.65,2511,0,0.7693158832999502,1
4818-QIUFN,Month-to-month,Electronic check,Fiber optic,79.15,4997,1,0.7692619052414436,1
0096-BXERS,Month-to-month,Electronic check,DSL,50.35,3442,0,0.7692218750192058,1
3737-GCSPV,Month-to-month,Credit card (automatic),Fiber optic,96.2,3101,1,0.7692194448726367,1
9722-UJOJR,Month-to-month,Electronic check,Fiber optic,70.75,2663,1,0.7691398975326887,1
2468-SJFLM,Month-to-month,Mailed check,Fiber optic,74.3,3063,0,0.7690760048966331,1
0212-ISBBF,Month-to-month,Electronic check,DSL,50.35,2875,0,0.7689677952932353,1
6834-NXDCA,Month-to-month,Electronic check,DSL,23.9,2967,1,0.7688836029108566,1
0519-XUZJU,Month-to-month,Mailed check,Fiber optic,70.75,3963,1,0.7685736814723956,1
0599-XNYDO,Month-to-month,Bank transfer (automatic),Fiber optic,69.8,5456,0,0.7684671342535538,1
4110-PFEUZ,Month-to-month,Mailed check,Fiber optic,69.55,2792,1,0.7684311969216769,1
7126-RBHSD,Month-to-month,Electronic check,Fiber optic,78.9,2362,0,0.7682529114807051,1
4501-EQDRN,Month-to-month,Bank transfer (automatic),Fiber optic,69.7,4620,1,0.7677575572794236,1
6128-CZOMY,Month-to-month,Electronic check,DSL,45.65,4689,1,0.7676416587103244,1
5649-ANRML,Month-to-month,Credit card (automatic),Fiber optic,95.1,4486,1,0.7675246138268199,1
7011-CVEUC,Month-to-month,Credit card (automatic),Fiber optic,95.7,4535,0,0.7675224412792312,1
7395-IGJOS,Month-to-month,Bank transfer (automatic),Fiber optic,81.5,3443,1,0.7674190386919295,1
0224-RLWWD,Month-to-month,Electronic check,DSL,44.3,3805,0,0.7669841703734296,1
3269-ATYWD,Month-to-month,Bank transfer (automatic),Fiber optic,95.65,4892,1,0.7667961023786789,1
6212-ATMLK,Month-to-month,Electronic check,Fiber optic,95.7,4164,0,0.7666723323573718,1
2082-CEFLT,Month-to-month,Electronic check,DSL,45.6,3037,1,0.7666234855833457,1
1730-ZMAME,Month-to-month,Electronic check,Fiber optic,79.5,3041,0,0.7665911009810764,1
8705-WZCYL,Month-to-month,Electronic check,DSL,44.8,2269,0,0.766572476399008,1
8837-VVWLQ,Month-to-month,Electronic check,Fiber optic,84.95,4437,1,0.7663596158301421,1
7587-RZNME,Month-to-month,Electronic check,DSL,43.3,4849,1,0.7663237775262973,1
1084-UQCHV,Month-to-month,Bank transfer (automatic),Fiber optic,69.75,2901,1,0.7661729132023349,1
3866-MDTUB,Month-to-month,Electronic check,DSL,70.75,3257,1,0.7660345355515717,1
2519-FAKOD,Month-to-month,Bank transfer (automatic),Fiber optic,99.25,5274,1,0.7659518925046572,1
1101-SSWAG,Month-to-month,Electronic check,DSL,51.1,4858,0,0.7657269573799267,1
1565-RHDJD,Month-to-month,Bank transfer (automatic),Fiber optic,84.05,5552,1,0.7656123668386939,1
6166-ILMNY,Month-to-month,Bank transfer (automatic),Fiber optic,69.75,5667,1,0.7654513021939938,1
5226-NOZFC,Month-to-month,Electronic check,Fiber optic,85.75,3178,0,0.765408312396745,1
7077-XJMET,Month-to-month,Electronic check,DSL,74.15,5426,0,0.7650616640666629,1
7852-LECYP,Month-to-month,Credit card (automatic),Fiber optic,93.8,5870,0,0.7649906420038127,1
2135-RXIHG,Month-to-month,Electronic check,DSL,45.65,2600,1,0.7649176656317767,1
2187-LZGPL,Month-to-month,Credit card (automatic),DSL,40.1,4414,1,0.7648852552010994,1
5950-AAAGJ,Month-to-month,Bank transfer (automatic),Fiber optic,84.3,4612,0,0.7646958424931389,1
1597-LHYNC,Month-to-month,Electronic check,Fiber optic,95.0,4232,1,0.7645484661116011,1
5590-YRFJT,Month-to-month,Electronic check,DSL,24.45,3298,1,0.7642804043424053,1
5647-FXOTP,Month-to-month,Electronic check,Fiber optic,105.9,5084,0,0.7641929884871034,1
0818-OCPZO,Month-to-month,Electronic check,Fiber optic,81.45,2571,1,0.7641851096294854,1
8040-MNRTF,Month-to-month,Mailed check,Fiber optic,71.1,3029,0,0.7641286577349983,1
1976-CFOCS,Month-to-month,Electronic check,DSL,46.0,4531,1,0.7637361335262602,1
5914-DVBWJ,Month-to-month,Electronic check,Fiber optic,85.45,5145,1,0.763605446576802,1
5028-GZLDO,Month-to-month,Credit card (automatic),Fiber optic,70.7,5317,1,0.7636021854743275,1
2739-CACDQ,Month-to-month,Credit card (automatic),Fiber optic,82.65,3754,0,0.763350907146924,1
7586-ZATGZ,Month-to-month,Electronic check,Fiber optic,84.9,2904,0,0.7632068461077636,1
6402-ZFPPI,Month-to-month,Mailed check,Fiber optic,102.8,4969,1,0.7627048442108678,1
4013-TLDHQ,Month-to-month,Electronic check,Fiber optic,78.25,3666,1,0.7626180932088695,1
2091-RFFBA,Month-to-month,Electronic check,Fiber optic,73.9,2560,1,0.7625160134737095,1
8785-CJSHH,Month-to-month,Electronic check,Fiber optic,99.8,6213,0,0.7623444322081904,1
6519-CFDBX,Month-to-month,Electronic check,DSL,45.4,4964,0,0.7620895290412788,1
2523-EWWZL,Month-to-month,Electronic check,Fiber optic,76.1,3291,0,0.7618659343132986,1
1271-SJBGZ,Month-to-month,Electronic check,DSL,43.65,2437,1,0.7616316464523459,1
3717-OEAUQ,Month-to-month,Mailed check,Fiber optic,70.7,2388,0,0.761347164829838,1
5204-QZXPU,Month-to-month,Electronic check,DSL,39.65,2933,1,0.7612593005312339,1
7503-QQRVF,Month-to-month,Credit card (automatic),Fiber optic,74.3,2076,1,0.7612291445345698,1
8189-XRIKE,Month-to-month,Electronic check,Fiber optic,90.95,5936,0,0.7610497778898634,1
6331-LWDTQ,Month-to-month,Credit card (automatic),DSL,72.15,2457,1,0.7610123825360422,1
8584-KMVXD,Month-to-month,Electronic check,Fiber optic,75.6,2934,0,0.7608345264176454,1
9927-DSWDF,Month-to-month,Electronic check,Fiber optic,104.6,2429,0,0.7608186518773814,1
8456-QDAVC,Month-to-month,Bank transfer (automatic),Fiber optic,78.7,2464,0,0.7605711130443883,1
8640-SDGKB,Month-to-month,Electronic check,DSL,74.4,3633,1,0.7605651321654595,1
4607-CHPCA,One year,Electronic check,Fiber optic,90.4,5801,1,0.7605144110492563,1
5759-RCVCB,Month-to-month,Credit card (automatic),DSL,35.2,5450,1,0.7604813859019927,1
9490-DFPMD,Month-to-month,Electronic check,Fiber optic,84.65,4871,1,0.7604589877512186,1
5077-DXTCG,Month-to-month,Electronic check,DSL,45.3,2293,1,0.7603223471497457,1
2962-XPMCQ,Month-to-month,Electronic check,DSL,45.15,2699,1,0.7602266718522704,1
1436-ZMJAN,Month-to-month,Credit card (automatic),DSL,67.8,2709,0,0.759790681498452,1
9747-DDZOS,Month-to-month,Bank transfer (automatic),Fiber optic,73.5,4378,1,0.7597003972833957,1
6235-VDHOM,Month-to-month,Electronic check,DSL,28.45,4099,1,0.7596556314388907,1
0708-LGSMF,Month-to-month,Electronic check,DSL,65.85,2731,0,0.7595805128437096,1
1173-NOEYG,Month-to-month,Bank transfer (automatic),Fiber optic,90.15,5750,0,0.759306089920571,1
2675-OTVVJ,Month-to-month,Electronic check,Fiber optic,89.45,5597,0,0.758724131332241,1
5019-GQVCR,Month-to-month,Electronic check,Fiber optic,84.85,4556,0,0.7585672220365528,1
9274-UARKJ,Month-to-month,Bank transfer (automatic),Fiber optic,83.2,4096,0,0.7585533602612164,1
6557-BZXLQ,Month-to-month,Electronic check,Fiber optic,69.65,5610,0,0.7584433102139329,1
9026-LHEVG,Month-to-month,Electronic check,DSL,40.75,2973,0,0.7581997550652015,1
6390-DSAZX,Month-to-month,Mailed check,Fiber optic,73.6,2565,1,0.7579810487810791,1
5889-JTMUL,Month-to-month,Electronic check,Fiber optic,95.05,5863,1,0.7575555785651696,1
2722-JMONI,Month-to-month,Electronic check,DSL,49.55,4989,1,0.7573398919116634,1
0869-PAPRP,Month-to-month,Credit card (automatic),Fiber optic,85.7,3935,0,0.7570238488393177,1
2189-WWOEW,Month-to-month,Bank transfer (automatic),Fiber optic,85.9,3579,1,0.7568661765418822,1
4503-BDXBD,Month-to-month,Electronic check,Fiber optic,74.95,4251,1,0.7568286847309776,1
4553-DVPZG,Month-to-month,Electronic check,Fiber optic,101.35,5049,0,0.7566576153043931,1
0963-ZBDRN,Month-to-month,Electronic check,Fiber optic,96.2,3606,1,0.7565512572387681,1
2800-QQUSO,Month-to-month,Electronic check,Fiber optic,100.3,3286,0,0.7565500569020769,1
5630-IXDXV,Month-to-month,Electronic check,Fiber optic,106.35,3723,0,0.7565348074700156,1
7851-FLGGQ,Month-to-month,Mailed check,DSL,44.65,3704,1,0.7565295993584739,1
8878-HMWBV,Month-to-month,Electronic check,DSL,49.15,5598,1,0.7563887892915476,1
5419-KLXBN,Month-to-month,Bank transfer (automatic),Fiber optic,89.15,5853,1,0.7563139173665879,1
6217-TOWGS,Month-to-month,Bank transfer (automatic),DSL,75.4,4852,0,0.7562085007464093,1
4238-JSSWH,Month-to-month,Bank transfer (automatic),Fiber optic,102.05,3199,0,0.7559574349855795,1
5130-IEKQT,Month-to-month,Mailed check,Fiber optic,105.95,4283,1,0.7556086265790953,1
6583-QGCSI,Month-to-month,Electronic check,Fiber optic,88.05,5813,1,0.7554330552540393,1
0221-WMXNQ,Month-to-month,Electronic check,Fiber optic,75.35,4033,0,0.7553379741706825,1
6377-WHAOX,Month-to-month,Electronic check,Fiber optic,106.15,4115,0,0.7552167472764388,1
8543-MSDMF,Month-to-month,Electronic check,DSL,77.4,5528,0,0.7552104145540978,1
4512-ZUIYL,Month-to-month,Bank transfer (automatic),Fiber optic,70.0,2928,1,0.7551232432307,1
8490-BXHEO,Month-to-month,Credit card (automatic),Fiber optic,80.55,5137,0,0.7545374282071222,1
0310-MVLET,Month-to-month,Electronic check,Fiber optic,99.15,5612,1,0.75447723307899,1
4062-HBMOS,Month-to-month,Electronic check,Fiber optic,103.05,5432,0,0.7544491500964567,1
7508-SMHXL,Month-to-month,Credit card (automatic),Fiber optic,89.0,4452,0,0.7543062726141987,1
2386-LAHRK,Month-to-month,Mailed check,DSL,53.5,5094,1,0.7542936545692805,1
3348-CFRNX,Month-to-month,Mailed check,Fiber optic,92.35,2990,1,0.7540991280324688,1
3853-LYGAM,Month-to-month,Bank transfer (automatic),Fiber optic,95.65,3139,0,0.7539891896023598,1
4718-DHSMV,Month-to-month,Mailed check,DSL,35.8,2534,0,0.7538223736769172,1
3165-HDOEW,Month-to-month,Mailed check,DSL,45.85,3706,1,0.7538209937662922,1
3082-VQXNH,Month-to-month,Credit card (automatic),DSL,29.8,5614,0,0.7533142473408834,1
1624-WOIWJ,Month-to-month,Mailed check,Fiber optic,84.7,5686,1,0.7532514455363513,1
3481-JHUZH,Month-to-month,Electronic check,Fiber optic,80.25,5757,0,0.7528522924159842,1
1833-TCXKK,Month-to-month,Bank transfer (automatic),Fiber optic,107.75,3301,0,0.7527944850582216,1
2474-BRUCM,Month-to-month,Electronic check,Fiber optic,101.85,2837,1,0.7526631769471664,1
3096-IZETN,Month-to-month,Bank transfer (automatic),Fiber optic,78.1,4741,1,0.7524775859846152,1
6608-QQLVK,Month-to-month,Electronic check,DSL,50.5,2077,1,0.7521717733071507,1
6078-VESFR,Month-to-month,Bank transfer (automatic),Fiber optic,70.45,5225,0,0.7521260684930691,1
4349-GFQHK,Month-to-month,Electronic check,DSL,54.35,4212,1,0.7518923200162579,1
9643-YBLUR,Month-to-month,Credit card (automatic),DSL,69.05,2907,0,0.7517765589112393,1
2971-SGAFL,Month-to-month,Electronic check,DSL,78.75,5631,0,0.7516013606927116,1
1589-AGTLK,Month-to-month,Electronic check,DSL,45.35,2450,1,0.7513779088027436,1
4446-BZKHU,Month-to-month,Electronic check,Fiber optic,105.55,5011,1,0.7512224756956615,1
5122-CYFXA,Month-to-month,Electronic check,DSL,75.3,5387,0,0.7511278977792993,1
8563-OYMQY,Month-to-month,Credit card (automatic),Fiber optic,90.95,5687,0,0.7510416253026927,1
1343-EHPYB,Month-to-month,Electronic check,Fiber optic,103.4,4352,1,0.7510138728297473,1
7233-DRTRF,Month-to-month,Electronic check,Fiber optic,102.4,5096,0,0.7509105135004983,1
4749-VFKVB,Month-to-month,Mailed check,DSL,50.1,4778,1,0.75087098996994,1
7562-UXTPG,Month-to-month,Mailed check,Fiber optic,70.15,2992,0,0.7508261694506421,1
4248-QPAVC,Month-to-month,Bank transfer (automatic),Fiber optic,85.35,3209,1,0.7504289234061614,1
3966-HRMZA,Month-to-month,Mailed check,Fiber optic,75.05,3545,0,0.7504096252818515,1
8486-AYEQH,Month-to-month,Electronic check,Fiber optic,76.05,2421,0,0.7499285359511259,1
3439-GVUSX,Month-to-month,Mailed check,DSL,24.4,4570,0,0.7497018760028475,1
8519-QJGJD,Month-to-month,Electronic check,Fiber optic,75.35,4995,1,0.7494441194093928,1
1035-IPQPU,Month-to-month,Electronic check,Fiber optic,103.5,5187,0,0.7491287595905947,1
6629-CZTTH,Month-to-month,Mailed check,DSL,55.7,4629,1,0.7490502739602329,1
7901-TBKJX,Month-to-month,Electronic check,Fiber optic,101.05,5514,0,0.7489843679116771,1
2823-LKABH,Month-to-month,Bank transfer (automatic),Fiber optic,95.05,4524,0,0.7488581353062849,1
5916-QEWPT,Month-to-month,Credit card (automatic),DSL,69.0,2798,0,0.7488563877817196,1
9907-SWKKF,Month-to-month,Mailed check,DSL,25.05,4842,1,0.7487770630594273,1
3665-JATSN,Month-to-month,Electronic check,DSL,39.7,4034,0,0.748699963945493,1
4317-VTEOA,Month-to-month,Electronic check,DSL,50.75,5355,1,0.7484659705229649,1
5035-BVCXS,Month-to-month,Mailed check,Fiber optic,75.9,4278,0,0.7483794078356334,1
1670-SVOWZ,Month-to-month,Credit card (automatic),Fiber optic,89.65,2504,1,0.748318054418346,1
3096-JRDSO,Month-to-month,Bank transfer (automatic),Fiber optic,104.3,3444,1,0.7483112850743069,1
7442-YGZFK,Month-to-month,Credit card (automatic),DSL,49.8,4796,0,0.7479022141027278,1
5222-IMUKT,Month-to-month,Electronic check,Fiber optic,91.05,2716,0,0.7476113275382139,1
0570-BFQHT,Month-to-month,Electronic check,Fiber optic,80.55,3581,0,0.747342172593441,1
8685-WHQPW,Month-to-month,Bank transfer (automatic),Fiber optic,74.4,2407,1,0.7473153770023321,1
4566-QVRRW,Month-to-month,Electronic check,DSL,44.05,3200,1,0.7470514896668283,1
5536-RTPWK,Month-to-month,Bank transfer (automatic),Fiber optic,99.05,5157,1,0.746937349352464,1
9895-VFOXH,Month-to-month,Mailed check,DSL,24.4,5092,0,0.746767930403748,1
5389-FFVKB,Month-to-month,Credit card (automatic),Fiber optic,80.3,5365,1,0.7466036784706014,1
8819-IMISP,Month-to-month,Electronic check,Fiber optic,80.45,4684,0,0.7464824004369109,1
5650-YLIBA,Month-to-month,Electronic check,Fiber optic,81.15,3031,0,0.7463881367015419,1
7783-YKGDV,Month-to-month,Bank transfer (automatic),Fiber optic,99.7,2538,1,0.7456261229248181,1
2831-EBWRN,Month-to-month,Electronic check,DSL,45.9,3200,0,0.7454238497998004,1
3088-LHEFH,Month-to-month,Bank transfer (automatic),Fiber optic,79.0,3885,0,0.7452449786864462,1
7562-GSUHK,Month-to-month,Credit card (automatic),Fiber optic,93.2,5497,1,0.7451238427459811,1
6158-HDPXZ,Month-to-month,Mailed check,DSL,25.35,4193,0,0.7449843434122245,1
9752-ZNQUT,Month-to-month,Electronic check,DSL,48.6,3704,0,0.7449704465878725,1
8718-PTMEZ,Month-to-month,Electronic check,DSL,31.05,5131,1,0.7448761262142242,1
1264-BYWMS,Month-to-month,Electronic check,Fiber optic,96.8,4089,1,0.7444317500171805,1
7901-HXJVA,Month-to-month,Electronic check,Fiber optic,76.45,2292,0,0.7440863252031028,1
3806-DXQOM,Month-to-month,Electronic check,DSL,33.65,2563,1,0.7440632191657235,1
1260-TTRXI,Month-to-month,Electronic check,DSL,54.3,5834,1,0.7439754405651967,1
7030-NJVDP,Month-to-month,Electronic check,Fiber optic,89.25,5436,0,0.7439486749907518,1
4625-EWPTF,Month-to-month,Electronic check,DSL,30.45,4549,1,0.7438440299786689,1
6339-DKLMK,Month-to-month,Electronic check,DSL,31.65,4959,0,0.743828369621862,1
2070-XYMFH,Month-to-month,Mailed check,Fiber optic,79.35,3558,0,0.7433746410261394,1
7658-UYUQS,Month-to-month,Bank transfer (automatic),Fiber optic,86.55,5318,0,0.7433445658731755,1
7567-ECMCM,Month-to-month,Credit card (automatic),Fiber optic,79.85,5128,0,0.7433023345793448,1
6366-ZGQGL,Month-to-month,Bank transfer (automatic),DSL,24.8,5087,1,0.7432366827331572,1
2347-WKKAE,Month-to-month,Electronic check,Fiber optic,94.4,2662,0,0.7431475234219408,1
0577-WHMEV,Month-to-month,Electronic check,Fiber optic,90.7,4839,0,0.7429889358951495,1
5143-EGQFK,Month-to-month,Electronic check,DSL,29.65,5702,1,0.7429036565038506,1
6692-YQHXC,Month-to-month,Credit card (automatic),Fiber optic,69.95,5596,0,0.7424487818976755,1
9053-EJUNL,Month-to-month,Electronic check,Fiber optic,89.2,3259,0,0.7423468020184388,1
7048-GXDAY,Month-to-month,Electronic check,Fiber optic,106.4,4111,0,0.7416439192980432,1
6481-ESCNL,Month-to-month,Bank transfer (automatic),Fiber optic,100.55,4847,0,0.7414333540166792,1
2683-BPJSO,Month-to-month,Electronic check,Fiber optic,84.45,2651,1,0.7411549522901425,1
3352-ALMCK,Month-to-month,Mailed check,Fiber optic,102.65,3655,0,0.7410689312417932,1
2974-GGUXS,Month-to-month,Credit card (automatic),Fiber optic,91.95,3273,0,0.7410390146979471,1
4959-JOSRX,Month-to-month,Credit card (automatic),DSL,44.6,4884,1,0.7410014206995985,1
2495-KZNFB,Month-to-month,Electronic check,Fiber optic,90.65,4460,0,0.7409362389153976,1
7207-RMRDB,Month-to-month,Electronic check,Fiber optic,105.5,5720,1,0.7408484072467358,1
2141-RRYGO,Month-to-month,Bank transfer (automatic),DSL,68.65,5274,1,0.7399659852935097,1
4074-SJFFA,Month-to-month,Mailed check,DSL,54.75,2614,1,0.7399514071800232,1
6284-AHOOQ,Month-to-month,Bank transfer (automatic),Fiber optic,90.5,5014,1,0.7396103145598145,1
0402-CQAJN,Month-to-month,Bank transfer (automatic),Fiber optic,101.9,4437,1,0.7395523173650945,1
2884-GBPFB,Month-to-month,Electronic check,Fiber optic,70.3,5413,1,0.7395006092084769,1
4818-DRBQT,Month-to-month,Bank transfer (automatic),Fiber optic,80.15,5189,1,0.7392013812073042,1
7351-KYHQH,Month-to-month,Electronic check,DSL,64.95,4615,0,0.739101572469289,1
3768-NLUBH,Month-to-month,Electronic check,Fiber optic,100.6,5247,1,0.7389573045472927,1
4929-BSTRX,Month-to-month,Mailed check,DSL,53.55,2326,1,0.7389485128649327,1
2694-CIUMO,Month-to-month,Credit card (automatic),Fiber optic,79.55,3445,0,0.7389153068400568,1
9090-SGQXL,Month-to-month,Electronic check,Fiber optic,105.3,6284,1,0.7388746437055943,1
2692-BUCFV,Month-to-month,Bank transfer (automatic),Fiber optic,101.45,5285,0,0.7381868819438071,1
6961-VCPMC,Month-to-month,Electronic check,Fiber optic,80.4,4876,1,0.7377949760455909,1
9278-VZKCD,Month-to-month,Electronic check,Fiber optic,109.1,4428,0,0.7375813440604246,1
1396-QWFBJ,Month-to-month,Bank transfer (automatic),Fiber optic,74.05,5630,1,0.7371740537043422,1
8696-JKZNU,Month-to-month,Electronic check,Fiber optic,76.25,5859,1,0.736835188627112,1
8260-NGFNY,Month-to-month,Mailed check,DSL,25.2,3196,1,0.7367990298607034,1
5626-MGTUK,Month-to-month,Bank transfer (automatic),Fiber optic,89.1,3027,0,0.7367547612020243,1
0224-HJAPT,Month-to-month,Electronic check,DSL,47.15,2857,1,0.7366295946390184,1
4911-BANWH,Month-to-month,Credit card (automatic),Fiber optic,86.55,4198,1,0.736383190377503,1
9661-ACXBS,Month-to-month,Electronic check,Fiber optic,105.2,2317,1,0.736294754938749,1
5153-RTHKF,Month-to-month,Electronic check,Fiber optic,85.35,3818,0,0.7361011438394908,1
1689-MRZQR,Month-to-month,Electronic check,Fiber optic,78.3,2777,1,0.7358900268307804,1
8993-IZEUX,Month-to-month,Bank transfer (automatic),Fiber optic,69.15,4320,0,0.7358204841908592,1
2209-XADXF,Month-to-month,Bank transfer (automatic),DSL,25.25,4831,0,0.7356876693513542,1
8019-ENHXU,Month-to-month,Electronic check,Fiber optic,99.45,4624,1,0.7354384346288192,1
3804-RVTGV,Month-to-month,Bank transfer (automatic),Fiber optic,103.85,5812,1,0.7354202774773453,1
9445-SZLCH,Month-to-month,Bank transfer (automatic),Fiber optic,97.35,4544,1,0.7353929532566676,1
5572-ZDXHY,Month-to-month,Mailed check,Fiber optic,84.3,5313,1,0.735380269784681,1
1013-QCWAM,Month-to-month,Electronic check,Fiber optic,100.8,5469,0,0.7348265563850297,1
1910-FMXJM,Month-to-month,Electronic check,Fiber optic,80.4,5544,0,0.7346460477629672,1
2951-QOQTK,Month-to-month,Credit card (automatic),Fiber optic,80.8,5436,1,0.7345653681729366,1
2637-FKFSY,Month-to-month,Mailed check,DSL,46.1,4047,0,0.7342508807637215,1
1482-OXZSY,Month-to-month,Bank transfer (automatic),Fiber optic,100.4,3778,0,0.7341927740463597,1
3334-CTHOL,Month-to-month,Bank transfer (automatic),DSL,49.95,2041,1,0.7340658317612179,1
3055-MJDSB,Month-to-month,Mailed check,DSL,24.6,2323,0,0.7340026639324446,1
9777-WJJPR,Month-to-month,Credit card (automatic),Fiber optic,88.65,4821,0,0.7337287171390663,1
1777-JYQPJ,Month-to-month,Mailed check,DSL,24.3,2515,0,0.733614328989918,1
6034-YMTOB,Month-to-month,Mailed check,Fiber optic,75.65,2296,0,0.733476568393738,1
6907-FLBER,Month-to-month,Electronic check,DSL,54.3,3259,0,0.7332899925978024,1
9944-AEXBM,Month-to-month,Bank transfer (automatic),Fiber optic,85.65,2383,0,0.7332375566066055,1
7339-POGZN,Month-to-month,Electronic check,DSL,50.7,4288,0,0.7332176062383063,1
9168-INPSZ,Month-to-month,Electronic check,Fiber optic,104.15,2944,0,0.7327557427687181,1
5331-RGMTT,Month-to-month,Credit card (automatic),Fiber optic,99.05,4011,0,0.7326617538365461,1
1608-GMEWB,Month-to-month,Bank transfer (automatic),Fiber optic,93.9,3960,0,0.7326149247603212,1
2378-VTKDH,Month-to-month,Electronic check,Fiber optic,104.35,4073,0,0.732272724894473,1
1941-HOSAM,Month-to-month,Electronic check,Fiber optic,90.1,4142,0,0.732067729244722,1
9450-TRJUU,Month-to-month,Electronic check,Fiber optic,83.15,2332,0,0.732015003931399,1
6464-KEXXH,Month-to-month,Credit card (automatic),DSL,25.25,2372,0,0.7318346074527864,1
2277-DJJDL,Month-to-month,Electronic check,Fiber optic,99.0,4763,0,0.7317343301707211,1
2606-RMDHZ,Month-to-month,Credit card (automatic),DSL,30.5,4667,1,0.7317204158788291,1
1346-UFHAX,Month-to-month,Credit card (automatic),Fiber optic,80.0,5577,0,0.7313887919286529,1
5998-VVEJY,Month-to-month,Electronic check,Fiber optic,80.5,2729,1,0.7313631855846447,1
3677-TNKIO,Month-to-month,Credit card (automatic),Fiber optic,71.0,3228,1,0.7313629297918653,1
5281-BUZGT,Month-to-month,Electronic check,Fiber optic,90.85,5692,1,0.7309698978525199,1
7181-OQCUT,Month-to-month,Mailed check,Fiber optic,103.85,4520,0,0.7305650134837002,1
2232-DMLXU,Month-to-month,Mailed check,DSL,55.2,3638,1,0.7302664673093989,1
7404-JLKQG,Month-to-month,Electronic check,DSL,57.55,4099,0,0.7302547279596676,1
4351-QLCSU,Month-to-month,Credit card (automatic),DSL,55.0,3809,1,0.7301281417210733,1
9398-MMQTO,Month-to-month,Credit card (automatic),Fiber optic,74.45,3956,0,0.7300990249650398,1
9620-ENEJV,Month-to-month,Credit card (automatic),Fiber optic,70.55,4059,0,0.7297573038829429,1
7460-ITWWP,Month-to-month,Electronic check,Fiber optic,86.1,2701,0,0.7296438724097838,1
0410-IPFTY,Month-to-month,Bank transfer (automatic),Fiber optic,83.85,4283,0,0.7291195707289809,1
3995-WFCSM,Month-to-month,Electronic check,DSL,60.85,3796,0,0.7286451291615246,1
2640-PMGFL,Month-to-month,Electronic check,Fiber optic,79.5,2518,1,0.7285347350632637,1
7279-BUYWN,Month-to-month,Electronic check,Fiber optic,113.2,3380,1,0.7283833026941231,1
0666-UXTJO,Month-to-month,Credit card (automatic),Fiber optic,85.2,5393,0,0.7280121456194969,1
9699-UBQFS,Month-to-month,Electronic check,Fiber optic,94.5,4745,0,0.7278484228507465,1
6693-FRIRW,Month-to-month,Credit card (automatic),Fiber optic,101.3,5948,0,0.7277136419728117,1
1550-EENBN,Month-to-month,Electronic check,Fiber optic,104.35,5320,0,0.7275516474628466,1
0927-LCSMG,Month-to-month,Mailed check,Fiber optic,74.65,3331,1,0.72735313585498,1
7599-FKVXZ,Month-to-month,Bank transfer (automatic),Fiber optic,106.15,2265,1,0.7272684290553113,1
3540-RZJYU,Month-to-month,Electronic check,Fiber optic,86.2,5829,1,0.7272580392024671,1
8364-TRMMK,Month-to-month,Mailed check,DSL,50.65,2876,1,0.7271513836610645,1
6402-EJMWF,Month-to-month,Mailed check,DSL,55.3,3684,0,0.7263149560007602,1
6635-CPNUN,Month-to-month,Credit card (automatic),Fiber optic,96.6,5530,0,0.7261743823606597,1
8313-KTIHG,Month-to-month,Electronic check,DSL,61.3,5281,0,0.726115112541831,1
7967-HYCDE,Month-to-month,Bank transfer (automatic),Fiber optic,70.7,4946,0,0.7257108122043571,1
8167-GJLRN,Month-to-month,Electronic check,DSL,30.4,3108,0,0.7252593193953426,1
5129-JLPIS,Month-to-month,Electronic check,Fiber optic,105.5,5822,0,0.7251674931148687,1
2782-LFZVW,Month-to-month,Mailed check,DSL,58.95,3880,0,0.7251115073023161,1
0177-PXBAT,Month-to-month,Bank transfer (automatic),Fiber optic,109.9,5655,0,0.7251007666402965,1
5175-WLYXL,Month-to-month,Mailed check,Fiber optic,78.85,2444,0,0.7247429493657457,1
3234-VKACU,Month-to-month,Electronic check,DSL,70.3,4799,0,0.724701178105551,1
4760-THGOT,Month-to-month,Electronic check,Fiber optic,94.1,4392,0,0.7246993892027261,1
4220-TINQT,Month-to-month,Electronic check,Fiber optic,106.35,5632,0,0.7246841073798929,1
5895-QSXOD,Month-to-month,Mailed check,Fiber optic,70.05,3522,0,0.7246788346623539,1
3144-AUDBS,Month-to-month,Electronic check,DSL,49.15,5271,1,0.7245514892042045,1
3791-LGQCY,Month-to-month,Bank transfer (automatic),Fiber optic,100.65,4803,1,0.7241735883281957,1
8012-SOUDQ,Month-to-month,Electronic check,Fiber optic,90.25,2223,0,0.7239505322207613,1
5886-VLQVU,Month-to-month,Bank transfer (automatic),Fiber optic,89.85,4945,0,0.7239039860040765,1
1469-LBJQJ,Month-to-month,Electronic check,Fiber optic,105.2,4016,0,0.72384970592688,1
2122-YWVYA,Month-to-month,Electronic check,Fiber optic,75.4,4792,0,0.7238268124407893,1
1818-ESQMW,Month-to-month,Electronic check,Fiber optic,89.2,4384,0,0.7233591556760565,1
0634-SZPQA,Month-to-month,Bank transfer (automatic),Fiber optic,90.05,4650,1,0.7230766397250382,1
9469-WEJBT,Month-to-month,Electronic check,Fiber optic,90.35,3347,0,0.7230697737858514,1
6537-QLGEX,Month-to-month,Electronic check,DSL,38.9,3300,0,0.7228221591296276,1
5502-RLUYV,Month-to-month,Electronic check,Fiber optic,103.95,4283,1,0.7222349675811351,1
5461-QKNTN,Month-to-month,Electronic check,Fiber optic,94.3,2040,0,0.7222296152498082,1
2038-LLMLM,Month-to-month,Electronic check,Fiber optic,103.85,4304,0,0.7221738704176442,1
3987-KQDDU,Month-to-month,Electronic check,Fiber optic,75.6,4990,0,0.7219523740044236,1
8720-RQSBJ,Month-to-month,Electronic check,DSL,44.0,4320,0,0.7217864954182651,1
1323-OOEPC,Month-to-month,Credit card (automatic),Fiber optic,98.4,6481,1,0.7217577493970139,1
9508-ILZDG,Month-to-month,Electronic check,Fiber optic,96.35,5425,0,0.7216991321153012,1
0786-VSSUD,Month-to-month,Mailed check,DSL,39.0,5692,1,0.7212453712526782,1
3976-BWUCK,Month-to-month,Credit card (automatic),Fiber optic,94.1,5255,1,0.7210053050972057,1
2786-GCDPI,Month-to-month,Electronic check,Fiber optic,104.95,5570,0,0.7209316971815598,1
0133-BMFZO,Month-to-month,Electronic check,Fiber optic,86.25,3529,1,0.7208290349654122,1
0324-BRPCJ,Month-to-month,Electronic check,Fiber optic,100.2,4481,1,0.7207957614880183,1
7401-RUBNK,Month-to-month,Electronic check,Fiber optic,74.8,4809,0,0.7206318554150708,1
5356-CSVSQ,Month-to-month,Electronic check,DSL,64.6,5277,0,0.720626625348352,1
0365-GXEZS,Month-to-month,Electronic check,Fiber optic,78.2,2831,0,0.7204485561147018,1
9269-CQOOL,Month-to-month,Credit card (automatic),DSL,54.7,3335,1,0.7200772790467752,1
4662-EKDPQ,Month-to-month,Bank transfer (automatic),DSL,62.05,5344,1,0.7200063010717915,1
8614-VGMMV,Month-to-month,Electronic check,DSL,49.1,5209,1,0.7197670930932464,1
9272-LSVYH,Month-to-month,Mailed check,Fiber optic,70.15,3963,0,0.7196509629203306,1
4640-UHDOS,Month-to-month,Electronic check,DSL,55.95,4498,1,0.719301378052825,1
2195-ZRVAX,Month-to-month,Electronic check,Fiber optic,85.3,3631,1,0.7192568106941899,1
2604-IJPDU,Month-to-month,Electronic check,Fiber optic,96.55,4382,0,0.7192359651534842,1
8468-EHYJA,Month-to-month,Electronic check,Fiber optic,99.65,5106,0,0.7191392267887924,1
3094-JOJAI,Month-to-month,Mailed check,Fiber optic,74.15,2643,0,0.7189347721059337,1
4570-QHXHL,Month-to-month,Electronic check,DSL,43.75,5644,0,0.7187529484420414,1
0093-XWZFY,Month-to-month,Credit card (automatic),Fiber optic,104.5,2832,1,0.7186945555100022,1
9793-WECQC,Month-to-month,Mailed check,Fiber optic,95.3,5029,0,0.7184791037049414,1
8080-DDEMJ,Month-to-month,Electronic check,DSL,45.1,4499,1,0.718392808804155,1
4706-DGAHW,Month-to-month,Electronic check,DSL,45.2,4576,0,0.7183244994670088,1
4315-MURBD,Month-to-month,Bank transfer (automatic),Fiber optic,98.9,5559,1,0.7180151364075478,1
0430-IHCDJ,Month-to-month,Electronic check,DSL,49.0,2597,0,0.7179980088431004,1
1963-SVUCV,Month-to-month,Electronic check,DSL,45.3,5774,1,0.7171279822163648,1
0397-GZBBC,Month-to-month,Bank transfer (automatic),Fiber optic,93.85,5390,1,0.7170526307922224,1
1855-AGAWH,One year,Electronic check,Fiber optic,93.8,2510,0,0.716876738051913,1
2874-YXVVA,Month-to-month,Electronic check,Fiber optic,105.1,3941,0,0.7167872970086302,1
8676-OOQEJ,Month-to-month,Electronic check,DSL,30.5,3030,0,0.7163739646666277,1
8020-BWHYL,Month-to-month,Credit card (automatic),Fiber optic,75.3,4526,1,0.7163250767506252,1
2085-BOJKI,One year,Bank transfer (automatic),Fiber optic,96.65,5228,0,0.7161324516207043,1
6172-FECYY,Month-to-month,Electronic check,Fiber optic,84.5,4639,1,0.7159895410491345,1
7881-INRLC,Month-to-month,Credit card (automatic),Fiber optic,100.85,4898,1,0.715853937141468,1
6859-RKMZJ,Month-to-month,Bank transfer (automatic),DSL,55.05,2762,0,0.7154434764747128,1
3714-NTNFO,Month-to-month,Electronic check,Fiber optic,84.5,6434,0,0.7153273045379385,1
8988-ECPJR,Month-to-month,Mailed check,Fiber optic,79.6,3980,1,0.715292345406105,1
1251-KRREG,Month-to-month,Mailed check,DSL,54.4,2556,1,0.7152420866668011,1
6988-CJEYV,Month-to-month,Electronic check,Fiber optic,98.7,6148,0,0.7150182247271551,1
2105-PHWON,Month-to-month,Credit card (automatic),Fiber optic,95.0,4639,0,0.7150011198819838,1
4550-VBOFE,Month-to-month,Electronic check,Fiber optic,102.95,5005,1,0.7149978890959777,1
3587-PMCOY,One year,Electronic check,Fiber optic,98.9,4614,0,0.7145990858694705,1
2931-FSOHN,Month-to-month,Electronic check,DSL,59.9,5254,0,0.7141734001407046,1
8887-IPQNC,Month-to-month,Mailed check,DSL,44.25,5014,0,0.7140382982584558,1
0541-FITGH,Month-to-month,Mailed check,DSL,62.15,5766,0,0.7139981975573708,1
2227-JRSJX,Month-to-month,Bank transfer (automatic),Fiber optic,99.15,5324,0,0.7139863476552335,1
3932-CMDTD,One year,Electronic check,Fiber optic,105.65,4663,1,0.7139731700134601,1
9979-RGMZT,One year,Mailed check,Fiber optic,94.05,5545,0,0.7139014344035608,1
6458-CYIDZ,Month-to-month,Electronic check,Fiber optic,80.7,3468,0,0.71386293502786,1
3023-GFLBR,Month-to-month,Credit card (automatic),Fiber optic,86.15,3336,1,0.7136371642699934,1
6661-HBGWL,Month-to-month,Bank transfer (automatic),Fiber optic,104.75,2984,1,0.7135781853394947,1
6180-YBIQI,Month-to-month,Mailed check,DSL,24.3,4015,0,0.7130475406328883,1
1478-VPOAD,Month-to-month,Electronic check,DSL,43.8,4633,0,0.7129529834929412,1
2587-EKXTS,Month-to-month,Electronic check,Fiber optic,111.5,2827,0,0.7126509827979347,1
1612-EOHDH,Month-to-month,Electronic check,DSL,45.15,5828,1,0.7126452690252245,1
9576-SYUHJ,Month-to-month,Electronic check,Fiber optic,91.15,3194,0,0.7125303464557066,1
6127-IYJOZ,Month-to-month,Mailed check,DSL,45.85,5715,0,0.7124946864645595,1
5552-ZNFSJ,Month-to-month,Electronic check,DSL,45.3,4568,1,0.7122971805536723,1
4636-JGAAI,Month-to-month,Mailed check,Fiber optic,88.85,4014,0,0.7121639482492361,1
7421-ZLUPA,Month-to-month,Mailed check,DSL,29.25,2038,0,0.7117215262121682,1
2921-XWDJH,Month-to-month,Electronic check,Fiber optic,83.45,2768,0,0.7116810922504149,1
8272-ONJLV,One year,Electronic check,Fiber optic,95.7,5527,0,0.7114649535953766,1
7129-ACFOG,Month-to-month,Electronic check,DSL,53.8,2182,0,0.7108459294706385,1
7825-GKXMW,Month-to-month,Electronic check,DSL,45.8,5973,1,0.7107619905129524,1
1644-IRKSF,One year,Electronic check,Fiber optic,93.8,5080,1,0.7101466863341668,1
1942-OQFRW,Month-to-month,Electronic check,DSL,44.0,2785,0,0.7100431184042107,1
1518-VOWAV,Month-to-month,Electronic check,DSL,74.65,5900,1,0.7099521754250576,1
8601-QACRS,Month-to-month,Mailed check,DSL,50.6,2353,1,0.7099105831781609,1
9474-PHLYD,Month-to-month,Electronic check,DSL,59.45,5129,1,0.709893613377537,1
7529-ZDFXI,Month-to-month,Electronic check,Fiber optic,89.85,4429,0,0.709736046111382,1
9369-XFEHK,Month-to-month,Bank transfer (automatic),Fiber optic,80.6,3601,1,0.7096021582054327,1
4468-KAZHE,Month-to-month,Electronic check,DSL,60.0,2399,0,0.7095867188791325,1
3943-KDREE,Month-to-month,Bank transfer (automatic),Fiber optic,74.95,2934,1,0.7095585158653728,1
7663-RGWBC,Month-to-month,Mailed check,DSL,44.15,4773,1,0.7094861488334477,1
4958-GZWIY,Month-to-month,Electronic check,DSL,48.7,2984,1,0.7094777147058793,1
6486-LHTMA,One year,Electronic check,Fiber optic,90.7,2364,0,0.7094457699311114,1
6745-JEFZB,Month-to-month,Credit card (automatic),Fiber optic,91.5,3617,0,0.7090106174791944,1
0836-SEYLU,Month-to-month,Mailed check,DSL,40.65,4800,1,0.7089982765678706,1
3374-LXDEV,Month-to-month,Electronic check,Fiber optic,89.4,2226,1,0.708573302736768,1
3716-UVSPD,Month-to-month,Electronic check,DSL,49.3,4209,0,0.7080361883718777,1
4619-EVPHY,One year,Bank transfer (automatic),Fiber optic,91.0,3748,0,0.7080156824222837,1
7410-OIEDU,Month-to-month,Mailed check,Fiber optic,79.85,5983,0,0.7079018342814486,1
4237-RLAQD,Month-to-month,Mailed check,DSL,45.85,5930,1,0.7076843308660644,1
6650-VJONK,Month-to-month,Bank transfer (automatic),DSL,43.85,5913,0,0.7076335199715852,1
3798-EPWRR,Month-to-month,Electronic check,DSL,43.95,4057,0,0.7075597865376159,1
0082-LDZUE,Month-to-month,Mailed check,DSL,44.3,4427,0,0.7075090755074991,1
3323-CPBWR,Month-to-month,Credit card (automatic),Fiber optic,96.9,3875,0,0.7073969134653249,1
9286-DOJGF,Month-to-month,Bank transfer (automatic),Fiber optic,74.95,5165,1,0.7072680447680072,1
5404-GGUKR,Month-to-month,Electronic check,DSL,51.35,2893,0,0.7072427090340319,1
6317-YPKDH,Month-to-month,Bank transfer (automatic),DSL,29.95,4534,1,0.7071810463505284,1
3961-SXAXY,Month-to-month,Bank transfer (automatic),DSL,44.05,5925,0,0.7069161489484294,1
7641-EUYET,Month-to-month,Electronic check,Fiber optic,100.7,5712,1,0.706705994988923,1
1728-BQDMA,Month-to-month,Electronic check,DSL,44.45,5694,0,0.7064616752274572,1
7359-PTSXY,Month-to-month,Electronic check,DSL,45.75,3531,1,0.7063802416964016,1
1230-QAJDW,Month-to-month,Mailed check,DSL,65.25,2562,0,0.7061016181425254,1
6185-TASNN,Month-to-month,Electronic check,DSL,46.3,2546,0,0.7059783827267768,1
6625-UTXEW,Month-to-month,Electronic check,DSL,51.25,3097,0,0.7059754045746897,1
6135-OZQVA,Month-to-month,Electronic check,DSL,53.65,4389,0,0.705654036166163,1
6710-HSJRD,Month-to-month,Electronic check,Fiber optic,114.1,5239,0,0.7053511461386374,1
4566-GOLUK,Month-to-month,Bank transfer (automatic),Fiber optic,107.35,3620,1,0.7051224990315852,1
5099-BAILX,Month-to-month,Bank transfer (automatic),Fiber optic,110.75,2728,1,0.7049801750079376,1
5173-WXOQV,Month-to-month,Mailed check,DSL,64.2,4369,0,0.7049678189690566,1
0916-QOFDP,Month-to-month,Electronic check,Fiber optic,95.8,3471,0,0.7049117973446986,1
4116-TZAQJ,Month-to-month,Credit card (automatic),Fiber optic,74.25,5393,1,0.704813705058067,1
7798-JVXYM,Month-to-month,Electronic check,DSL,69.65,5351,0,0.7047314974046673,1
2894-QOJRX,Month-to-month,Bank transfer (automatic),DSL,34.0,5024,1,0.7045641990747843,1
3733-LSYCE,Month-to-month,Bank transfer (automatic),Fiber optic,75.35,4891,0,0.7044915362248102,1
5609-IMCGG,Month-to-month,Credit card (automatic),Fiber optic,84.35,3314,0,0.7042296748977458,1
3005-TYFRD,Month-to-month,Credit card (automatic),Fiber optic,103.65,4768,0,0.7041451425575986,1
2178-PMGCJ,Month-to-month,Mailed check,Fiber optic,69.7,4838,0,0.7038966219147992,1
0504-HHAPI,Month-to-month,Credit card (automatic),Fiber optic,88.3,2420,1,0.7038882757213667,1
9940-HPQPG,Month-to-month,Bank transfer (automatic),Fiber optic,91.75,4176,1,0.7037885862035937,1
9526-JAWYF,Month-to-month,Electronic check,Fiber optic,89.8,3452,1,0.7035794230961562,1
8158-WPEZG,Month-to-month,Electronic check,DSL,35.65,4986,0,0.7034685939646509,1
6595-COKXZ,Month-to-month,Mailed check,DSL,44.45,4879,1,0.7034104359048741,1
4465-VDKIQ,Month-to-month,Electronic check,Fiber optic,77.8,4228,0,0.7031997056554938,1
3005-NFMTA,Month-to-month,Electronic check,Fiber optic,98.8,5543,1,0.7031154852545521,1
4558-FANTW,Month-to-month,Electronic check,Fiber optic,91.85,5643,1,0.7026269431222544,1
9763-PDTKK,Month-to-month,Bank transfer (automatic),Fiber optic,94.4,4249,1,0.7025556590179706,1
4671-LXRDQ,Month-to-month,Mailed check,DSL,45.0,5704,1,0.7022301703869812,1
1536-HBSWP,Month-to-month,Electronic check,DSL,49.9,4667,0,0.7022282342820836,1
3737-XBQDD,Month-to-month,Bank transfer (automatic),Fiber optic,84.85,2941,0,0.7021870702874254,1
9214-EKVXR,Month-to-month,Mailed check,DSL,44.0,4138,0,0.7021088828596922,1
9381-NDKME,Month-to-month,Credit card (automatic),DSL,40.65,3843,1,0.701864245045497,1
3058-WQDRE,Month-to-month,Bank transfer (automatic),DSL,25.15,4943,0,0.701737411868133,1
7547-EKNFS,Month-to-month,Bank transfer (automatic),Fiber optic,95.25,2075,1,0.7015754636630109,1
0975-VOOVL,Month-to-month,Mailed check,DSL,29.2,4699,0,0.7013184130991307,1
7129-CAKJW,Month-to-month,Bank transfer (automatic),Fiber optic,80.05,3443,0,0.7009448837953771,1
0621-TWIEM,Month-to-month,Electronic check,DSL,45.55,4097,1,0.7007541627235755,1
7774-OJSXI,One year,Electronic check,Fiber optic,103.45,5387,1,0.7006429906575012,1
3014-WJKSM,Month-to-month,Credit card (automatic),Fiber optic,75.3,4910,0,0.7004521302755945,1
7752-XUSCI,Month-to-month,Electronic check,Fiber optic,105.9,4105,1,0.7004276737607161,1
8950-MTZNV,Month-to-month,Mailed check,DSL,44.95,3256,0,0.7002071665703483,1
2573-GYRUU,Month-to-month,Credit card (automatic),Fiber optic,91.05,3594,0,0.7001365643864814,1
2037-XJFUP,One year,Electronic check,Fiber optic,95.8,4161,1,0.7000911392824933,1
2275-RBYQS,Month-to-month,Mailed check,DSL,45.4,4916,0,0.6998828225008156,1
2476-YGEFM,Month-to-month,Credit card (automatic),Fiber optic,76.0,5324,0,0.6996333088991897,1
0322-CHQRU,Month-to-month,Electronic check,DSL,45.35,3478,1,0.6995509741008812,1
2372-HWUHI,Month-to-month,Electronic check,DSL,44.35,2570,1,0.6993659057201685,1
7758-XKCBS,Month-to-month,Electronic check,DSL,29.7,5518,1,0.6992461846923269,1
4526-ZJJTM,Month-to-month,Bank transfer (automatic),Fiber optic,88.4,4849,0,0.6992290809200067,1
9281-OFDMF,Month-to-month,Electronic check,Fiber optic,90.7,5028,0,0.6991414907781596,1
2873-ZLIWT,Month-to-month,Electronic check,Fiber optic,84.85,5764,1,0.6991189905291965,1
4523-WXCEF,Month-to-month,Electronic check,Fiber optic,101.1,4160,1,0.6989981396095146,1
3137-LUPIX,Month-to-month,Mailed check,DSL,64.4,3334,0,0.698987127817586,1
9117-SHLZX,Month-to-month,Mailed check,DSL,45.7,3571,1,0.6985905897747774,1
3926-CUQZX,Month-to-month,Bank transfer (automatic),DSL,45.1,4884,1,0.6985860108311541,1
9626-WEQRM,Month-to-month,Mailed check,DSL,29.15,2657,0,0.6982743322875996,1
1320-REHCS,Month-to-month,Electronic check,Fiber optic,110.75,4993,0,0.6982319857273719,1
9637-EIHEQ,Month-to-month,Electronic check,DSL,50.8,4535,1,0.6981881577958224,1
1310-QRITU,Month-to-month,Electronic check,DSL,50.3,5877,0,0.6981202132761216,1
5515-AKOAJ,Month-to-month,Electronic check,Fiber optic,100.1,5763,1,0.6981120128440452,1
9732-EQMWY,Month-to-month,Electronic check,Fiber optic,99.4,4725,0,0.6980647384522796,1
5649-RXQTV,Month-to-month,Electronic check,Fiber optic,99.0,5787,0,0.6980234195855529,1
7020-OZKXZ,Month-to-month,Credit card (automatic),Fiber optic,75.5,3021,0,0.6976830661930081,1
3566-HJGPK,Month-to-month,Mailed check,DSL,45.55,3173,0,0.697527571395458,1
3969-GYXEL,Month-to-month,Electronic check,Fiber optic,76.4,4033,0,0.6974889426780132,1
6128-AQBMT,Month-to-month,Electronic check,DSL,53.95,3920,0,0.6974142015103146,1
5696-QURRL,Month-to-month,Mailed check,DSL,45.05,2644,1,0.6972868249259022,1
7377-DMMRI,Month-to-month,Electronic check,DSL,47.8,4134,1,0.6972819670005724,1
8710-YGLWG,Month-to-month,Mailed check,DSL,44.9,2451,0,0.6970723079934769,1
8180-AKMJV,Month-to-month,Credit card (automatic),DSL,44.55,5825,0,0.6969431585744917,1
1660-HSOOQ,Month-to-month,Mailed check,DSL,49.65,5338,1,0.6969114554373922,1
4537-DKTAL,Month-to-month,Electronic check,DSL,45.55,4372,0,0.6967910406394794,1
1597-FZREH,Month-to-month,Electronic check,DSL,76.4,3005,1,0.6961696819022848,1
6048-QBXKL,Month-to-month,Credit card (automatic),DSL,56.55,2069,0,0.695567196300156,1
7675-OZCZG,Month-to-month,Electronic check,DSL,45.0,4145,1,0.6955322497806093,1
1842-EZJMK,Month-to-month,Electronic check,Fiber optic,103.7,5897,1,0.6954148287398408,1
7268-IGMFD,Month-to-month,Bank transfer (automatic),Fiber optic,93.9,3728,0,0.6953884825980087,1
1875-QIVME,Month-to-month,Electronic check,Fiber optic,104.4,4690,1,0.6953124206502036,1
0067-DKWBL,Month-to-month,Electronic check,DSL,49.25,3475,1,0.6945770972584516,1
4430-UZIPO,Month-to-month,Mailed check,DSL,36.85,5825,1,0.6944256037010333,1
5133-POWUA,Month-to-month,Mailed check,DSL,45.8,2614,0,0.694224485117334,1
5515-RUGKN,Month-to-month,Credit card (automatic),DSL,54.75,5317,0,0.6941218668430869,1
0141-YEAYS,Month-to-month,Bank transfer (automatic),Fiber optic,86.45,5990,0,0.6940459611020284,1
7627-JKIAZ,Month-to-month,Credit card (automatic),Fiber optic,78.95,3982,1,0.6938721076328637,1
3278-FSIXX,Month-to-month,Mailed check,DSL,45.25,5441,0,0.6937099300388466,1
7929-DMBCV,Month-to-month,Mailed check,Fiber optic,81.0,4741,0,0.6933557932155825,1
2040-VZIKE,Month-to-month,Mailed check,Fiber optic,100.85,5417,0,0.6933420233178493,1
0887-HJGAR,Month-to-month,Mailed check,DSL,45.7,2295,1,0.6932861378621973,1
1228-ZLNBX,Month-to-month,Mailed check,Fiber optic,75.3,2847,0,0.6932569063486856,1
8824-RWFXJ,Month-to-month,Mailed check,DSL,56.15,2539,1,0.6929129106223598,1
5047-LHVLY,Month-to-month,Mailed check,DSL,50.15,3438,1,0.6928859094854138,1
7065-YUNRY,Month-to-month,Mailed check,DSL,45.3,3049,1,0.6925167700854737,1
1548-FEHVL,Month-to-month,Electronic check,Fiber optic,106.2,6298,0,0.6923219117448369,1
0207-MDKNV,Month-to-month,Electronic check,Fiber optic,105.1,2122,1,0.6921939661656357,1
7982-VCELR,Month-to-month,Credit card (automatic),Fiber optic,94.8,2807,0,0.6921263932849422,1
6985-HAYWX,Month-to-month,Bank transfer (automatic),Fiber optic,79.3,5168,0,0.6911166867312561,1
3627-FHKBK,Month-to-month,Mailed check,Fiber optic,75.3,3244,1,0.6910690273296858,1
4678-DVQEO,Month-to-month,Electronic check,DSL,52.2,4138,1,0.691038897245552,1
9714-EDSUC,Month-to-month,Mailed check,Fiber optic,94.9,3094,0,0.6910348112550425,1
1849-RJYIG,Month-to-month,Electronic check,DSL,60.0,5862,0,0.6906184155948379,1
4931-TRZWN,Month-to-month,Electronic check,DSL,71.95,3605,0,0.6905702139920609,1
2360-RDGRO,Month-to-month,Electronic check,Fiber optic,104.25,5089,0,0.6905515293162575,1
2856-NNASM,Month-to-month,Mailed check,Fiber optic,89.55,3802,1,0.6901226253184383,1
6771-XWBDM,Month-to-month,Credit card (automatic),Fiber optic,104.5,4471,1,0.6900981657285049,1
6946-LMSQS,One year,Electronic check,Fiber optic,89.05,2673,1,0.6900965950009331,1
0420-BWTPW,Month-to-month,Mailed check,DSL,25.5,5578,1,0.6894511358907999,1
0468-YRPXN,Month-to-month,Credit card (automatic),Fiber optic,98.8,4580,0,0.6889117096169369,1
7277-OZCGZ,Month-to-month,Electronic check,Fiber optic,89.05,5479,0,0.6888239578140558,1
6741-EGCBI,Month-to-month,Credit card (automatic),Fiber optic,90.5,5983,0,0.6885945818709469,1
5392-AKEMH,Month-to-month,Electronic check,DSL,45.05,5624,0,0.6885069127329193,1
5692-FPTAH,Month-to-month,Mailed check,DSL,45.4,2168,1,0.6884223124621266,1
6075-SLNIL,Month-to-month,Credit card (automatic),Fiber optic,95.1,5393,0,0.6882736197798486,1
6729-GDNGC,Month-to-month,Bank transfer (automatic),Fiber optic,80.7,3111,0,0.6881229158744504,1
6845-RGTYS,Month-to-month,Electronic check,Fiber optic,98.75,4622,1,0.6880510218146603,1
3466-RITXD,Month-to-month,Credit card (automatic),Fiber optic,92.4,5461,0,0.6879862907001468,1
9710-ZUSHQ,Month-to-month,Bank transfer (automatic),Fiber optic,106.75,5849,1,0.6878249989258217,1
4811-JBUVU,Month-to-month,Credit card (automatic),Fiber optic,89.9,3233,0,0.6876394955186285,1
5055-MGMGF,Month-to-month,Electronic check,Fiber optic,105.05,5313,0,0.6874106077802942,1
0407-BDJKB,Month-to-month,Electronic check,Fiber optic,95.75,4129,1,0.68733731761992,1
5419-JKZNQ,Month-to-month,Mailed check,Fiber optic,77.9,2009,0,0.6871017904051894,1
0374-IOEGQ,Month-to-month,Electronic check,DSL,44.6,3122,0,0.6867507705970358,1
4201-JMNGR,Month-to-month,Electronic check,DSL,55.8,5527,1,0.686727054859191,1
2018-QKYGT,Month-to-month,Electronic check,Fiber optic,81.05,4396,0,0.686138797437176,1
2027-WKXMW,Month-to-month,Electronic check,Fiber optic,108.75,4582,0,0.6860733100657013,1
1728-CXQBE,Month-to-month,Electronic check,Fiber optic,94.25,6020,0,0.6857903421200824,1
5168-MSWXT,Month-to-month,Electronic check,Fiber optic,94.75,5505,0,0.6853899601519645,1
9029-FEGVJ,Month-to-month,Mailed check,Fiber optic,79.3,5242,0,0.685277029303884,1
7636-OWBPG,Month-to-month,Credit card (automatic),DSL,29.35,3606,0,0.6851487473420329,1
5968-VXZLG,Month-to-month,Bank transfer (automatic),DSL,46.6,5096,0,0.6850996492303835,1
6862-CQUMB,Month-to-month,Credit card (automatic),Fiber optic,96.1,2640,0,0.6850583789882552,1
9058-CBREO,Month-to-month,Mailed check,DSL,50.55,3357,1,0.6848620686252179,1
2103-ZRXFN,Month-to-month,Mailed check,DSL,50.75,3631,0,0.6848450092407398,1
1049-FYSYG,Month-to-month,Credit card (automatic),DSL,35.65,5977,0,0.6847913915158377,1
7504-UWHNB,Month-to-month,Electronic check,Fiber optic,69.75,3080,0,0.6845874237900916,1
8058-DMYRU,Month-to-month,Electronic check,Fiber optic,90.05,5232,0,0.6844557157674714,1
9448-REEVD,Month-to-month,Credit card (automatic),DSL,44.7,3700,1,0.684452665193691,1
4847-QNOKA,Month-to-month,Bank transfer (automatic),DSL,44.9,2632,1,0.6844292875602866,1
0003-MKNFE,Month-to-month,Mailed check,DSL,59.9,5414,0,0.6844028876776712,1
8623-TMRBY,Month-to-month,Electronic check,Fiber optic,84.2,6245,1,0.6842726282134627,1
8496-EJAUI,Month-to-month,Credit card (automatic),Fiber optic,73.85,2251,1,0.6839820796998113,1
5312-UXESG,Month-to-month,Bank transfer (automatic),Fiber optic,98.05,5614,0,0.6836427023366191,1
3331-HQDTW,Month-to-month,Mailed check,Fiber optic,109.8,3410,1,0.6835335926753553,1
6218-KNUBD,Month-to-month,Electronic check,DSL,59.45,2393,0,0.6834107827521001,1
0596-BQCEQ,Month-to-month,Electronic check,Fiber optic,100.15,4120,1,0.6832164200512374,1
2189-UXTKY,Month-to-month,Electronic check,DSL,79.2,3410,1,0.6831538232579001,1
4065-JJAVA,Month-to-month,Electronic check,DSL,49.5,5262,0,0.682983280813632,1
1427-VERSM,Month-to-month,Electronic check,Fiber optic,98.7,5141,0,0.6828538345018788,1
9522-BNTHX,Month-to-month,Electronic check,DSL,56.25,5597,0,0.6822217759934611,1
1329-VHWNP,Month-to-month,Bank transfer (automatic),DSL,25.05,4404,0,0.682061451747129,1
9169-BSVIN,Month-to-month,Bank transfer (automatic),DSL,74.75,3521,0,0.6820357262674207,1
1471-GIQKQ,Month-to-month,Electronic check,DSL,49.95,5230,0,0.6810411557545651,1
8387-MOJJT,Month-to-month,Credit card (automatic),Fiber optic,77.95,5396,1,0.6807609320258036,1
3194-ORPIK,Month-to-month,Bank transfer (automatic),Fiber optic,84.4,5135,1,0.6805911706653385,1
4883-QICIH,Month-to-month,Bank transfer (automatic),Fiber optic,69.75,2356,1,0.6804715785410499,1
9889-TMAHG,Month-to-month,Credit card (automatic),Fiber optic,100.3,5084,1,0.6804606436624584,1
0475-RIJEP,Month-to-month,Electronic check,Fiber optic,77.85,5107,1,0.6802356920253733,1
0623-IIHUG,Month-to-month,Electronic check,DSL,41.9,4778,1,0.6800581216585578,1
8802-UNOJF,Month-to-month,Mailed check,Fiber optic,83.8,5565,1,0.6799884529486269,1
6394-MFYNG,Month-to-month,Bank transfer (automatic),Fiber optic,107.4,4956,1,0.6799599729949632,1
4471-KXAUH,Month-to-month,Electronic check,Fiber optic,84.3,2514,1,0.6799244307495933,1
2657-VPXTA,Month-to-month,Electronic check,Fiber optic,88.85,4531,0,0.6798244462537134,1
1587-FKLZB,Month-to-month,Credit card (automatic),Fiber optic,99.5,4479,1,0.6797447239559417,1
8782-LKFPK,Month-to-month,Mailed check,Fiber optic,90.4,4751,0,0.6797194651179939,1
4695-VADHF,Month-to-month,Electronic check,DSL,57.45,2989,1,0.6795716926323017,1
5365-LLFYV,Month-to-month,Mailed check,DSL,45.85,2245,0,0.6792218236177062,1
7963-GQRMY,Month-to-month,Mailed check,DSL,44.3,4903,1,0.6790322468193705,1
1907-YLNYW,Month-to-month,Electronic check,DSL,66.7,4490,0,0.67876546146333,1
6227-HWPWX,Month-to-month,Bank transfer (automatic),Fiber optic,69.0,5671,1,0.6787299432012821,1
1442-BQPVU,Month-to-month,Electronic check,DSL,29.15,2876,0,0.6784016097622363,1
0531-ZZJWQ,Month-to-month,Electronic check,Fiber optic,74.0,4958,0,0.6778584521600493,1
0641-EVBOJ,Month-to-month,Mailed check,Fiber optic,82.3,5755,0,0.6775039665404702,1
8280-MQRQN,Month-to-month,Mailed check,DSL,50.45,2806,1,0.6774894444215669,1
3345-PBBFH,Month-to-month,Bank transfer (automatic),DSL,49.55,5922,0,0.6774470344526761,1
4176-FXYBO,Month-to-month,Electronic check,Fiber optic,109.55,6130,0,0.6773750348386146,1
1481-ZUWZA,Month-to-month,Credit card (automatic),Fiber optic,94.5,5433,1,0.6773588983627591,1
4831-EOBFE,Month-to-month,Credit card (automatic),Fiber optic,94.65,5150,1,0.677268079994939,1
8096-LOIST,Month-to-month,Electronic check,DSL,56.2,3384,0,0.6769695444558459,1
9305-CDSKC,Month-to-month,Electronic check,Fiber optic,99.65,5372,1,0.6767924165386152,1
2207-NHRJK,Month-to-month,Electronic check,DSL,50.8,3718,1,0.6767680384597397,1
1816-FLZDK,Month-to-month,Mailed check,DSL,29.15,3923,0,0.6766418509388475,1
9530-EHPOH,Month-to-month,Electronic check,DSL,53.75,3407,1,0.6764220653376104,1
5673-TIYIB,Month-to-month,Credit card (automatic),DSL,40.4,3620,1,0.6760665688793385,1
6038-GCYEC,Month-to-month,Credit card (automatic),DSL,54.15,5153,1,0.6758553080117895,1
2108-XWMPY,Month-to-month,Mailed check,DSL,35.45,2095,1,0.675819283765657,1
9667-TKTVZ,Month-to-month,Mailed check,DSL,54.35,4916,0,0.6757223208682783,1
1465-LNTLJ,Month-to-month,Credit card (automatic),DSL,64.4,4537,0,0.6754049998105084,1
6633-MPWBS,Month-to-month,Electronic check,DSL,49.2,4336,1,0.6752533434286864,1
2257-BOVXD,Month-to-month,Credit card (automatic),DSL,66.6,3516,0,0.6752155839579536,1
5118-MUEYH,Month-to-month,Credit card (automatic),Fiber optic,105.1,3109,0,0.6752113488401242,1
9348-YVOMK,Month-to-month,Credit card (automatic),DSL,44.8,5565,0,0.6751239657415424,1
4727-MCYZG,Month-to-month,Mailed check,DSL,55.55,2207,0,0.6748805965779916,1
7841-TZDMQ,Month-to-month,Credit card (automatic),DSL,46.0,2667,1,0.674689011789646,1
0585-EGDDA,Month-to-month,Electronic check,Fiber optic,80.0,2478,0,0.6746348039391831,1
5175-AOBHI,Month-to-month,Mailed check,DSL,46.0,5246,1,0.6743986444308792,1
5536-SLHPM,Month-to-month,Electronic check,Fiber optic,77.75,4398,1,0.6739818206827953,1
2067-QYTCF,Month-to-month,Electronic check,Fiber optic,111.15,5455,0,0.6732657801789723,1
8901-HJXTF,Month-to-month,Mailed check,DSL,29.2,3747,1,0.6730657485299301,1
4680-KUTAJ,Month-to-month,Electronic check,DSL,55.6,5014,0,0.6729237474281435,1
2792-LSHWX,Month-to-month,Mailed check,Fiber optic,83.4,5960,0,0.6725685132129258,1
6656-JWRQX,Month-to-month,Mailed check,DSL,30.55,5565,0,0.6723658592915784,1
9281-PKKZE,Month-to-month,Electronic check,DSL,43.95,4818,0,0.6722732688852201,1
9026-RNUJS,Month-to-month,Electronic check,DSL,50.35,4618,1,0.6721743748839821,1
4109-CYRBD,Month-to-month,Electronic check,DSL,51.6,5495,0,0.6721673467174577,1
1845-ZLLIG,Month-to-month,Mailed check,DSL,50.15,4014,0,0.6721261198895188,1
6022-UGGSO,Month-to-month,Electronic check,Fiber optic,74.4,2091,1,0.6719192641151905,1
4976-LNFVV,Month-to-month,Credit card (automatic),DSL,34.3,4615,0,0.6717614417342306,1
6908-VVYHM,Month-to-month,Electronic check,Fiber optic,90.65,6358,0,0.6717222783066183,1
8257-RZAHR,Month-to-month,Bank transfer (automatic),DSL,64.7,4049,1,0.6716575597043417,1
1853-ARAAQ,Month-to-month,Credit card (automatic),DSL,50.35,2510,0,0.6713090045950125,1
6416-YJTTB,Month-to-month,Bank transfer (automatic),Fiber optic,79.5,2278,0,0.6712914763650389,1
4860-IJUDE,Month-to-month,Credit card (automatic),Fiber optic,73.75,2070,0,0.6712607745617971,1
4248-HCETZ,Month-to-month,Mailed check,Fiber optic,79.65,2174,1,0.6711714259218066,1
2100-BDNSN,Month-to-month,Bank transfer (automatic),DSL,67.95,3889,1,0.6710451484394612,1
2208-UGTGR,Month-to-month,Electronic check,Fiber optic,98.6,5601,0,0.6709440778847088,1
6259-WJQLC,Month-to-month,Credit card (automatic),Fiber optic,81.1,2143,0,0.6708706710023712,1
9992-UJOEL,Month-to-month,Mailed check,DSL,50.3,5870,0,0.6708591945105783,1
6689-KXGBO,Month-to-month,Electronic check,DSL,50.55,3420,1,0.6708208596759375,1
9667-EQRXU,Month-to-month,Electronic check,DSL,40.3,3016,1,0.6706795869022774,1
8806-EAGWC,Month-to-month,Mailed check,DSL,55.15,5698,1,0.6703542065723395,1
8773-HHUOZ,Month-to-month,Mailed check,DSL,64.7,3022,1,0.6701006544743765,1
8229-TNIQA,Month-to-month,Mailed check,DSL,45.3,3443,1,0.6696366956121326,1
6986-IJDHX,Month-to-month,Mailed check,Fiber optic,86.3,3364,1,0.6694241655586102,1
9578-VRMNM,Month-to-month,Credit card (automatic),DSL,65.2,4722,1,0.669111320761016,1
2770-NSVDG,Month-to-month,Electronic check,DSL,29.1,4636,0,0.6688991362356107,1
0356-ERHVT,Month-to-month,Bank transfer (automatic),DSL,45.9,3880,0,0.6684867087775579,1
3688-FTHLT,Month-to-month,Bank transfer (automatic),DSL,63.05,3214,0,0.6681981938213323,1
5301-GAUUY,Month-to-month,Bank transfer (automatic),Fiber optic,80.35,5974,1,0.6681832692519043,1
2712-SYWAY,Month-to-month,Electronic check,No,25.7,5249,0,0.667886514323342,1
4993-JCRGJ,Month-to-month,Mailed check,Fiber optic,84.3,5471,0,0.6678377970266394,1
7813-ZGGAW,Month-to-month,Bank transfer (automatic),Fiber optic,96.6,3364,0,0.6676723273146412,1
5302-BDJNT,Month-to-month,Electronic check,Fiber optic,95.5,3715,0,0.6670171643408838,1
2988-PLAHS,One year,Electronic check,DSL,69.95,2754,0,0.666798484028924,1
6233-HXJMX,Month-to-month,Credit card (automatic),Fiber optic,89.3,5470,0,0.6666066839496866,1
5568-DMXZS,Month-to-month,Electronic check,DSL,65.45,5227,0,0.6665023115877112,1
6646-JPPHA,Month-to-month,Electronic check,Fiber optic,78.85,5327,0,0.6663381637768366,1
6204-IEUXJ,Month-to-month,Credit card (automatic),Fiber optic,80.1,4330,1,0.666334222486199,1
1025-FALIX,Month-to-month,Credit card (automatic),Fiber optic,69.05,5379,0,0.6661368513557228,1
5046-NUHWD,Month-to-month,Electronic check,DSL,45.0,3094,0,0.6656814790713896,1
6770-XUAGN,Month-to-month,Electronic check,No,21.0,3753,1,0.665664663197509,1
2960-NKRSO,Month-to-month,Electronic check,Fiber optic,85.95,5421,0,0.6656049257408401,1
0431-APWVY,One year,Bank transfer (automatic),Fiber optic,90.1,5958,1,0.6655747930329843,1
0829-XXPLX,Month-to-month,Bank transfer (automatic),Fiber optic,89.4,2098,0,0.6654748881905836,1
4280-DLSHD,Month-to-month,Mailed check,DSL,54.75,4099,0,0.6653940314790507,1
9631-XEYKE,Month-to-month,Bank transfer (automatic),DSL,50.4,4639,0,0.6653090232987782,1
2277-VWCNI,Month-to-month,Mailed check,DSL,48.75,3048,0,0.6650657940585541,1
9462-MJUAW,Month-to-month,Mailed check,DSL,50.4,4399,1,0.6649767384121145,1
0422-UXFAP,One year,Electronic check,Fiber optic,98.85,6034,0,0.6643030082845456,1
1635-FJFCC,Month-to-month,Credit card (automatic),DSL,44.05,5846,0,0.6642369160264329,1
8982-NHAVY,One year,Bank transfer (automatic),Fiber optic,100.5,5939,0,0.6640494239451804,1
4273-MBHYA,Month-to-month,Electronic check,Fiber optic,89.35,2432,0,0.6639548382410057,1
2826-DXLQO,Month-to-month,Bank transfer (automatic),DSL,29.8,2587,0,0.6638215813915432,1
1261-FWTTE,Month-to-month,Bank transfer (automatic),DSL,34.65,2307,0,0.6635307082953861,1
9526-BIHHD,Month-to-month,Mailed check,DSL,29.7,3383,1,0.6634704057601702,1
2474-LCNUE,Month-to-month,Credit card (automatic),DSL,73.65,2590,0,0.6633324770066192,1
9261-WDCAF,Month-to-month,Mailed check,DSL,54.65,2168,0,0.6632772662988956,1
6029-CSMJE,Month-to-month,Mailed check,DSL,25.65,3090,0,0.6628277647882836,1
6825-UYPFK,Month-to-month,Bank transfer (automatic),Fiber optic,75.6,2115,1,0.662788130056104,1
4840-ORQXB,Month-to-month,Electronic check,Fiber optic,104.75,5128,0,0.6627837554147467,1
7130-YXBRO,Month-to-month,Bank transfer (automatic),Fiber optic,111.45,2319,0,0.6626021089663872,1
5027-XWQHA,Month-to-month,Electronic check,DSL,44.75,2087,1,0.6623594812575482,1
0461-CVKMU,Month-to-month,Electronic check,Fiber optic,83.8,5737,1,0.662305211755496,1
6304-IJFSQ,Month-to-month,Mailed check,DSL,49.9,5585,1,0.6622738846489079,1
1685-BQULA,Month-to-month,Bank transfer (automatic),Fiber optic,93.4,3819,0,0.6621609581348746,1
8069-YQQAJ,Month-to-month,Mailed check,DSL,31.1,3448,0,0.6621470208527975,1
0533-BNWKF,Month-to-month,Electronic check,Fiber optic,85.45,5502,1,0.6617432991233927,1
5057-LCOUI,Month-to-month,Electronic check,DSL,50.75,4119,1,0.661365096326943,1
6789-HJBWG,Month-to-month,Electronic check,DSL,49.4,5007,0,0.6613566876433241,1
8725-JEDFD,Month-to-month,Mailed check,Fiber optic,69.05,3241,0,0.6612520101139883,1
2506-CLAKW,Month-to-month,Bank transfer (automatic),Fiber optic,98.15,3578,1,0.6611568503929525,1
6711-VTNRE,Month-to-month,Electronic check,Fiber optic,87.55,2558,1,0.6610403471230303,1
4905-JEFDW,One year,Electronic check,DSL,41.6,3119,1,0.6607687562600318,1
0015-UOCOJ,Month-to-month,Electronic check,DSL,48.2,5525,0,0.66070539008452,1
5999-LCXAO,Month-to-month,Mailed check,DSL,29.9,4155,0,0.6602557380030141,1
3838-OZURD,Month-to-month,Credit card (automatic),Fiber optic,105.0,5723,1,0.6600879329255295,1
2519-ERQOJ,Month-to-month,Electronic check,DSL,54.6,5322,0,0.6599205126015585,1
1169-WCVAK,Month-to-month,Credit card (automatic),Fiber optic,88.8,4600,0,0.6595416585723161,1
3569-EDBPQ,Month-to-month,Electronic check,Fiber optic,84.35,2198,0,0.6595330511635218,1
4226-KKDON,Month-to-month,Electronic check,DSL,66.65,3804,0,0.6594131579223806,1
8751-EDEKA,Month-to-month,Credit card (automatic),Fiber optic,89.9,3676,0,0.6593774885428848,1
9708-HPXWZ,Month-to-month,Credit card (automatic),DSL,45.4,2599,0,0.6592134387885371,1
1226-UDFZR,Month-to-month,Mailed check,DSL,49.6,3599,1,0.6591277613196155,1
1142-WACZW,Month-to-month,Bank transfer (automatic),DSL,29.85,4268,1,0.6584876242811357,1
4948-WBBKL,Month-to-month,Bank transfer (automatic),Fiber optic,74.9,5041,0,0.6579413829034124,1
5839-SUYVZ,Month-to-month,Credit card (automatic),Fiber optic,74.55,2893,0,0.657919380157219,1
3503-TYDAY,Month-to-month,Electronic check,Fiber optic,80.45,5357,0,0.6575824456400222,1
1357-BIJKI,One year,Electronic check,Fiber optic,98.25,5154,0,0.6575253221285305,1
3932-IJWDZ,Month-to-month,Bank transfer (automatic),Fiber optic,103.65,2183,0,0.6574734375086749,1
5712-AHQNN,Month-to-month,Electronic check,Fiber optic,91.65,3826,0,0.6571555434642126,1
5299-RULOA,Month-to-month,Electronic check,Fiber optic,100.25,5998,1,0.6562441851293616,1
3208-YPIOE,Month-to-month,Electronic check,Fiber optic,75.25,4696,1,0.6560790443747085,1
3197-ARFOY,Month-to-month,Mailed check,Fiber optic,105.0,3524,0,0.6559826574100588,1
0463-ZSDNT,Month-to-month,Bank transfer (automatic),DSL,56.75,2037,0,0.6559175335087218,1
6429-SHBCB,Month-to-month,Mailed check,DSL,69.6,3349,0,0.6557212043115676,1
4918-QLLIW,Month-to-month,Credit card (automatic),DSL,53.4,2755,1,0.6555401206089129,1
3658-KIBGF,Month-to-month,Electronic check,DSL,54.9,2833,1,0.6550800146657587,1
4343-EJVQB,Month-to-month,Mailed check,Fiber optic,74.35,2463,0,0.6548015891118624,1
5018-GWURO,Month-to-month,Bank transfer (automatic),Fiber optic,85.6,6483,0,0.654150784651359,1
2615-YVMYX,Month-to-month,Electronic check,Fiber optic,107.5,5775,0,0.6536023937606247,1
7000-WCEVQ,Month-to-month,Mailed check,DSL,61.6,3866,1,0.653273637083923,1
6133-OZILE,Month-to-month,Electronic check,DSL,35.2,5381,0,0.6532283842469087,1
3761-FLYZI,Month-to-month,Bank transfer (automatic),Fiber optic,108.8,5225,0,0.6531273516252422,1
3191-CSNMG,Month-to-month,Electronic check,Fiber optic,80.7,2081,0,0.6530397329668175,1
2207-QPJED,Month-to-month,Electronic check,Fiber optic,90.0,4048,0,0.6528365861462281,1
3058-HJCUY,One year,Electronic check,Fiber optic,102.6,2098,1,0.652735516175008,1
5016-ETTFF,Month-to-month,Mailed check,DSL,29.5,3797,1,0.6524192805992404,1
0730-KOAVE,Month-to-month,Credit card (automatic),Fiber optic,94.3,4219,0,0.6522450642734736,1
6168-YBYNP,Month-to-month,Electronic check,Fiber optic,111.35,6047,0,0.6520443011333392,1
7579-OOPEC,Month-to-month,Credit card (automatic),DSL,50.15,5461,1,0.6515932044559581,1
5949-HGVJL,Month-to-month,Electronic check,DSL,73.05,2753,0,0.6511931799692613,1
4391-LNRXK,Month-to-month,Bank transfer (automatic),Fiber optic,94.95,4242,0,0.6511781861478295,1
1095-JUDTC,Month-to-month,Electronic check,Fiber optic,95.05,5214,1,0.6509102955896859,1
9210-IAHGH,Month-to-month,Credit card (automatic),DSL,70.75,2248,1,0.6507839692484416,1
7272-QDCKA,One year,Electronic check,Fiber optic,100.2,5137,0,0.650745574677284,1
0311-QYWSS,Month-to-month,Electronic check,DSL,49.45,3672,0,0.6506822259127826,1
6207-WIOLX,Month-to-month,Credit card (automatic),DSL,58.6,4190,1,0.6506341574792252,1
4690-LLKUA,Month-to-month,Electronic check,DSL,45.05,3797,1,0.6504552183304564,1
9108-EJFJP,Month-to-month,Mailed check,DSL,53.55,4504,0,0.6503296718017673,1
3583-KRKMD,Month-to-month,Bank transfer (automatic),Fiber optic,75.9,4668,0,0.6503286556210942,1
9584-EXCDZ,Month-to-month,Bank transfer (automatic),Fiber optic,70.5,3650,0,0.6501309454559121,1
2049-BAFNW,Month-to-month,Mailed check,DSL,35.9,3929,0,0.6498054672572301,1
6786-OBWQR,Month-to-month,Electronic check,Fiber optic,80.85,5109,0,0.6495394765795482,1
4080-IIARD,Month-to-month,Electronic check,DSL,76.2,2569,0,0.6492180476921426,1
1976-AZZPJ,Month-to-month,Mailed check,DSL,34.2,5100,0,0.6491444481340906,1
6362-QHAFM,One year,Electronic check,Fiber optic,108.3,5106,0,0.6489643312048301,1
4522-AKYLR,Month-to-month,Electronic check,DSL,54.8,5557,0,0.6488784251692596,1
1928-BXYIV,Month-to-month,Electronic check,DSL,61.15,4592,0,0.6488484228151626,1
4983-CLMLV,Month-to-month,Credit card (automatic),Fiber optic,102.7,4044,0,0.6485905915111271,1
0979-PHULV,Month-to-month,Credit card (automatic),Fiber optic,99.45,4020,1,0.648173905584946,1
7055-HNEOJ,Month-to-month,Mailed check,DSL,55.8,2662,0,0.6481558023360178,1
7343-EOBEU,Month-to-month,Mailed check,No,23.6,5587,0,0.6475297187655736,1
6614-VBEGU,Month-to-month,Bank transfer (automatic),DSL,69.45,4208,0,0.6473247409969641,1
2157-MXBJS,One year,Mailed check,DSL,75.3,4800,1,0.6470754734092564,1
8242-JSVBO,Month-to-month,Bank transfer (automatic),DSL,44.65,4300,0,0.646977954146002,1
7554-AKDQF,Month-to-month,Mailed check,DSL,45.65,4227,0,0.6469414570163319,1
9170-CCKOU,Month-to-month,Credit card (automatic),Fiber optic,90.2,2026,1,0.646793013053866,1
3097-NNSPB,Month-to-month,Credit card (automatic),DSL,49.05,2960,1,0.6467027149908137,1
6234-PFPXL,Month-to-month,Credit card (automatic),Fiber optic,95.9,3207,0,0.6460426312374351,1
6173-GOLSU,Month-to-month,Credit card (automatic),Fiber optic,94.65,4228,0,0.6459131993742198,1
6923-EFPNL,Month-to-month,Credit card (automatic),DSL,51.75,3865,1,0.6459031545765208,1
1047-NNCBF,Month-to-month,Credit card (automatic),Fiber optic,70.55,5790,0,0.6457480783907281,1
5213-TWWJU,Month-to-month,Electronic check,Fiber optic,91.0,2448,0,0.6456827954273491,1
2432-TFSMK,One year,Credit card (automatic),Fiber optic,89.6,2269,0,0.6456525372129363,1
2219-MVUSO,Month-to-month,Mailed check,DSL,45.15,3721,1,0.6452433278700358,1
8654-DHAOW,Month-to-month,Mailed check,DSL,54.15,3527,0,0.6451639785148836,1
0129-KPTWJ,Month-to-month,Electronic check,Fiber optic,94.65,5943,0,0.6448435980540509,1
0822-QGCXA,Month-to-month,Electronic check,DSL,83.85,5907,0,0.6447852827832244,1
1550-LOAHA,Month-to-month,Bank transfer (automatic),Fiber optic,84.15,4017,1,0.6441982578010753,1
5172-MIGPM,Month-to-month,Mailed check,DSL,65.55,5707,0,0.6441410578292397,1
5424-RLQLC,Month-to-month,Mailed check,DSL,59.65,2385,0,0.6439768681313909,1
5813-UECBU,Month-to-month,Credit card (automatic),Fiber optic,83.85,2583,1,0.6439082071509986,1
0118-JPNOY,Month-to-month,Credit card (automatic),Fiber optic,85.8,5700,0,0.643447769730251,1
8544-GOQSH,Month-to-month,Credit card (automatic),Fiber optic,80.05,4400,0,0.6434298048358974,1
3452-ABWRL,Month-to-month,Credit card (automatic),Fiber optic,86.05,5527,0,0.6432521843258217,1
2272-UOINI,Month-to-month,Electronic check,DSL,78.5,3601,0,0.6430440508514995,1
9158-VCTQB,Month-to-month,Bank transfer (automatic),Fiber optic,113.6,4963,1,0.6430389700278869,1
1891-FZYSA,Month-to-month,Electronic check,Fiber optic,89.95,6363,1,0.6425231586290735,1
0106-GHRQR,Month-to-month,Bank transfer (automatic),DSL,71.4,3360,0,0.642137899390589,1
3692-JHONH,One year,Electronic check,Fiber optic,106.5,4499,0,0.6417370868847135,1
6847-KJLTS,Month-to-month,Bank transfer (automatic),Fiber optic,100.4,4005,0,0.6415306593994877,1
9314-IJWSQ,Month-to-month,Electronic check,Fiber optic,84.8,2452,0,0.641413955752919,1
0348-SDKOL,Month-to-month,Credit card (automatic),Fiber optic,102.1,4415,1,0.640919220340626,1
3589-PPVKW,Month-to-month,Mailed check,DSL,44.4,5457,0,0.6407493431666651,1
9819-FBNSV,Month-to-month,Bank transfer (automatic),Fiber optic,72.25,4121,0,0.6404977249691266,1
5146-CBVOE,Month-to-month,Bank transfer (automatic),Fiber optic,75.1,5176,0,0.6394341953495725,1
3207-OYBWH,Month-to-month,Bank transfer (automatic),Fiber optic,95.25,6259,1,0.6392349645271307,1
1559-DTODC,Month-to-month,Bank transfer (automatic),DSL,25.15,3784,0,0.6390023639913474,1
8286-AFUYI,Month-to-month,Electronic check,DSL,47.95,5092,0,0.6389916132867149,1
7481-ATQQS,Month-to-month,Credit card (automatic),Fiber optic,90.85,5651,1,0.6387867270451363,1
4208-UFFGW,Month-to-month,Mailed check,DSL,44.95,5900,1,0.6386489135879141,1
4146-SVFUD,Month-to-month,Mailed check,DSL,44.6,4864,0,0.6382892963678111,1
8178-EYZUO,Month-to-month,Electronic check,Fiber optic,93.7,3378,1,0.6381519478784945,1
9659-QEQSY,Month-to-month,Electronic check,Fiber optic,115.65,3974,0,0.6377584136299342,1
4829-AUOAX,Month-to-month,Bank transfer (automatic),Fiber optic,96.05,2712,1,0.6376881769870938,1
7693-LCKZL,Month-to-month,Electronic check,Fiber optic,80.15,5124,1,0.6373789614306334,1
8535-SFUTN,Month-to-month,Electronic check,Fiber optic,106.45,4842,0,0.6370641357837311,1
3426-NIYYL,Month-to-month,Electronic check,DSL,51.55,2087,1,0.636884238701467,1
7112-OPOTK,Month-to-month,Electronic check,Fiber optic,68.25,5647,1,0.6364031748663636,1
6410-LEFEN,Month-to-month,Electronic check,DSL,45.15,3757,1,0.636197374183687,1
7905-TVXTA,Month-to-month,Electronic check,DSL,64.35,4771,0,0.6361656230775947,1
7927-AUXBZ,Month-to-month,Electronic check,Fiber optic,85.15,4417,1,0.6360730613366735,1
5438-QMDDL,Month-to-month,Mailed check,DSL,59.8,3652,0,0.6359534813998945,1
8327-LZKAS,One year,Electronic check,Fiber optic,107.55,4423,1,0.6358164746317212,1
9373-WSLOY,Month-to-month,Electronic check,DSL,50.0,5600,0,0.6354122283280136,1
3923-CSIHK,Month-to-month,Electronic check,Fiber optic,71.05,5746,1,0.6354085852374738,1
1421-HCERK,Month-to-month,Bank transfer (automatic),Fiber optic,105.7,2455,0,0.635387165670899,1
0257-ZESQC,Month-to-month,Bank transfer (automatic),Fiber optic,75.2,4517,1,0.6351750747727034,1
3500-RMZLT,Month-to-month,Mailed check,Fiber optic,96.3,2933,1,0.6343513372144206,1
6927-WTFIV,Month-to-month,Credit card (automatic),Fiber optic,71.3,3684,1,0.6342133797374371,1
5201-USSQZ,Month-to-month,Credit card (automatic),Fiber optic,85.9,4038,0,0.6340457424925031,1
7876-BEUTG,Month-to-month,Mailed check,DSL,48.8,2577,0,0.6337808215834387,1
6591-QGOYB,Month-to-month,Bank transfer (automatic),Fiber optic,106.65,2754,0,0.633130292420072,1
7869-ZYDST,Month-to-month,Credit card (automatic),DSL,59.05,5841,0,0.6330466595965188,1
6982-SSHFK,Month-to-month,Mailed check,DSL,44.4,3522,1,0.633040556688376,1
2833-SLKDQ,Month-to-month,Mailed check,DSL,45.05,4094,1,0.6328570342390498,1
5858-EAFCZ,Month-to-month,Mailed check,DSL,44.45,3498,0,0.6327160504608891,1
4329-YPDDQ,Month-to-month,Bank transfer (automatic),Fiber optic,108.2,2102,0,0.6324510495032021,1
2869-ADAWR,Month-to-month,Credit card (automatic),Fiber optic,89.3,4880,1,0.6324192856158556,1
4439-YRNVD,Month-to-month,Electronic check,DSL,36.25,4571,0,0.631309666439793,1
0363-QJVFX,Month-to-month,Credit card (automatic),Fiber optic,108.15,2541,1,0.6312909768518937,1
9812-GHVRI,Month-to-month,Bank transfer (automatic),Fiber optic,83.85,4294,0,0.6307195960950593,1
2403-BCASL,One year,Electronic check,Fiber optic,111.95,3711,1,0.6305955705219566,1
0322-YINQP,Month-to-month,Mailed check,DSL,48.55,5687,1,0.6300877993308065,1
4307-KWMXE,Month-to-month,Electronic check,DSL,35.75,2263,0,0.6297288491251266,1
3446-QDSZF,Month-to-month,Credit card (automatic),DSL,55.5,2328,0,0.6294174040787287,1
1862-SKORY,Month-to-month,Electronic check,DSL,39.3,2296,1,0.6292773537659059,1
5394-SVGJV,Month-to-month,Bank transfer (automatic),Fiber optic,98.8,3066,1,0.6290083369567571,1
2672-OJQZP,Month-to-month,Mailed check,DSL,44.75,4118,0,0.6282428397961691,1
2014-MKGMH,One year,Electronic check,Fiber optic,101.1,4883,0,0.6279304311316788,1
4320-QMLLA,Month-to-month,Mailed check,DSL,54.85,3481,0,0.6278406424007731,1
1895-QTKDO,Month-to-month,Credit card (automatic),DSL,43.95,5684,0,0.6277815802117266,1
3085-QUOZK,Month-to-month,Mailed check,DSL,43.95,3238,1,0.6276621814999027,1
3594-KADLU,Month-to-month,Mailed check,DSL,35.1,3610,0,0.627389624826284,1
4432-ADRLB,Month-to-month,Mailed check,DSL,44.65,4655,1,0.627354647101207,1
5707-ORNDZ,Month-to-month,Electronic check,DSL,54.55,4656,1,0.6271359819468734,1
3351-NGXYI,Month-to-month,Electronic check,DSL,54.1,2276,0,0.626920552079275,1
4193-ORFCL,Month-to-month,Mailed check,DSL,45.1,2740,1,0.6268505463491603,1
7054-LGEQW,Month-to-month,Mailed check,DSL,45.95,4888,1,0.6265884857377979,1
7252-NTGSS,Month-to-month,Mailed check,DSL,45.15,4131,0,0.6265723449667658,1
0380-NEAVX,One year,Electronic check,Fiber optic,99.85,5626,0,0.6265340452786257,1
9774-NRNAU,Month-to-month,Bank transfer (automatic),DSL,84.8,5352,0,0.6265161565712429,1
0455-XFASS,Month-to-month,Electronic check,Fiber optic,69.55,5998,0,0.6258014531453491,1
8450-UYIBU,Month-to-month,Electronic check,DSL,39.85,2030,0,0.6256718038844575,1
2669-OIDSD,Month-to-month,Credit card (automatic),Fiber optic,100.05,3468,0,0.625644458391155,1
0415-MOSGF,Month-to-month,Mailed check,DSL,44.4,3204,1,0.6255577437734016,1
9776-CLUJA,Month-to-month,Electronic check,Fiber optic,77.5,5748,1,0.625502595553288,1
3413-BMNZE,Month-to-month,Bank transfer (automatic),DSL,45.25,3144,0,0.6254630393833226,1
1658-BYGOY,Month-to-month,Electronic check,Fiber optic,95.45,3179,1,0.6251593312543502,1
5649-TJHOV,Month-to-month,Bank transfer (automatic),DSL,36.5,4564,1,0.6251037316436316,1
7754-IXRMC,Month-to-month,Mailed check,DSL,45.35,3980,0,0.6250110510521296,1
8149-AIQCG,Month-to-month,Credit card (automatic),Fiber optic,73.15,3271,0,0.6246920930110186,1
7271-AJDTL,Month-to-month,Credit card (automatic),Fiber optic,94.45,5577,0,0.6246486863917532,1
4950-BDEUX,Month-to-month,Electronic check,DSL,49.2,2782,0,0.6242059497486931,1
6582-OIVSP,Month-to-month,Mailed check,DSL,45.3,3575,0,0.6233616655448508,1
1205-WNWPJ,Month-to-month,Mailed check,DSL,59.5,4661,1,0.6232484392987586,1
0587-DMGBH,Month-to-month,Electronic check,DSL,49.85,2269,1,0.6226689531256089,1
3325-FUYCG,One year,Electronic check,Fiber optic,106.1,3770,1,0.6226254346104251,1
7593-XFKDI,Month-to-month,Mailed check,DSL,46.3,3017,1,0.6225076438869023,1
9244-ZVAPM,Month-to-month,Mailed check,DSL,45.6,2352,0,0.6224813406433612,1
8840-DQLGN,Month-to-month,Bank transfer (automatic),Fiber optic,100.5,4745,1,0.6223650715476915,1
4223-WOZCM,Month-to-month,Mailed check,DSL,49.95,5251,0,0.6220512582247911,1
7145-FEJWU,Month-to-month,Electronic check,Fiber optic,105.3,5913,0,0.6219703525579254,1
5816-QVHRX,Month-to-month,Credit card (automatic),Fiber optic,100.3,4040,0,0.6216622086562631,1
9681-KYGYB,Month-to-month,Electronic check,Fiber optic,88.2,5987,0,0.6216414724210646,1
2011-TRQYE,Month-to-month,Credit card (automatic),DSL,33.5,5474,1,0.6213182961621407,1
7312-XSBAT,Month-to-month,Electronic check,DSL,49.75,2908,0,0.6212313399554592,1
2139-FQHLM,Month-to-month,Mailed check,Fiber optic,89.95,3402,0,0.6211650333260903,1
4307-KTUMW,Month-to-month,Electronic check,Fiber optic,93.9,5543,1,0.6208047094120618,1
9780-FKVVF,Month-to-month,Bank transfer (automatic),DSL,59.15,3613,0,0.6207590808769085,1
0060-FUALY,Month-to-month,Electronic check,Fiber optic,94.75,5238,0,0.6207278770899357,1
0404-SWRVG,Month-to-month,Electronic check,Fiber optic,74.4,4415,1,0.6205857229957876,1
0374-AACSZ,Month-to-month,Electronic check,DSL,50.15,4421,0,0.6204056969859545,1
0924-BJCRC,Month-to-month,Electronic check,Fiber optic,89.45,4340,0,0.6198439072373791,1
3946-MHCZW,Month-to-month,Mailed check,DSL,50.9,5111,1,0.6193146997033117,1
4554-YGZIH,Month-to-month,Credit card (automatic),Fiber optic,90.05,5059,1,0.6193134143228882,1
6537-OTKMY,One year,Electronic check,DSL,50.75,5091,0,0.6190408708475534,1
3509-GWQGF,Month-to-month,Credit card (automatic),Fiber optic,70.0,5242,0,0.6188248172740609,1
1501-SGHBW,Month-to-month,Mailed check,DSL,45.85,3843,1,0.6186384334469189,1
5671-UUNXD,One year,Electronic check,Fiber optic,100.65,5791,0,0.61853097176378,1
4183-WCSEP,Month-to-month,Electronic check,Fiber optic,78.45,3091,1,0.6184859348140521,1
8564-LDKFL,One year,Bank transfer (automatic),Fiber optic,106.0,5118,0,0.6183269028492856,1
2386-OWURY,Month-to-month,Electronic check,Fiber optic,95.3,6460,0,0.6182353128171796,1
4143-HHPMK,Month-to-month,Electronic check,Fiber optic,85.35,6402,1,0.6182166618026614,1
6817-WTYHE,Month-to-month,Bank transfer (automatic),DSL,44.9,4370,0,0.6180771776448789,1
2898-LSJGD,One year,Electronic check,DSL,55.95,5531,1,0.617802336521646,1
2302-ANTDP,Month-to-month,Electronic check,Fiber optic,117.45,5915,1,0.6175764422863086,1
6145-NNPNO,Month-to-month,Bank transfer (automatic),DSL,44.15,3103,0,0.6174949851959387,1
5816-SCGFC,Month-to-month,Mailed check,DSL,51.3,3660,0,0.6174948346305913,1
9112-WSNPU,Month-to-month,Electronic check,Fiber optic,70.55,5873,0,0.6174686656266191,1
6143-JQKEA,Month-to-month,Credit card (automatic),DSL,45.8,5586,0,0.6172041076764745,1
0668-OGMHD,Month-to-month,Electronic check,DSL,28.5,3766,0,0.6170876067866922,1
3669-OYSJI,Month-to-month,Credit card (automatic),DSL,46.2,4167,1,0.6170642999003573,1
9547-ITEFG,Month-to-month,Credit card (automatic),Fiber optic,102.6,4062,0,0.6169190352153485,1
9732-KPKBW,Month-to-month,Electronic check,DSL,53.95,2771,1,0.6165042693489929,1
0623-GDISB,Month-to-month,Bank transfer (automatic),DSL,48.45,5838,0,0.6164865953643499,1
9948-YPTDG,Month-to-month,Electronic check,Fiber optic,79.45,2405,1,0.6164719510729678,1
0295-QVKPB,Month-to-month,Credit card (automatic),DSL,63.95,3099,0,0.6163734862738257,1
0856-NAOES,Month-to-month,Mailed check,DSL,60.9,2191,0,0.615997664903843,1
2190-BCXEC,Month-to-month,Credit card (automatic),Fiber optic,78.85,5257,0,0.6159846752296072,1
7950-XWOVN,Month-to-month,Mailed check,DSL,34.7,4310,0,0.6158979340759614,1
6173-ITPWD,Month-to-month,Bank transfer (automatic),Fiber optic,83.35,2516,1,0.6155899167413523,1
1228-FZFRV,Month-to-month,Credit card (automatic),Fiber optic,105.95,5536,1,0.6153598314377975,1
5649-VUKMC,One year,Mailed check,Fiber optic,95.5,3538,1,0.6152139158490414,1
2929-QNSRW,One year,Electronic check,Fiber optic,98.25,4886,1,0.6151014011321206,1
0508-OOLTO,Month-to-month,Electronic check,Fiber optic,71.65,3916,0,0.6150948599969633,1
9174-FKWZE,Month-to-month,Electronic check,No,19.45,3848,1,0.6149470419550329,1
3571-RFHAR,Month-to-month,Electronic check,Fiber optic,109.15,6001,1,0.6147393078637312,1
2101-RANCD,Month-to-month,Electronic check,Fiber optic,73.1,5832,0,0.6143506594490629,1
9003-CPATH,Month-to-month,Electronic check,Fiber optic,79.9,2583,0,0.6142822539193417,1
3580-REOAC,Month-to-month,Credit card (automatic),DSL,44.85,4061,1,0.6142822241567477,1
2632-UCGVD,Month-to-month,Credit card (automatic),Fiber optic,100.05,4512,1,0.6142249719858626,1
7075-BNDVQ,Month-to-month,Mailed check,DSL,35.0,3523,0,0.613986902314551,1
8775-CEBBJ,Month-to-month,Bank transfer (automatic),DSL,44.2,2029,1,0.6139710893834929,1
5136-KCKGI,One year,Mailed check,Fiber optic,103.7,4461,1,0.6138755067938766,1
8124-NZVGJ,One year,Mailed check,DSL,49.25,2979,0,0.6136998755032452,1
7975-TZMLR,One year,Electronic check,Fiber optic,103.1,5029,0,0.6136795758989678,1
3808-HFKDE,Month-to-month,Electronic check,DSL,44.35,3460,0,0.6134969724066238,1
0107-WESLM,Month-to-month,Electronic check,No,19.85,3874,1,0.6128963699920905,1
2842-JTCCU,Month-to-month,Bank transfer (automatic),DSL,46.05,4662,1,0.6127917349485015,1
9873-MNDKV,Month-to-month,Mailed check,DSL,44.65,4492,0,0.6126933036011554,1
4282-ACRXS,Month-to-month,Electronic check,DSL,24.85,3511,0,0.6117323915284114,1
3842-QTGDL,Month-to-month,Bank transfer (automatic),Fiber optic,80.75,2942,0,0.6115918542594448,1
8404-FYDIB,Month-to-month,Credit card (automatic),Fiber optic,86.65,4469,0,0.6114303084318209,1
4067-HLYQI,Month-to-month,Bank transfer (automatic),Fiber optic,70.4,4860,0,0.6112193045849349,1
4061-UKJWL,Month-to-month,Mailed check,DSL,45.45,3666,0,0.6111723835640822,1
5698-BQJOH,Month-to-month,Electronic check,Fiber optic,94.4,5571,1,0.6110622385098473,1
7760-OYPDY,Month-to-month,Electronic check,Fiber optic,80.65,5586,1,0.6110577878883257,1
1763-WQFUK,Month-to-month,Mailed check,DSL,50.5,5258,0,0.6107947965066197,1
9761-XUJWD,Month-to-month,Bank transfer (automatic),DSL,65.6,5636,0,0.6107845018957279,1
5402-HTOTQ,Month-to-month,Electronic check,DSL,55.3,3771,0,0.6107722622277258,1
5002-GCQFH,Month-to-month,Bank transfer (automatic),Fiber optic,93.85,5698,0,0.6107661012199752,1
2625-TRCZQ,Month-to-month,Electronic check,DSL,49.65,5528,0,0.6107582193271558,1
5919-TMRGD,Month-to-month,Electronic check,Fiber optic,79.35,2483,1,0.6105910725715592,1
9412-GHEEC,Month-to-month,Bank transfer (automatic),Fiber optic,104.8,3492,1,0.610387613542003,1
8623-ULFNQ,Month-to-month,Electronic check,DSL,66.05,3225,0,0.6101543175163568,1
3717-LNXKW,Month-to-month,Bank transfer (automatic),Fiber optic,91.7,3676,0,0.6100974348242825,1
8749-JMNKX,Month-to-month,Bank transfer (automatic),Fiber optic,93.8,4788,1,0.6100643406820827,1
6726-WEXXK,One year,Electronic check,Fiber optic,85.9,5755,0,0.6095483686682757,1
0867-LDTTC,Month-to-month,Bank transfer (automatic),DSL,75.15,5900,0,0.6094271426548684,1
6888-SBYAI,Month-to-month,Mailed check,DSL,50.7,3007,0,0.6082973547936906,1
9356-AXGMP,One year,Electronic check,Fiber optic,110.7,5461,0,0.6082683091260438,1
2267-FPIMA,Month-to-month,Credit card (automatic),Fiber optic,94.4,5548,0,0.6079486566831542,1
2115-BFTIW,Month-to-month,Mailed check,Fiber optic,70.95,4881,1,0.6079182053738007,1
0419-YAAPX,Month-to-month,Credit card (automatic),Fiber optic,85.3,4696,0,0.6078114195637141,1
6844-DZKRF,Month-to-month,Credit card (automatic),DSL,50.2,4697,0,0.6077771365656292,1
7459-RRWQZ,Month-to-month,Bank transfer (automatic),DSL,64.65,4780,1,0.6075563981953553,1
3845-FXCYS,Month-to-month,Electronic check,No,19.65,4841,0,0.6073493652153076,1
8660-BUETV,Month-to-month,Mailed check,DSL,44.75,3422,0,0.6073233773966945,1
2181-UAESM,Month-to-month,Electronic check,DSL,53.45,3477,0,0.6067108893887821,1
9881-VCZEP,Month-to-month,Electronic check,DSL,54.1,5701,0,0.6067098160914447,1
3946-JEWRQ,One year,Credit card (automatic),Fiber optic,95.2,4977,0,0.6064718699573519,1
8734-DKSTZ,Month-to-month,Electronic check,Fiber optic,85.95,4922,0,0.6063896058924234,1
3016-KSVCP,Month-to-month,Mailed check,DSL,33.75,3664,0,0.6060704720290268,1
3873-NFTGI,Month-to-month,Credit card (automatic),DSL,55.5,3520,0,0.6057154520512839,1
1794-HBQTJ,Month-to-month,Credit card (automatic),DSL,48.6,4207,1,0.6056875727400038,1
1564-HJUVY,Month-to-month,Bank transfer (automatic),DSL,63.75,2624,0,0.6055281554050687,1
1848-LBZHY,Month-to-month,Bank transfer (automatic),DSL,50.3,2547,0,0.6055156209711852,1
6624-JDRDS,Month-to-month,Bank transfer (automatic),DSL,29.45,4391,0,0.6049706634921739,1
6954-OOYZZ,Month-to-month,Bank transfer (automatic),DSL,44.35,2935,0,0.6046578454521931,1
5133-VRSAB,Month-to-month,Mailed check,DSL,29.35,5369,0,0.6046357976699073,1
7794-JASDG,Month-to-month,Mailed check,DSL,50.75,2250,0,0.6045270276148663,1
4824-GUCBY,Month-to-month,Electronic check,Fiber optic,81.7,5602,0,0.603855702760126,1
4462-CYWMH,Month-to-month,Bank transfer (automatic),Fiber optic,89.8,4981,0,0.6033161778452251,1
4238-HFHSN,Month-to-month,Electronic check,Fiber optic,82.15,4250,0,0.6032934903454363,1
7064-FRRSW,One year,Electronic check,Fiber optic,99.0,3061,0,0.6031670562157058,1
6987-XQSJT,Month-to-month,Electronic check,Fiber optic,79.5,5684,1,0.602984039102714,1
7410-KTVFV,Month-to-month,Mailed check,DSL,49.55,2815,1,0.6025431150070916,1
2479-BRAMR,Month-to-month,Bank transfer (automatic),Fiber optic,83.75,4995,1,0.6020789326280478,1
9079-YEXQJ,Month-to-month,Electronic check,Fiber optic,111.1,5527,1,0.6018139715897616,1
5154-VEKBL,Month-to-month,Mailed check,DSL,58.5,3032,1,0.6018042542383625,1
7905-NJMXS,Month-to-month,Electronic check,DSL,64.2,5116,0,0.6017382698426545,1
3521-SYVOR,Month-to-month,Electronic check,DSL,64.75,5554,1,0.6016074874168431,1
2452-KDRRH,Month-to-month,Credit card (automatic),Fiber optic,101.4,5269,0,0.6009638524841893,1
6821-JPCDC,One year,Electronic check,Fiber optic,97.05,5893,0,0.6009129594222252,1
8757-TFHHJ,Month-to-month,Credit card (automatic),DSL,49.8,2978,0,0.6007765917350424,1
7878-JGDKK,Month-to-month,Mailed check,DSL,44.55,2124,0,0.600408338047763,1
8800-JOOCF,Month-to-month,Electronic check,Fiber optic,84.05,4621,0,0.6001023281099835,1
5981-ZVXOT,One year,Electronic check,Fiber optic,108.35,5139,0,0.5999893272865834,1
2519-LBNQL,One year,Electronic check,Fiber optic,104.35,4040,0,0.599914198094984,1
8229-MYEJZ,Month-to-month,Electronic check,DSL,51.2,5765,0,0.5998710438468989,1
3814-MLAXC,Month-to-month,Credit card (automatic),Fiber optic,79.85,2554,1,0.5997315313018097,1
6439-GTPCA,Month-to-month,Electronic check,Fiber optic,87.25,5269,1,0.5995496167509543,1
2842-BCQGE,Month-to-month,Credit card (automatic),Fiber optic,75.35,4898,0,0.5982470231281692,1
3001-UNBTL,Month-to-month,Electronic check,Fiber optic,103.95,3733,0,0.5980843954652121,1
4026-SKKHW,Month-to-month,Mailed check,DSL,50.25,2166,0,0.5976202491113005,1
1552-AAGRX,Month-to-month,Bank transfer (automatic),Fiber optic,106.4,5503,0,0.5972645739773497,1
6257-RJOHI,Month-to-month,Mailed check,DSL,50.8,4521,0,0.5971754748307112,1
2144-BFDSO,Month-to-month,Bank transfer (automatic),Fiber optic,108.75,5211,0,0.5971392482775091,1
8033-VCZGH,One year,Electronic check,Fiber optic,103.95,4363,0,0.5968146585037432,1
7766-CLTIC,Month-to-month,Mailed check,DSL,60.95,4323,0,0.5966264990949097,1
8016-NCFVO,Month-to-month,Electronic check,Fiber optic,116.5,4222,0,0.5965757677461906,1
2792-VPPET,Month-to-month,Electronic check,No,20.5,5296,0,0.5963999227142008,1
2043-WVTQJ,Month-to-month,Mailed check,DSL,55.7,5664,0,0.5963969966014743,1
6549-NNDYT,Month-to-month,Bank transfer (automatic),DSL,30.85,2444,0,0.5963812913016349,1
2927-QRRQV,One year,Electronic check,Fiber optic,94.65,4120,0,0.5962911353682543,1
2472-OVKUP,Month-to-month,Electronic check,Fiber optic,91.0,2283,1,0.5960859055038622,1
1600-DILPE,Month-to-month,Bank transfer (automatic),DSL,45.0,4998,0,0.5957400005699826,1
1432-FPAXX,Month-to-month,Electronic check,DSL,30.6,3615,1,0.5945878236081911,1
9054-FOWNV,Month-to-month,Electronic check,Fiber optic,88.75,5585,0,0.5945390052343169,1
7047-FWEYA,One year,Electronic check,Fiber optic,103.15,3517,0,0.5943970759471234,1
5778-BVOFB,Month-to-month,Bank transfer (automatic),DSL,59.5,4011,0,0.5941229133845841,1
6576-FBXOJ,One year,Electronic check,DSL,54.6,4590,0,0.5938186245577327,1
5493-SDRDQ,Month-to-month,Mailed check,DSL,55.1,4235,1,0.5932027961271056,1
1935-IMVBB,Month-to-month,Mailed check,Fiber optic,89.7,5955,0,0.5929723313591051,1
2325-WINES,One year,Credit card (automatic),Fiber optic,104.05,2335,0,0.5925780833966297,1
5948-UJZLF,Month-to-month,Mailed check,DSL,49.25,3805,0,0.5923430377825557,1
1215-VFYVK,Month-to-month,Mailed check,DSL,48.25,2682,0,0.5921667731919761,1
2279-AXJJK,Month-to-month,Credit card (automatic),Fiber optic,95.65,4465,0,0.5921478101018314,1
2455-USLMV,Month-to-month,Credit card (automatic),Fiber optic,84.75,3727,0,0.5919187718455389,1
3859-CVCET,Month-to-month,Mailed check,DSL,45.65,2864,1,0.591206421119996,1
7850-VWJUU,Month-to-month,Bank transfer (automatic),Fiber optic,75.0,2221,0,0.5911364193267596,1
3195-TQDZX,Month-to-month,Electronic check,No,20.25,4050,0,0.5908265478539799,1
1871-MOWRM,Month-to-month,Bank transfer (automatic),Fiber optic,80.85,4306,1,0.5907308383297265,1
3956-CJUST,Month-to-month,Bank transfer (automatic),Fiber optic,75.4,2491,0,0.590323963029854,1
8910-LEDAG,Month-to-month,Credit card (automatic),Fiber optic,71.55,3583,0,0.5902251750515252,1
7966-YOTQW,Month-to-month,Credit card (automatic),DSL,54.5,4163,0,0.5901077763059086,1
7147-AYBAA,Month-to-month,Mailed check,Fiber optic,70.35,5402,0,0.590044376489779,1
2740-JFBOK,Month-to-month,Electronic check,No,24.0,5299,0,0.5899532156782651,1
2957-LOLHO,Month-to-month,Bank transfer (automatic),DSL,45.4,2887,1,0.58987665529194,1
4396-KLSEH,Month-to-month,Electronic check,No,19.85,5918,0,0.5898677425614791,1
0237-YFUTL,Month-to-month,Bank transfer (automatic),Fiber optic,109.65,4676,0,0.5897666390525221,1
6982-UQZLY,Month-to-month,Mailed check,No,20.85,3817,1,0.5897368609365086,1
7326-RIGQZ,Month-to-month,Electronic check,Fiber optic,69.8,2651,0,0.5895429416403516,1
7821-DPRQE,Month-to-month,Electronic check,Fiber optic,107.7,5015,0,0.5895069037468605,1
8740-XLHDR,Month-to-month,Mailed check,DSL,43.25,5824,1,0.5893347622165118,1
1703-MGIAB,Month-to-month,Mailed check,DSL,69.0,4439,0,0.5891710262879064,1
8761-NSOBC,Month-to-month,Electronic check,Fiber optic,100.55,3486,1,0.5889804560094457,1
6905-NIQIN,Month-to-month,Mailed check,DSL,50.65,2431,1,0.5888134032113835,1
0929-HYQEW,Month-to-month,Mailed check,DSL,50.15,2085,0,0.5887655133722096,1
2817-NTQDO,Month-to-month,Credit card (automatic),DSL,45.55,4856,1,0.5886865129253961,1
0094-OIFMO,Month-to-month,Electronic check,Fiber optic,95.0,5980,1,0.5886426143865581,1
1216-BGTSP,Month-to-month,Credit card (automatic),Fiber optic,108.45,5093,0,0.5885930560346254,1
2565-JSLRY,Month-to-month,Mailed check,No,24.05,3162,1,0.5882204959245096,1
7549-MYGPK,Month-to-month,Electronic check,Fiber optic,100.55,5413,1,0.5879986458291256,1
6641-XRPSU,Month-to-month,Credit card (automatic),Fiber optic,70.0,2318,1,0.5873488101930242,1
2480-JZOSN,Month-to-month,Mailed check,No,20.65,4517,0,0.5872816795302742,1
7054-ENNGU,Month-to-month,Mailed check,DSL,50.85,4623,0,0.5871054144378112,1
3898-GUYTS,Month-to-month,Electronic check,Fiber optic,97.05,4735,0,0.5868227780927582,1
1307-TVUFB,Month-to-month,Bank transfer (automatic),Fiber optic,79.35,2399,0,0.5867891831917685,1
3132-TVFDZ,Month-to-month,Electronic check,DSL,44.85,5172,1,0.5864255444030169,1
7928-VJYAB,Month-to-month,Electronic check,Fiber optic,90.6,2004,0,0.5863408746751332,1
6646-QVXLR,One year,Electronic check,Fiber optic,103.75,5052,1,0.5862824546658152,1
4989-LIXVT,Month-to-month,Electronic check,Fiber optic,95.9,5080,0,0.5862635380993808,1
4482-FTFFX,Month-to-month,Electronic check,DSL,56.15,5232,0,0.5860029999727828,1
6288-LBEAR,Month-to-month,Mailed check,Fiber optic,79.1,3619,0,0.5859108177326554,1
4070-OKWVH,Month-to-month,Bank transfer (automatic),Fiber optic,94.6,6212,0,0.5857855328636217,1
9489-UTFKA,Month-to-month,Bank transfer (automatic),DSL,60.9,2136,0,0.5856444619039002,1
3855-ONCAR,Month-to-month,Mailed check,Fiber optic,78.9,5775,0,0.5855686339844831,1
9822-WMWVG,Month-to-month,Electronic check,Fiber optic,106.5,4434,0,0.584899239059622,1
7621-VPNET,Month-to-month,Credit card (automatic),Fiber optic,85.9,2219,0,0.5848914117313709,1
3566-VVORZ,Month-to-month,Bank transfer (automatic),DSL,45.9,5790,0,0.5848602798843565,1
3143-ILDAL,Month-to-month,Electronic check,Fiber optic,94.45,4830,1,0.5848186158097368,1
0643-OKLRP,Month-to-month,Electronic check,Fiber optic,80.35,5915,1,0.5847656294657149,1
3258-SANFR,Month-to-month,Credit card (automatic),DSL,44.7,4270,0,0.5845531690283388,1
0742-MOABM,Month-to-month,Mailed check,DSL,50.05,3394,1,0.5844174310066076,1
1596-OQSPS,Month-to-month,Electronic check,DSL,51.1,4467,0,0.5841500665618509,1
4080-OGPJL,Month-to-month,Electronic check,DSL,71.15,2662,1,0.5839828107268625,1
2378-HTWFW,Month-to-month,Credit card (automatic),Fiber optic,91.0,5527,0,0.5839659514027571,1
5575-TPIZQ,Month-to-month,Credit card (automatic),Fiber optic,89.15,5593,0,0.58366419656741,1
4987-GQWPO,Month-to-month,Credit card (automatic),DSL,25.1,4580,0,0.5835355687931306,1
3301-LSLWQ,Month-to-month,Electronic check,DSL,66.1,5590,0,0.5834696998099169,1
5325-UWTWJ,Month-to-month,Credit card (automatic),Fiber optic,90.55,5722,0,0.5834230177581402,1
4480-MBMLB,One year,Bank transfer (automatic),Fiber optic,104.8,5319,0,0.5832269066468888,1
3522-CDKHF,Month-to-month,Bank transfer (automatic),Fiber optic,75.5,3131,0,0.5832019535702201,1
1582-RAFML,Month-to-month,Mailed check,DSL,60.1,5654,1,0.583141627365089,1
1422-DGUBX,One year,Electronic check,Fiber optic,79.25,2735,0,0.5827362853719691,1
5939-XAIXZ,Month-to-month,Mailed check,DSL,56.1,3367,0,0.5819420454247178,1
3018-TFTSU,Month-to-month,Bank transfer (automatic),Fiber optic,81.7,2850,1,0.581912388045018,1
9052-VKDUW,Month-to-month,Credit card (automatic),Fiber optic,109.4,4452,0,0.5817226757471717,1
0727-BMPLR,One year,Electronic check,Fiber optic,100.0,5679,1,0.5814759723764289,1
2195-VVRJF,Month-to-month,Credit card (automatic),DSL,59.1,2422,0,0.5812493242679816,1
1541-ETJZO,Month-to-month,Mailed check,DSL,62.05,2937,1,0.5807318873585723,1
7486-KSRVI,One year,Electronic check,Fiber optic,100.0,4760,1,0.5807042620364323,1
3707-LRWZD,One year,Electronic check,Fiber optic,84.05,3553,1,0.5806808605330654,1
0027-KWYKW,Month-to-month,Electronic check,Fiber optic,83.75,3585,0,0.5805001900897396,1
8896-BQTTI,Month-to-month,Mailed check,No,25.0,2371,0,0.5801759921322666,1
3345-JHUEO,Month-to-month,Electronic check,No,20.2,4267,0,0.5800251603229813,1
8805-JNRAZ,Month-to-month,Mailed check,DSL,49.2,2342,0,0.5796782438737109,1
6599-CEBNN,Month-to-month,Credit card (automatic),Fiber optic,73.95,5795,1,0.5796534164566913,1
1958-RNRKS,Month-to-month,Electronic check,DSL,49.9,3712,0,0.5793994710892254,1
9919-YLNNG,Month-to-month,Bank transfer (automatic),Fiber optic,103.8,4005,0,0.5792506786117051,1
4819-HJPIW,Month-to-month,Mailed check,DSL,25.15,2675,0,0.5788478295356596,1
5600-PDUJF,Month-to-month,Credit card (automatic),DSL,49.5,5552,0,0.5786733993277224,1
7814-LEEVE,Month-to-month,Bank transfer (automatic),No,20.3,4215,0,0.5784378661855795,1
2883-ILGWO,Month-to-month,Bank transfer (automatic),Fiber optic,104.9,5838,0,0.5781877071724977,1
6538-POCHL,Month-to-month,Credit card (automatic),Fiber optic,79.0,4396,0,0.5781613782531778,1
9795-VOWON,One year,Credit card (automatic),DSL,24.35,4665,0,0.5780834253855834,1
2988-GBIVW,Month-to-month,Electronic check,Fiber optic,90.85,5129,0,0.5780298957392532,1
4452-QIIEB,Month-to-month,Mailed check,DSL,43.9,3565,0,0.5779814977898692,1
1596-BBVTG,Month-to-month,Credit card (automatic),Fiber optic,75.35,2785,1,0.5778839907425488,1
6839-ITVZJ,Month-to-month,Electronic check,DSL,60.05,2039,1,0.5778411735277844,1
0058-EVZWM,Month-to-month,Bank transfer (automatic),Fiber optic,89.8,5875,0,0.5770151322722806,1
4724-WXVWF,Month-to-month,Electronic check,Fiber optic,95.4,4334,0,0.5769797829848857,1
9254-RBFON,One year,Bank transfer (automatic),Fiber optic,98.6,5160,1,0.5769168777709333,1
4188-FRABG,Month-to-month,Electronic check,Fiber optic,103.05,5586,0,0.5766988012097476,1
3043-TYBNO,Month-to-month,Mailed check,DSL,60.65,2111,0,0.5764305233887606,1
5527-ACHSO,Month-to-month,Mailed check,DSL,70.5,5541,0,0.576340497595759,1
1803-BGNBD,Month-to-month,Electronic check,DSL,54.3,3854,0,0.5759278365286357,1
4081-DYXAV,One year,Credit card (automatic),DSL,44.85,5182,1,0.5756117645005892,1
2911-UREFD,Month-to-month,Electronic check,DSL,55.9,5632,1,0.5751683185999233,1
2886-KEFUM,One year,Electronic check,Fiber optic,107.5,6144,1,0.5750605813235855,1
3668-QPYBK,Month-to-month,Mailed check,DSL,53.85,3239,1,0.5745373239332673,1
8329-UTMVM,One year,Bank transfer (automatic),Fiber optic,104.65,3104,0,0.5744331726413104,1
8168-UQWWF,Month-to-month,Bank transfer (automatic),Fiber optic,97.85,5674,1,0.5743650973781755,1
3656-TKRVZ,Month-to-month,Electronic check,DSL,55.35,5787,1,0.5742484664747298,1
2778-OCLGR,Month-to-month,Bank transfer (automatic),DSL,39.1,4591,1,0.5741484782547188,1
4007-NHVHI,Month-to-month,Electronic check,Fiber optic,96.85,5679,0,0.5738488656277954,1
7009-LGECI,Month-to-month,Bank transfer (automatic),DSL,50.55,4164,0,0.5736940844020388,1
4338-EYCER,Month-to-month,Bank transfer (automatic),DSL,54.6,5763,0,0.5735560720422684,1
8399-YNDCH,Month-to-month,Bank transfer (automatic),DSL,60.05,4716,1,0.5732777372080368,1
3162-KKZXO,One year,Electronic check,Fiber optic,100.15,5182,0,0.573229923271051,1
4088-YLDSU,One year,Electronic check,Fiber optic,104.15,4369,1,0.5729949002565002,1
3644-QXEHN,Month-to-month,Electronic check,Fiber optic,97.0,5282,0,0.5729549064537324,1
5208-HFSBT,Month-to-month,Credit card (automatic),DSL,55.05,5855,1,0.572876135123758,1
1456-TWCGB,Month-to-month,Mailed check,DSL,49.25,3272,0,0.571993342359149,1
3164-AALRN,One year,Mailed check,DSL,70.0,2673,1,0.5719372616164761,1
1641-RQDAY,Month-to-month,Electronic check,Fiber optic,100.4,4848,0,0.5717315254260921,1
8791-GFXLZ,Month-to-month,Bank transfer (automatic),DSL,49.05,4244,0,0.5716204107559375,1
2692-PFYTJ,Month-to-month,Mailed check,No,25.75,2569,0,0.5714276577798284,1
4628-WQCQQ,One year,Electronic check,Fiber optic,85.15,5928,1,0.5714270035606358,1
6137-NICCO,Month-to-month,Mailed check,Fiber optic,94.05,3083,0,0.5711226459558858,1
9767-FFLEM,Month-to-month,Credit card (automatic),Fiber optic,69.5,4591,0,0.5704107544330843,1
8679-JOEVF,Month-to-month,Electronic check,DSL,59.4,5556,1,0.5702021383224437,1
1996-DBMUS,Month-to-month,Bank transfer (automatic),Fiber optic,70.65,5523,0,0.5701862122629099,1
8388-FYNPZ,Month-to-month,Electronic check,DSL,56.75,2401,0,0.569651862703578,1
6807-SIWJI,One year,Electronic check,Fiber optic,104.85,2709,0,0.5695267516123629,1
9327-QSDED,Month-to-month,Mailed check,DSL,43.55,3266,0,0.5692621071319954,1
0618-XWMSS,Month-to-month,Bank transfer (automatic),Fiber optic,74.9,5392,1,0.569079914649817,1
6578-KRMAW,Month-to-month,Credit card (automatic),Fiber optic,93.4,3224,0,0.5688946667619389,1
2446-ZKVAF,Month-to-month,Credit card (automatic),DSL,56.8,5558,0,0.56876481062778,1
8455-HIRAQ,Month-to-month,Mailed check,DSL,44.45,4909,0,0.5684846269457211,1
7067-KSAZT,One year,Electronic check,Fiber optic,106.25,5965,1,0.5684788772576069,1
8868-GAGIO,Month-to-month,Mailed check,Fiber optic,84.55,3289,0,0.5683054726798228,1
2433-KMEAS,Month-to-month,Electronic check,DSL,54.45,2445,1,0.5680673439333123,1
9688-YGXVR,Month-to-month,Credit card (automatic),Fiber optic,88.15,4112,0,0.5676900389254476,1
1353-LJWEM,Month-to-month,Electronic check,DSL,60.9,2726,0,0.5676720436560215,1
4720-VSTSI,Month-to-month,Bank transfer (automatic),Fiber optic,84.8,3997,1,0.5672533418939604,1
4450-YOOHP,Month-to-month,Credit card (automatic),DSL,50.65,5433,0,0.5669804498291102,1
2478-EEWWM,Month-to-month,Electronic check,DSL,44.3,5905,0,0.5669329808840147,1
8728-SKJLR,Month-to-month,Electronic check,Fiber optic,74.25,3277,0,0.566883191351541,1
8677-HDZEE,Month-to-month,Bank transfer (automatic),Fiber optic,105.45,4212,0,0.5667979610679008,1
6199-IWKGC,One year,Electronic check,Fiber optic,100.25,5453,0,0.5662953741597353,1
6300-BWMJX,Month-to-month,Electronic check,Fiber optic,93.35,4814,0,0.5659746278331178,1
1213-NGCUN,Month-to-month,Bank transfer (automatic),DSL,49.65,4248,1,0.5656268387733677,1
9614-RMGHA,Month-to-month,Bank transfer (automatic),Fiber optic,91.85,5530,1,0.5654474511061676,1
6645-MXQJT,Month-to-month,Electronic check,Fiber optic,97.1,5745,0,0.5651139524581634,1
3307-TLCUD,Month-to-month,Mailed check,DSL,34.4,4207,0,0.564737523100725,1
5066-GFJMM,Month-to-month,Mailed check,No,19.9,3716,0,0.5644966455239282,1
4957-TREIR,Month-to-month,Credit card (automatic),DSL,64.4,5645,0,0.5644848712037348,1
3030-YZADT,Month-to-month,Mailed check,DSL,44.95,5023,1,0.5644042039827926,1
9833-TGFHX,One year,Electronic check,Fiber optic,97.1,2170,0,0.5640055851762356,1
3683-QKIUE,Month-to-month,Bank transfer (automatic),DSL,50.8,4713,1,0.5636661774787671,1
2826-UWHIS,Month-to-month,Bank transfer (automatic),Fiber optic,81.4,5602,0,0.5632826648299382,1
9163-GHAYE,Month-to-month,Electronic check,DSL,48.85,5584,0,0.5631146034247141,1
7789-HKSBS,One year,Bank transfer (automatic),Fiber optic,105.2,5573,0,0.5629429198527467,1
6692-UDPJC,Month-to-month,Electronic check,Fiber optic,91.65,4304,1,0.5627528919952608,1
6184-DYUOB,Month-to-month,Mailed check,No,19.6,2941,0,0.5626310147813989,1
5780-INQIK,Month-to-month,Electronic check,DSL,49.4,2907,0,0.5625075997709096,1
3069-SSVSN,One year,Mailed check,DSL,25.85,4467,0,0.5622958343466302,1
6713-OKOMC,Month-to-month,Mailed check,DSL,29.75,2013,0,0.561395808146038,1
8118-TJAFG,Month-to-month,Electronic check,Fiber optic,101.5,2757,0,0.5606153467758773,1
3452-SRFEG,Month-to-month,Bank transfer (automatic),Fiber optic,74.6,4516,0,0.5606015096047742,1
7398-LXGYX,Month-to-month,Credit card (automatic),Fiber optic,84.8,2770,0,0.5602873181316969,1
4361-BKAXE,Month-to-month,Bank transfer (automatic),Fiber optic,114.5,3038,1,0.5599359221325894,1
2267-WTPYD,Month-to-month,Credit card (automatic),Fiber optic,94.0,6015,0,0.5593012670780492,1
6202-DYYFX,One year,Credit card (automatic),Fiber optic,76.0,2031,0,0.5588119839720253,1
7285-KLOTR,One year,Electronic check,DSL,78.85,2495,0,0.5585432940501185,1
5485-WUYWF,Month-to-month,Bank transfer (automatic),DSL,66.4,4522,1,0.5585004663086992,1
2858-EIMXH,One year,Credit card (automatic),Fiber optic,95.85,5325,0,0.5584034463608912,1
4390-KYULV,Month-to-month,Credit card (automatic),No,20.55,4115,1,0.5583685440183859,1
5947-SGKCL,Month-to-month,Bank transfer (automatic),Fiber optic,105.35,2721,0,0.5581389811837898,1
9396-ZSFLL,Month-to-month,Mailed check,DSL,48.85,3762,0,0.5581116889528351,1
5628-RKIFK,Month-to-month,Credit card (automatic),Fiber optic,101.55,5348,0,0.557717740784588,1
8967-SZQAS,Month-to-month,Electronic check,DSL,50.45,3185,0,0.5575743228016588,1
1575-KRZZE,Month-to-month,Electronic check,DSL,55.2,4042,0,0.5575126773749924,1
2810-FTLEM,Month-to-month,Electronic check,DSL,50.15,4254,1,0.5574959591918559,1
4646-QZXTF,Month-to-month,Bank transfer (automatic),DSL,81.25,5928,0,0.5573076560752187,1
2522-AHJXR,Month-to-month,Bank transfer (automatic),Fiber optic,109.45,4350,0,0.5571793205539459,1
6088-BXMRG,Month-to-month,Electronic check,Fiber optic,98.85,3149,0,0.5571646567286082,1
7133-VBDCG,Month-to-month,Bank transfer (automatic),Fiber optic,79.85,4535,1,0.5566905993968185,1
5311-IHLEI,Month-to-month,Bank transfer (automatic),DSL,50.95,2716,0,0.5565703829224441,1
6818-WOBHJ,Month-to-month,Bank transfer (automatic),Fiber optic,89.6,5651,1,0.5561806894700595,1
6469-QJKZW,Month-to-month,Electronic check,No,20.15,2198,0,0.5560550055224298,1
3815-SLMEF,Month-to-month,Mailed check,DSL,34.25,2802,1,0.5559572139926546,1
6344-SFJVH,Month-to-month,Credit card (automatic),DSL,24.9,5942,0,0.5554681375623494,1
2207-OBZNX,Month-to-month,Mailed check,DSL,51.0,3736,1,0.555435738729287,1
3349-ANQNH,One year,Electronic check,Fiber optic,99.5,5513,0,0.5553158092094679,1
3113-IWHLC,Month-to-month,Mailed check,DSL,55.8,2612,0,0.5550554615697056,1
6599-GZWCM,One year,Mailed check,Fiber optic,74.65,4172,0,0.5542711887834489,1
8735-IJJEG,Month-to-month,Credit card (automatic),DSL,50.2,4253,0,0.5536595760506313,1
6874-SGLHU,One year,Bank transfer (automatic),Fiber optic,97.0,4126,0,0.5533575164634676,1
0080-OROZO,One year,Electronic check,Fiber optic,99.25,3244,0,0.552622248636994,1
2108-YKQTY,Month-to-month,Credit card (automatic),DSL,50.7,4930,1,0.5522748738428073,1
3982-XWFZQ,Month-to-month,Electronic check,DSL,50.25,4873,1,0.5522499919537837,1
4010-YLMVT,Month-to-month,Credit card (automatic),Fiber optic,106.6,5056,0,0.5521918405510472,1
4191-XOVOM,Month-to-month,Electronic check,Fiber optic,105.4,4551,0,0.5519409327384791,1
0481-SUMCB,One year,Bank transfer (automatic),Fiber optic,102.15,5391,0,0.5519207127376813,1
3606-SBKRY,One year,Electronic check,DSL,50.05,4529,0,0.5518922536222561,1
5287-QWLKY,Month-to-month,Credit card (automatic),Fiber optic,105.1,5725,1,0.551871551780121,1
4598-XLKNJ,Month-to-month,Electronic check,Fiber optic,98.5,5337,1,0.551753466477169,1
1784-EZDKJ,One year,Bank transfer (automatic),Fiber optic,106.8,4640,0,0.5513796394107733,1
1379-FRVEB,Month-to-month,Electronic check,Fiber optic,91.0,4602,0,0.5511944669165803,1
3537-HPKQT,Month-to-month,Credit card (automatic),Fiber optic,77.75,4621,0,0.5511378165817485,1
2924-KHUVI,One year,Electronic check,Fiber optic,100.55,4847,0,0.5509558636286009,1
2460-FPSYH,Month-to-month,Electronic check,DSL,55.8,4272,1,0.5501982974704048,1
6854-EXGSF,Month-to-month,Bank transfer (automatic),DSL,65.5,3033,0,0.5499352269073059,1
7346-MEDWM,Month-to-month,Electronic check,Fiber optic,83.25,4094,0,0.5499119459615615,1
3689-MOZGR,Month-to-month,Electronic check,DSL,31.2,4761,0,0.5498935927775981,1
9693-XMUOB,Month-to-month,Electronic check,DSL,50.25,5546,0,0.54980477197826,1
9103-TCIHJ,Month-to-month,Mailed check,DSL,55.7,4519,1,0.5495741649037507,1
6815-ABQFQ,One year,Electronic check,Fiber optic,107.25,5800,0,0.5493426994253946,1
0390-DCFDQ,Month-to-month,Mailed check,Fiber optic,70.45,3964,1,0.549077637524768,1
6351-SCJKT,Month-to-month,Mailed check,DSL,41.35,5534,0,0.5485846233442424,1
9069-LGEUL,Month-to-month,Bank transfer (automatic),DSL,59.95,5379,0,0.5485758006730049,1
2834-SPCJV,Month-to-month,Electronic check,Fiber optic,84.1,6216,1,0.548507490518808,1
2273-QCKXA,Month-to-month,Mailed check,DSL,49.05,3178,0,0.5484586106465406,1
5973-EJGDP,Month-to-month,Electronic check,Fiber optic,87.35,4899,0,0.5482303664859696,1
8799-OXZMD,Month-to-month,Mailed check,DSL,29.75,5463,0,0.5478106634423983,1
9572-MTILT,Month-to-month,Electronic check,Fiber optic,106.75,4508,1,0.5477516061725872,1
2806-MLNTI,One year,Bank transfer (automatic),Fiber optic,105.1,4621,0,0.5475332958153565,1
8755-IWJHN,Month-to-month,Bank transfer (automatic),Fiber optic,95.35,6132,0,0.5472341242831674,1
2607-FBDFF,Month-to-month,Credit card (automatic),DSL,49.0,5289,0,0.547184083583038,1
8807-ARQET,Month-to-month,Electronic check,DSL,40.35,2454,0,0.5469238919784396,1
6158-DWPZT,One year,Bank transfer (automatic),DSL,24.1,3195,1,0.5468177655766538,1
9237-HQITU,Month-to-month,Electronic check,Fiber optic,70.7,2701,1,0.5467273925156082,1
0823-HSCDJ,Month-to-month,Electronic check,DSL,49.15,5597,1,0.5466165057978191,1
7617-EYGLW,Month-to-month,Electronic check,No,19.45,5820,0,0.5465476130891175,1
1285-OKIPP,Month-to-month,Electronic check,Fiber optic,79.9,3394,1,0.5465386764141353,1
4672-FOTSD,Month-to-month,Electronic check,DSL,67.25,4334,0,0.5464222776488327,1
5423-BHIXO,Month-to-month,Electronic check,DSL,54.2,4454,0,0.5462940556342811,1
8095-WANWK,Month-to-month,Mailed check,DSL,45.25,5369,0,0.5462272111011353,1
8705-DWKTI,Month-to-month,Credit card (automatic),Fiber optic,83.8,6339,0,0.5455850010246124,1
0326-VDYXE,One year,Electronic check,Fiber optic,97.65,4252,0,0.5455445178972025,1
6439-LAJXL,Month-to-month,Mailed check,DSL,68.95,2452,0,0.5455065805700638,1
5651-CPDND,Month-to-month,Mailed check,DSL,46.0,3903,0,0.5453614713607196,1
1122-JWTJW,Month-to-month,Mailed check,Fiber optic,70.65,3463,1,0.5452856265603213,1
7248-VZQLC,Month-to-month,Bank transfer (automatic),Fiber optic,85.2,4661,1,0.5451594509245287,1
8267-ZNYVZ,One year,Electronic check,Fiber optic,103.75,3824,1,0.5450632672409566,1
2305-MRGLV,Month-to-month,Bank transfer (automatic),Fiber optic,76.55,2085,0,0.545026205490816,1
2920-RNCEZ,Month-to-month,Credit card (automatic),Fiber optic,69.95,5133,0,0.5448438296431913,1
2293-IJWPS,One year,Credit card (automatic),Fiber optic,100.75,6354,0,0.5445351096371622,1
8679-LZBMD,One year,Bank transfer (automatic),Fiber optic,90.65,3786,0,0.5445311258988473,1
7693-QPEFS,Month-to-month,Bank transfer (automatic),Fiber optic,72.95,4368,0,0.544147877764656,1
1215-FIGMP,Month-to-month,Bank transfer (automatic),Fiber optic,89.9,6292,0,0.543403106741235,1
5708-EVONK,Month-to-month,Bank transfer (automatic),Fiber optic,93.4,5989,1,0.5434001929461308,1
5371-VYLSX,Month-to-month,Electronic check,Fiber optic,83.4,4977,0,0.5432465315853242,1
5136-RGMZO,Month-to-month,Electronic check,DSL,71.05,4443,0,0.5431928592403252,1
7537-CBQUZ,Month-to-month,Bank transfer (automatic),Fiber optic,109.4,5961,0,0.5430182326066317,1
0191-ZHSKZ,Month-to-month,Electronic check,DSL,74.75,3033,0,0.5429965111581473,1
7103-IPXPJ,One year,Electronic check,Fiber optic,99.4,6479,0,0.5429812405305802,1
5035-PGZXH,One year,Electronic check,Fiber optic,106.8,6161,0,0.5429390999327446,1
2087-QAREY,Month-to-month,Mailed check,DSL,54.7,5722,0,0.5428800406729092,1
1258-YMZNM,One year,Bank transfer (automatic),Fiber optic,110.5,4997,0,0.5425868110940514,1
6284-KMNUF,One year,Electronic check,Fiber optic,98.0,4615,0,0.5423437690042313,1
3009-JWMPU,One year,Electronic check,Fiber optic,96.75,5016,1,0.541619093425654,1
7730-IUTDZ,Month-to-month,Electronic check,Fiber optic,75.2,4673,1,0.5414984515164695,1
5076-YVXCM,Month-to-month,Bank transfer (automatic),Fiber optic,83.4,4191,0,0.5413636784955402,1
3144-KMTWZ,Month-to-month,Bank transfer (automatic),Fiber optic,93.25,6035,0,0.540816480143716,1
7893-IXHRQ,Month-to-month,Electronic check,No,20.55,5636,1,0.5406010516875542,1
8706-HRADD,Month-to-month,Mailed check,DSL,43.55,5808,0,0.5405961754720393,1
7892-POOKP,Month-to-month,Electronic check,Fiber optic,104.8,5003,1,0.5401313316562222,1
5686-CMAWK,One year,Electronic check,Fiber optic,86.75,5863,0,0.5394071233453996,1
8992-CEUEN,Month-to-month,Electronic check,No,18.85,5084,0,0.5393047949419448,1
6896-SRVYQ,Month-to-month,Electronic check,Fiber optic,73.85,4374,0,0.5392894694074281,1
5542-DHSXL,Month-to-month,Mailed check,DSL,54.7,3475,0,0.538324371953554,1
4250-FDVOU,Month-to-month,Electronic check,DSL,56.25,4110,1,0.5378544785487998,1
4130-MZLCC,Month-to-month,Bank transfer (automatic),DSL,50.55,2739,0,0.5378515351823416,1
2623-DRYAM,One year,Electronic check,Fiber optic,101.75,5596,0,0.5376422432325717,1
2382-BCKQJ,One year,Electronic check,Fiber optic,100.15,5600,1,0.5375092804461105,1
9137-NOQKA,Month-to-month,Electronic check,No,19.2,4577,0,0.5374015333286847,1
5843-TTHGI,Month-to-month,Mailed check,DSL,50.0,4952,0,0.5369918744865617,1
2824-MYYBN,Month-to-month,Electronic check,Fiber optic,95.25,2969,0,0.5369622381951463,1
6313-GIDIT,Month-to-month,Electronic check,DSL,54.45,6280,1,0.5369066050752778,1
3179-GBRWV,Month-to-month,Bank transfer (automatic),DSL,64.95,4604,0,0.5367849807853706,1
2674-MLXMN,Month-to-month,Credit card (automatic),Fiber optic,99.65,4241,0,0.5364875154710712,1
0112-QAWRZ,Month-to-month,Bank transfer (automatic),Fiber optic,90.8,5560,0,0.53644620519614,1
1725-MIMXW,Month-to-month,Mailed check,No,19.45,5687,1,0.5362200831164285,1
8263-OKETD,Month-to-month,Credit card (automatic),DSL,68.9,3265,0,0.5360603439726632,1
0100-DUVFC,One year,Electronic check,Fiber optic,104.8,5291,0,0.535725562854386,1
8695-WDYEA,Month-to-month,Mailed check,DSL,51.25,4483,0,0.5350864511043558,1
2320-SLKMB,Month-to-month,Credit card (automatic),DSL,44.45,3080,0,0.5350711719894214,1
4177-JPDFU,Month-to-month,Mailed check,DSL,34.0,3215,0,0.5347905181592403,1
7242-QZLXF,Month-to-month,Electronic check,DSL,25.3,5421,1,0.5347837371145773,1
7596-LDUXP,One year,Credit card (automatic),Fiber optic,85.15,2452,0,0.5347076817546162,1
0550-DCXLH,Month-to-month,Mailed check,DSL,73.35,4645,0,0.5345326777961478,1
2828-SLQPF,Month-to-month,Bank transfer (automatic),DSL,45.0,4519,0,0.5343482288108475,1
7351-MHQVU,Month-to-month,Credit card (automatic),DSL,50.95,3474,0,0.5340367048264142,1
8980-WQFWL,Month-to-month,Electronic check,DSL,62.1,5315,0,0.5339187122896791,1
7799-DSEWS,Month-to-month,Electronic check,DSL,68.35,5993,0,0.5339038045058906,1
1217-VASWC,One year,Bank transfer (automatic),Fiber optic,100.55,4499,0,0.5336918306603181,1
9564-KCLHR,Month-to-month,Mailed check,DSL,51.25,2180,1,0.5334825377566887,1
1370-GGAWX,One year,Electronic check,Fiber optic,94.15,3924,0,0.5332746568155433,1
9233-PSYHO,One year,Bank transfer (automatic),Fiber optic,100.15,2636,0,0.5332012842037905,1
4791-QRGMF,One year,Bank transfer (automatic),Fiber optic,99.5,6098,1,0.5327976358603725,1
7883-ROJOC,Month-to-month,Mailed check,DSL,44.9,5842,0,0.5327519626949616,1
4232-JGKIY,Month-to-month,Electronic check,No,19.2,2716,0,0.5325481602365066,1
6121-VZNQB,Month-to-month,Mailed check,No,19.1,5890,1,0.5323968018855153,1
5828-DWPIL,Month-to-month,Electronic check,Fiber optic,89.1,4415,0,0.5323448114093637,1
1656-DRSMG,Month-to-month,Credit card (automatic),Fiber optic,109.85,5775,0,0.5322303387082236,1
0406-BPDVR,One year,Credit card (automatic),Fiber optic,101.5,6405,1,0.5321075877919553,1
4661-NJEUX,Month-to-month,Mailed check,No,20.05,5368,0,0.5318980051942744,1
5443-SCMKX,One year,Electronic check,Fiber optic,94.3,6166,0,0.5318527628298141,1
5309-TAIKL,Month-to-month,Bank transfer (automatic),DSL,62.8,4080,0,0.5318376460108717,1
1685-VAYJF,Month-to-month,Credit card (automatic),DSL,45.2,5253,0,0.5318064191105379,1
9779-DPNEJ,Month-to-month,Electronic check,Fiber optic,80.15,4732,0,0.531490682712216,1
9318-NKNFC,Month-to-month,Mailed check,No,18.85,4132,1,0.5313806199527262,1
2027-OAQQC,Month-to-month,Bank transfer (automatic),DSL,49.05,4044,1,0.5312883866452905,1
3620-MWJNE,Month-to-month,Mailed check,DSL,54.45,5753,0,0.531260136607661,1
8885-QSQBX,Month-to-month,Bank transfer (automatic),DSL,49.55,5277,0,0.5311802373690299,1
5356-RHIPP,Month-to-month,Mailed check,No,20.2,5355,1,0.5311432895277255,1
8919-FYFQZ,Month-to-month,Electronic check,DSL,30.35,4829,1,0.5308725896897301,1
3424-NMNBO,One year,Electronic check,Fiber optic,108.85,4739,1,0.5308630217678855,1
8563-IIOXK,One year,Electronic check,DSL,49.75,5651,1,0.5307069253520342,1
6849-OYAMU,One year,Bank transfer (automatic),Fiber optic,100.0,2608,1,0.5305292175369789,1
6897-UUBNU,Month-to-month,Mailed check,Fiber optic,89.65,2681,0,0.530525658221405,1
2460-NGXBJ,Month-to-month,Credit card (automatic),Fiber optic,75.2,5193,0,0.5304966496082367,1
8262-COGGB,Month-to-month,Mailed check,No,20.45,5384,0,0.5301330632593436,1
4667-OHGKG,Month-to-month,Mailed check,No,19.3,4266,1,0.5299624690892045,1
0929-PECLO,Month-to-month,Bank transfer (automatic),Fiber optic,89.6,4438,0,0.5298772235227712,1
0575-CUQOV,One year,Electronic check,Fiber optic,97.95,6150,0,0.5298213299471086,1
3604-WLABM,Month-to-month,Electronic check,DSL,54.25,2253,0,0.529572605848547,1
1240-KNSEZ,Month-to-month,Mailed check,No,20.1,4933,1,0.5295391926549361,1
6047-YHPVI,Month-to-month,Electronic check,Fiber optic,69.7,2454,1,0.5292017102705949,1
6629-LADHQ,Month-to-month,Mailed check,DSL,50.95,5968,0,0.5290578770812188,1
9408-SSNVZ,Month-to-month,Electronic check,Fiber optic,70.15,2227,1,0.5290566624428804,1
7594-LZNWR,Month-to-month,Credit card (automatic),Fiber optic,69.15,4478,0,0.5290466936920794,1
1622-HSHSF,Month-to-month,Mailed check,No,19.55,5607,0,0.5289383115951473,1
2369-FEVNO,Month-to-month,Mailed check,No,19.9,4590,0,0.5287823359198803,1
2465-BLLEU,Month-to-month,Mailed check,No,19.75,4441,0,0.5287445409737513,1
5136-GFPMB,Month-to-month,Credit card (automatic),Fiber optic,89.4,5871,0,0.528566771337155,1
5149-TGWDZ,One year,Mailed check,Fiber optic,104.55,3471,0,0.5282595648170534,1
2862-PFNIK,Month-to-month,Electronic check,DSL,24.7,3518,0,0.5282390430329874,1
1156-ZFYDO,Month-to-month,Electronic check,No,19.75,3666,0,0.5282283627469789,1
0761-AETCS,Month-to-month,Electronic check,No,19.3,3236,1,0.5281981916890365,1
5366-OBVMR,Month-to-month,Mailed check,DSL,50.3,3740,0,0.5280720461282968,1
2709-UQGNP,Month-to-month,Mailed check,DSL,51.65,4292,0,0.5280488712451108,1
2081-KJSQF,Month-to-month,Mailed check,No,20.25,4769,0,0.5280448161714115,1
7716-YTYHG,One year,Mailed check,Fiber optic,82.05,3365,1,0.5277463703913766,1
1091-SOZGA,One year,Credit card (automatic),Fiber optic,99.8,4606,0,0.527580263712478,1
8566-YPRGL,Month-to-month,Mailed check,No,19.5,5279,0,0.527563068995195,1
3577-AMVUX,Month-to-month,Mailed check,DSL,55.05,2962,0,0.5273709821973036,1
2604-XVDAM,Month-to-month,Bank transfer (automatic),DSL,43.8,5706,0,0.527285359067532,1
5215-LNLDJ,Month-to-month,Electronic check,DSL,24.7,3872,0,0.5270874674822568,1
3874-EQOEP,Month-to-month,Mailed check,Fiber optic,95.0,2786,1,0.5270306542033474,1
7319-VENRZ,Month-to-month,Bank transfer (automatic),DSL,64.3,4010,0,0.5269851891360272,1
0228-MAUWC,Month-to-month,Electronic check,DSL,59.55,3949,0,0.5269702800890593,1
1689-YQBYY,Month-to-month,Electronic check,Fiber optic,76.6,3280,0,0.5269364007287457,1
0670-KDOMA,Month-to-month,Mailed check,No,20.25,5854,0,0.5269196480164338,1
1000-AJSLD,Month-to-month,Mailed check,No,20.1,4389,1,0.5268758981722517,1
8120-JDCAM,Month-to-month,Mailed check,Fiber optic,69.55,3708,0,0.5267935925978113,1
5906-BFOZT,Month-to-month,Mailed check,No,19.5,3753,0,0.5265287531434146,1
9314-QDMDW,One year,Electronic check,DSL,61.25,2738,0,0.5265022328541642,1
8305-VHZBZ,Month-to-month,Mailed check,No,20.2,4325,1,0.526101162935724,1
2003-CKLOR,Month-to-month,Electronic check,Fiber optic,99.5,4001,1,0.5260702911520855,1
5088-QZLRL,Month-to-month,Electronic check,No,20.65,2729,0,0.5259273279515095,1
5934-RMPOV,Month-to-month,Electronic check,Fiber optic,84.75,4240,0,0.5258539167729347,1
5143-WMWOG,Month-to-month,Electronic check,No,19.95,2051,1,0.5258357429824172,1
3511-APPBJ,One year,Credit card (automatic),Fiber optic,99.95,3515,0,0.525768225829177,1
2153-MREFK,One year,Electronic check,Fiber optic,99.2,3599,1,0.525529756080215,1
8722-NGNBH,Month-to-month,Mailed check,DSL,40.0,3125,1,0.5251555487834414,1
1480-IVEVR,One year,Bank transfer (automatic),Fiber optic,81.6,2300,0,0.5248767928798743,1
4524-QCSSM,Month-to-month,Bank transfer (automatic),DSL,44.65,4512,0,0.5247170245749084,1
3797-FKOGQ,Month-to-month,Electronic check,Fiber optic,86.2,3157,0,0.5247072762412714,1
7989-CHGTL,Month-to-month,Mailed check,No,19.6,3448,1,0.5245733110556884,1
0843-WTBXE,Month-to-month,Bank transfer (automatic),Fiber optic,85.45,4753,1,0.5245311612801667,1
7750-EYXWZ,One year,Electronic check,DSL,60.65,3740,0,0.5244352647865335,1
7074-STDCN,Month-to-month,Electronic check,DSL,40.6,4436,0,0.5243087738033251,1
7853-WNZSY,Month-to-month,Credit card (automatic),No,19.75,5809,0,0.5235919784385155,1
5624-RYAMH,Month-to-month,Electronic check,No,19.5,4283,0,0.5235619368739629,1
6637-KYRCV,Month-to-month,Electronic check,DSL,30.5,5973,0,0.523199043423638,1
4897-QSUYC,Month-to-month,Mailed check,No,20.15,4939,1,0.5228983254348497,1
6360-SVNWV,Month-to-month,Credit card (automatic),Fiber optic,73.55,2057,0,0.5222627227683154,1
1493-AMTIE,Month-to-month,Bank transfer (automatic),No,20.2,5394,1,0.5221311063471685,1
0899-WZRSD,Month-to-month,Mailed check,Fiber optic,105.35,5680,0,0.5220974117552102,1
3657-COGMW,Month-to-month,Credit card (automatic),Fiber optic,108.1,4251,0,0.5218633843562238,1
4588-YBNIB,Month-to-month,Mailed check,No,19.6,4205,1,0.5218397002985515,1
7041-TXQJH,Month-to-month,Credit card (automatic),DSL,40.2,5924,0,0.5213237147753175,1
3629-WEAAM,Month-to-month,Mailed check,DSL,64.1,2804,0,0.5211980314066476,1
7426-GSWPO,Month-to-month,Bank transfer (automatic),Fiber optic,103.5,5125,0,0.5211588118336692,1
8620-RJPZN,Month-to-month,Electronic check,No,20.7,3061,0,0.5208802943410483,1
7016-BPGEU,Month-to-month,Credit card (automatic),DSL,25.1,2796,1,0.5208466475542419,1
5201-FRKKS,Month-to-month,Bank transfer (automatic),Fiber optic,74.3,4815,0,0.5200479033927298,1
6769-DYBQN,Month-to-month,Electronic check,Fiber optic,85.0,2097,1,0.5193962815098313,1
8065-BVEPF,Month-to-month,Bank transfer (automatic),Fiber optic,99.1,4574,0,0.5193882659535013,1
0512-FLFDW,One year,Credit card (automatic),Fiber optic,100.5,6442,0,0.5191290604811779,1
7839-QRKXN,Month-to-month,Mailed check,No,20.2,4197,1,0.5190296024470896,1
1024-KPRBB,One year,Mailed check,Fiber optic,89.1,2675,0,0.5185817220604578,1
8152-UOBNY,One year,Electronic check,Fiber optic,106.8,5746,0,0.5183135510824841,1
4925-LMHOK,Month-to-month,Credit card (automatic),DSL,58.6,2003,1,0.5179158593976356,1
9027-YFHQJ,Month-to-month,Bank transfer (automatic),No,25.05,4868,0,0.5177662559272511,1
3714-JTVOV,Month-to-month,Credit card (automatic),Fiber optic,74.15,2322,1,0.5175785573082778,1
5701-ZIKJE,Month-to-month,Mailed check,DSL,50.55,5530,0,0.5172353380805982,1
2676-OXPPQ,Month-to-month,Bank transfer (automatic),DSL,55.7,2482,0,0.5171313324038159,1
1098-TDVUQ,Month-to-month,Bank transfer (automatic),No,19.25,4745,0,0.5168887606656252,1
8073-IJDCM,Month-to-month,Mailed check,No,20.3,3830,1,0.5167674372736163,1
4800-VHZKI,Month-to-month,Mailed check,No,19.9,3351,1,0.5162657660894863,1
4692-NNQRU,One year,Electronic check,Fiber optic,79.2,4900,0,0.5159551946795442,1
8627-ZYGSZ,One year,Electronic check,Fiber optic,78.9,3817,0,0.5158349236565091,1
7495-OOKFY,Month-to-month,Credit card (automatic),Fiber optic,80.65,5302,1,0.5156124858717797,1
7298-IZWLY,Month-to-month,Mailed check,No,19.4,2742,0,0.5155883383101396,1
4365-MSDYN,Month-to-month,Bank transfer (automatic),No,19.55,4909,0,0.5151288507220947,1
2108-GLPQB,Month-to-month,Credit card (automatic),DSL,55.55,2950,0,0.5149101324735628,1
2782-JEEBU,Month-to-month,Mailed check,DSL,36.0,3378,0,0.5148043442531252,1
7610-TVOPG,Month-to-month,Electronic check,No,26.35,2723,0,0.5147948283863557,1
5996-DAOQL,Month-to-month,Mailed check,No,20.45,2184,0,0.5144491038552023,1
2408-TZMJL,One year,Electronic check,Fiber optic,110.15,4601,1,0.5136905066494781,1
0215-BQKGS,Month-to-month,Credit card (automatic),Fiber optic,84.3,5393,0,0.5136862931516285,1
0871-OPBXW,Month-to-month,Mailed check,No,20.05,5191,0,0.513514662420358,1
7291-CDTMJ,Month-to-month,Bank transfer (automatic),No,19.65,3075,0,0.513297114317622,1
2832-SCUCO,Month-to-month,Electronic check,No,19.9,2822,0,0.5132948311360955,1
6942-LBFDP,Month-to-month,Mailed check,No,20.55,5629,0,0.5130255021979877,1
4488-KQFDT,One year,Electronic check,Fiber optic,103.95,4148,0,0.5129977932472756,1
5188-HGMLP,Month-to-month,Bank transfer (automatic),Fiber optic,74.0,4991,0,0.5129866874650698,1
7629-WIXZF,One year,Electronic check,DSL,59.1,4770,0,0.5128767116417082,1
6270-OMFIW,One year,Electronic check,Fiber optic,94.4,4990,1,0.5125831543503571,1
3419-SNJJD,Month-to-month,Bank transfer (automatic),Fiber optic,105.25,4196,1,0.5124548636611713,1
5334-JLAXU,Month-to-month,Credit card (automatic),Fiber optic,94.1,5267,0,0.5119379809366814,1
2876-VBBBL,Month-to-month,Mailed check,No,20.25,2783,1,0.5118605535556078,1
9039-ZVJDC,Month-to-month,Mailed check,No,19.1,4905,0,0.511629388068741,1
7636-XUHWW,Month-to-month,Credit card (automatic),No,19.9,5824,0,0.5116027607449745,1
6620-JDYNW,Month-to-month,Mailed check,DSL,60.6,4459,0,0.5114295080426409,1
1077-HUUJM,Month-to-month,Electronic check,Fiber optic,71.05,4668,0,0.5113935202895062,1
4123-FCVCB,One year,Mailed check,DSL,75.85,5942,0,0.5112840519279451,1
1335-HQMKX,One year,Electronic check,Fiber optic,101.35,4497,0,0.5111898066779778,1
2640-LYMOV,Month-to-month,Mailed check,No,19.65,3007,0,0.5110947566161799,1
3584-WKTTW,One year,Electronic check,Fiber optic,111.55,4053,0,0.510401613111545,1
0471-ARVMX,One year,Electronic check,Fiber optic,104.85,5061,0,0.5099141933690013,1
0516-WJVXC,Month-to-month,Electronic check,DSL,54.2,5476,1,0.5098134451111735,1
7526-IVLYU,Month-to-month,Mailed check,No,19.65,4852,0,0.5096118912220896,1
8713-IGZSO,Month-to-month,Mailed check,No,24.85,5983,0,0.5095656784776014,1
2045-BMBTJ,Month-to-month,Bank transfer (automatic),DSL,59.45,3116,0,0.5095009466016182,1
7661-CPURM,One year,Credit card (automatic),Fiber optic,87.7,4446,0,0.5091861016970601,1
7402-PWYJJ,One year,Electronic check,Fiber optic,91.15,6439,0,0.5089003396292094,1
7072-MBHEV,Month-to-month,Credit card (automatic),Fiber optic,78.1,2333,0,0.5088358696810097,1
5802-ADBRC,One year,Mailed check,Fiber optic,104.4,6100,0,0.5087580381879453,1
0872-JCPIB,Month-to-month,Bank transfer (automatic),DSL,65.75,3921,0,0.5087297308509646,1
4190-MFLUW,Month-to-month,Credit card (automatic),DSL,55.2,5925,1,0.5087066287891922,1
4634-JLRJT,Month-to-month,Mailed check,No,20.35,2183,0,0.5084525446288927,1
4237-CLSMM,Month-to-month,Mailed check,No,20.0,4823,0,0.5083895517468642,1
4693-VWVBO,Month-to-month,Electronic check,No,19.55,3889,0,0.5082499776970834,1
8023-QHAIO,Month-to-month,Bank transfer (automatic),Fiber optic,76.85,6035,0,0.5081800103448701,1
0691-IFBQW,One year,Electronic check,Fiber optic,110.0,2403,1,0.5080953819371796,1
7130-CTCUS,Month-to-month,Bank transfer (automatic),DSL,54.55,3324,0,0.5080938523317011,1
3744-ZBHON,Month-to-month,Electronic check,No,20.2,4369,0,0.5078272610589485,1
7880-XSOJX,Month-to-month,Mailed check,DSL,42.4,4282,0,0.5077537190490613,1
4918-FYJNT,Month-to-month,Electronic check,Fiber optic,90.45,5140,0,0.5075487064549824,1
3756-VNWDH,One year,Electronic check,Fiber optic,100.75,4368,0,0.5074701449211438,1
4003-FUSHP,Month-to-month,Credit card (automatic),DSL,61.55,5831,0,0.5072207074380247,1
2626-URJFX,Month-to-month,Electronic check,DSL,50.9,5691,1,0.5066301664496298,1
2480-EJWYP,One year,Bank transfer (automatic),Fiber optic,97.8,6019,0,0.506312202626169,1
1134-YWTYF,Month-to-month,Electronic check,DSL,53.8,2563,0,0.5060239026474147,1
0471-LVHGK,One year,Electronic check,DSL,73.0,2041,1,0.5059702564087913,1
1449-XQEMT,Month-to-month,Mailed check,No,19.8,4323,1,0.505769193106811,1
0567-GGCAC,Month-to-month,Electronic check,DSL,61.4,2845,0,0.5057536195657941,1
1360-JYXKQ,One year,Electronic check,Fiber optic,99.1,4118,0,0.5056212044737411,1
5469-CTCWN,One year,Electronic check,Fiber optic,106.0,4334,1,0.5052687525336168,1
8111-BKVDS,Month-to-month,Bank transfer (automatic),DSL,40.7,2164,0,0.5051560254466617,1
8739-QOTTN,Month-to-month,Mailed check,No,20.35,5761,0,0.5051070922869023,1
2393-DIVAI,Month-to-month,Mailed check,No,20.0,5575,0,0.5047143058240546,1
7089-XXAYG,One year,Credit card (automatic),DSL,38.1,2315,0,0.5044902946273733,1
8735-DCXNF,Month-to-month,Credit card (automatic),DSL,54.95,3519,0,0.5044647923528482,1
2955-PSXOE,Month-to-month,Bank transfer (automatic),No,20.2,3061,1,0.5042297145901302,1
2669-QVCRG,Month-to-month,Credit card (automatic),Fiber optic,81.3,2299,0,0.5040678219858421,1
2018-PZKMU,Month-to-month,Electronic check,Fiber optic,103.1,4171,0,0.5040500258951125,1
5445-GLVOT,Month-to-month,Electronic check,DSL,49.8,4667,0,0.503983094612621,1
0701-TJSEF,Month-to-month,Bank transfer (automatic),DSL,68.25,4366,0,0.5038486623688118,1
1087-UDSIH,Month-to-month,Mailed check,No,19.6,5000,1,0.5036580572449939,1
6898-MDLZW,Month-to-month,Mailed check,DSL,53.75,5385,0,0.5034112571803945,1
5651-WYIPH,Month-to-month,Credit card (automatic),DSL,49.85,3283,0,0.5032516868365872,1
1899-VXWXM,One year,Credit card (automatic),Fiber optic,106.1,5898,1,0.5028923003381743,1
0156-FVPTA,Month-to-month,Electronic check,DSL,54.2,5102,1,0.5026590933397072,1
0887-WBJVH,One year,Electronic check,Fiber optic,93.45,4700,0,0.5024291248762417,1
5186-EJEGL,Month-to-month,Mailed check,DSL,69.5,3628,0,0.5022333772642421,1
9500-LTVBP,Month-to-month,Credit card (automatic),Fiber optic,80.05,3999,0,0.5021775808033512,1
8070-AAWZP,Month-to-month,Mailed check,DSL,34.25,2525,0,0.5018500298940983,1
6968-GMKPR,Month-to-month,Electronic check,Fiber optic,81.55,5167,0,0.5018039783272605,1
6575-SUVOI,Month-to-month,Credit card (automatic),DSL,69.5,3154,0,0.5017375971685134,1
0268-QKIWO,Month-to-month,Electronic check,No,19.75,2647,1,0.5010976772801164,1
6549-YMFAW,Month-to-month,Mailed check,No,21.25,2302,0,0.5006953711801548,1
4415-WNGVR,One year,Electronic check,DSL,79.2,3355,0,0.5004141888761408,1
7251-LJBQN,One year,Credit card (automatic),Fiber optic,103.75,3568,0,0.4999520868031248,0
0771-WLCLA,Month-to-month,Electronic check,Fiber optic,112.95,2683,0,0.4999083232331969,0
9375-MHRRS,Month-to-month,Mailed check,DSL,50.05,3929,0,0.4997745342989274,0
0520-FDVVT,One year,Bank transfer (automatic),Fiber optic,102.35,2473,1,0.4996463612747061,0
4986-MXSFP,Month-to-month,Mailed check,No,20.0,2237,0,0.49933156129678236,0
3594-IVHJZ,Month-to-month,Mailed check,No,20.45,2606,0,0.49912085919023585,0
7892-QVYKW,Month-to-month,Electronic check,Fiber optic,85.6,3513,0,0.4990169122813623,0
2475-MROZF,Month-to-month,Credit card (automatic),Fiber optic,95.0,3597,0,0.49889602533627786,0
0898-XCGTF,One year,Bank transfer (automatic),Fiber optic,96.5,5926,0,0.4988771328840435,0
5243-SAOTC,Month-to-month,Bank transfer (automatic),Fiber optic,79.85,5166,0,0.4979755237444003,0
6890-PFRQX,Month-to-month,Mailed check,DSL,69.5,4466,0,0.4978362065472949,0
0690-SRQID,Month-to-month,Mailed check,No,19.65,4925,0,0.497809041924604,0
3794-NFNCH,Month-to-month,Mailed check,DSL,50.0,4715,0,0.49759870147939717,0
2616-UUTFK,Month-to-month,Bank transfer (automatic),DSL,72.75,4959,0,0.49750938349358054,0
9828-QHFBK,Month-to-month,Electronic check,DSL,51.15,5796,0,0.49750843340820683,0
0719-SYFRB,Month-to-month,Mailed check,DSL,61.65,5670,1,0.4970871301226816,0
7245-JMTTQ,One year,Electronic check,Fiber optic,111.5,4363,0,0.49705885488690116,0
1020-JPQOW,Month-to-month,Electronic check,Fiber optic,90.55,6161,0,0.4969048962054332,0
5370-IIVVL,One year,Credit card (automatic),Fiber optic,104.5,4812,0,0.4967109002938243,0
0880-FVFWF,Month-to-month,Electronic check,Fiber optic,86.4,4449,0,0.4966647714170541,0
5018-HEKFO,Month-to-month,Mailed check,No,24.5,5594,0,0.49657165021615407,0
9643-AVVWI,Month-to-month,Electronic check,Fiber optic,80.0,4264,0,0.49654353055366496,0
1450-SKCVI,Month-to-month,Electronic check,Fiber optic,73.85,5276,1,0.4964399430490186,0
9835-ZIITK,One year,Electronic check,Fiber optic,110.85,4281,1,0.4962296753001144,0
5989-OMNJE,One year,Electronic check,DSL,57.6,5623,0,0.49577237414724556,0
6067-NGCEU,Month-to-month,Credit card (automatic),Fiber optic,111.05,5261,0,0.49574183940662053,0
9776-OJUZI,Month-to-month,Bank transfer (automatic),Fiber optic,95.45,4168,0,0.49573191633769725,0
3685-YLCMQ,One year,Electronic check,Fiber optic,104.65,5411,1,0.49568083670444163,0
1356-MKYSK,Month-to-month,Credit card (automatic),DSL,78.65,2724,0,0.4950968191682783,0
8003-EWNDZ,Month-to-month,Electronic check,No,21.2,2066,0,0.49495084759065644,0
4501-VCPFK,Month-to-month,Electronic check,DSL,35.75,2734,0,0.49476669276778396,0
8992-OBVDG,Month-to-month,Mailed check,DSL,61.65,2926,0,0.49409166600271265,0
9512-PHSMG,Month-to-month,Mailed check,No,20.55,4907,0,0.4938590073749597,0
6572-ADKRS,Month-to-month,Credit card (automatic),Fiber optic,74.8,3395,0,0.49358971496290677,0
8597-CWYHH,One year,Mailed check,Fiber optic,94.35,5845,0,0.49327548551168443,0
5174-RNGBH,Month-to-month,Mailed check,DSL,66.25,5515,1,0.49322847114978463,0
4945-RVMTE,Month-to-month,Bank transfer (automatic),DSL,59.55,3354,0,0.49313246244847575,0
2621-UDNLU,Month-to-month,Mailed check,No,20.85,5867,0,0.49277573669370983,0
0096-FCPUF,Month-to-month,Mailed check,DSL,64.5,5039,0,0.4927667502863582,0
8217-QYOHV,Month-to-month,Mailed check,DSL,55.75,4545,0,0.49250045203810056,0
2027-CWDNU,Month-to-month,Electronic check,Fiber optic,85.6,5968,0,0.4924485445574668,0
9277-JOOMO,Month-to-month,Mailed check,No,24.6,5756,0,0.49234270747269515,0
8800-ZKRFW,Month-to-month,Electronic check,Fiber optic,107.5,3094,0,0.4921537469859785,0
6633-SYEUS,Month-to-month,Bank transfer (automatic),Fiber optic,83.2,2061,0,0.4919550417660862,0
7128-GGCNO,Month-to-month,Bank transfer (automatic),Fiber optic,72.8,2642,0,0.49177919325913283,0
0691-NIKRI,One year,Credit card (automatic),Fiber optic,105.95,3784,0,0.49164568117775626,0
1394-SUIUH,Month-to-month,Electronic check,Fiber optic,85.15,2672,0,0.49154130438439736,0
7673-LPRNY,One year,Electronic check,DSL,78.55,3127,0,0.4914472472740081,0
3521-MNKLV,Month-to-month,Mailed check,DSL,49.7,5832,0,0.4911858242868245,0
2346-DJQTB,Month-to-month,Electronic check,DSL,24.15,5097,0,0.49082889660702855,0
2303-PJYHN,Month-to-month,Bank transfer (automatic),No,19.85,4107,0,0.4906358067956446,0
4712-AUQZO,Month-to-month,Mailed check,DSL,33.6,5388,0,0.4906120568546805,0
7109-MFBYV,Month-to-month,Electronic check,DSL,45.45,5451,0,0.4905869343148333,0
3807-BPOMJ,One year,Electronic check,Fiber optic,94.75,6021,0,0.49042229656959646,0
9831-BPFRI,One year,Electronic check,Fiber optic,89.55,3849,1,0.49038625491334636,0
6952-OMNWB,Month-to-month,Credit card (automatic),Fiber optic,80.35,5581,0,0.4900574852971299,0
7580-UGXNC,Month-to-month,Mailed check,DSL,54.85,3016,1,0.4899526992652554,0
6475-VHUIZ,Month-to-month,Electronic check,DSL,54.25,5140,0,0.48991668822698614,0
6397-JNZZG,Month-to-month,Credit card (automatic),DSL,55.55,2573,1,0.48987981822121535,0
4800-CZMPC,One year,Credit card (automatic),Fiber optic,103.25,4736,1,0.48949682065661404,0
9139-WQQDY,One year,Mailed check,Fiber optic,100.45,4235,1,0.48940869530564246,0
9360-AHGNL,One year,Mailed check,Fiber optic,109.55,5863,1,0.4892668158733366,0
7017-VFULY,Month-to-month,Bank transfer (automatic),No,20.1,4158,0,0.4892453933904893,0
2684-EIWEO,Month-to-month,Credit card (automatic),Fiber optic,91.7,2482,1,0.48918868277501587,0
6728-VOIFY,One year,Electronic check,Fiber optic,96.0,5016,0,0.4890327174067225,0
8294-UIMBA,One year,Bank transfer (automatic),Fiber optic,94.4,4584,0,0.48887346828635453,0
6680-NENYN,Two year,Electronic check,Fiber optic,104.6,5250,1,0.48884767900580256,0
2933-FILNV,Month-to-month,Mailed check,DSL,24.4,2635,1,0.4877018038592187,0
3763-GCZHZ,One year,Electronic check,Fiber optic,104.05,5504,1,0.4874852571989671,0
5144-PQCDZ,Month-to-month,Mailed check,No,19.95,3172,0,0.48735592726597315,0
4827-USJHP,Month-to-month,Mailed check,DSL,51.8,2764,0,0.48721261925084747,0
6917-YACBP,Month-to-month,Electronic check,Fiber optic,89.75,5170,0,0.48683598331274813,0
5067-XJQFU,One year,Electronic check,Fiber optic,108.45,4582,0,0.4868017939689644,0
7124-UGSUR,One year,Credit card (automatic),Fiber optic,104.4,4412,1,0.48655688619726023,0
6469-MRVET,One year,Electronic check,No,20.2,4160,0,0.4863571586181532,0
3007-FDPEA,Month-to-month,Bank transfer (automatic),No,20.7,2107,0,0.4861356365648493,0
1697-NVVGY,Month-to-month,Bank transfer (automatic),DSL,66.4,4533,0,0.48594656535512193,0
1732-VHUBQ,Month-to-month,Bank transfer (automatic),Fiber optic,70.55,4457,1,0.4858406029430294,0
3890-RTCMS,Month-to-month,Mailed check,DSL,49.45,3446,0,0.48583082005461947,0
2995-UPRYS,One year,Credit card (automatic),Fiber optic,99.2,5098,1,0.4852524651898629,0
2458-EOMRE,Month-to-month,Bank transfer (automatic),DSL,64.05,4171,0,0.48512681584718165,0
1986-PHGZF,Month-to-month,Credit card (automatic),DSL,58.4,2812,0,0.48501869853542307,0
7734-DBOAI,Month-to-month,Electronic check,DSL,40.1,5434,1,0.4843978802996886,0
7395-XWZOY,Month-to-month,Credit card (automatic),DSL,55.0,4481,0,0.4843596391264831,0
7733-UDMTP,Month-to-month,Electronic check,DSL,55.0,4622,0,0.4840897603389599,0
4832-VRBMR,One year,Bank transfer (automatic),Fiber optic,103.15,6441,0,0.4836568279224469,0
7808-DVWEP,Month-to-month,Bank transfer (automatic),No,20.0,3985,0,0.483551847613723,0
4869-EPIUS,One year,Electronic check,Fiber optic,80.9,5344,0,0.4832929330683271,0
9817-APLHW,Month-to-month,Electronic check,No,25.0,4408,0,0.48283162615706793,0
7251-XFOIL,Month-to-month,Mailed check,Fiber optic,89.2,5536,0,0.48211970289756423,0
6345-HOVES,Month-to-month,Bank transfer (automatic),DSL,25.05,3800,0,0.4819986576586022,0
4881-JVQOD,Month-to-month,Bank transfer (automatic),DSL,34.55,5248,0,0.4818924018740694,0
6551-GNYDG,Month-to-month,Bank transfer (automatic),Fiber optic,80.9,2563,0,0.48176639372747704,0
3638-DIMPH,One year,Electronic check,DSL,43.8,4369,0,0.4816585096516138,0
0621-HJWXJ,Month-to-month,Bank transfer (automatic),Fiber optic,81.55,4980,0,0.4816505260673959,0
9323-HGFWY,One year,Credit card (automatic),Fiber optic,101.9,3795,0,0.4813565021955304,0
5702-SKUOB,Month-to-month,Mailed check,No,19.6,4580,0,0.48133513422919744,0
6467-CHFZW,Month-to-month,Electronic check,Fiber optic,99.35,5789,1,0.48115693409259647,0
9971-ZWPBF,Month-to-month,Electronic check,Fiber optic,108.9,5151,0,0.4809860654565205,0
0463-WZZKO,Month-to-month,Credit card (automatic),No,20.75,2406,0,0.4805104042846978,0
9097-ZUBYC,Month-to-month,Bank transfer (automatic),DSL,48.8,2168,0,0.48049320775926185,0
0959-WHOKV,One year,Electronic check,Fiber optic,99.0,2887,0,0.4804122690417019,0
8317-BVKSO,Month-to-month,Electronic check,No,20.05,5728,0,0.4803901558432576,0
7446-YPODE,Month-to-month,Bank transfer (automatic),DSL,60.25,5296,0,0.48036958802542973,0
3523-QRQLL,One year,Bank transfer (automatic),DSL,69.5,5922,1,0.48012161536274134,0
5022-JNQEQ,Month-to-month,Electronic check,Fiber optic,75.85,4843,0,0.48003077268850813,0
9099-FTUHS,Month-to-month,Electronic check,DSL,54.4,2989,0,0.4797278388637444,0
0303-WMMRN,Month-to-month,Mailed check,No,19.25,3056,0,0.4793790111989419,0
1113-IUJYX,One year,Mailed check,Fiber optic,105.95,5887,1,0.4792387518752014,0
8547-NSBBO,Month-to-month,Mailed check,Fiber optic,96.75,5154,0,0.4790188613745355,0
2732-ISEZX,Month-to-month,Mailed check,No,20.5,5263,0,0.4788855991782048,0
0114-RSRRW,Month-to-month,Bank transfer (automatic),No,19.95,3831,0,0.4787005471162521,0
6179-GJPSO,Month-to-month,Credit card (automatic),Fiber optic,108.15,2833,1,0.47869681292735233,0
4685-ERGHK,One year,Electronic check,Fiber optic,86.9,6109,0,0.47866396852209975,0
5712-VBOXD,Month-to-month,Credit card (automatic),No,20.15,5221,0,0.4786411827928955,0
1699-HPSBG,One year,Electronic check,DSL,59.8,4581,1,0.47791887752222134,0
6664-FPDAC,One year,Electronic check,Fiber optic,111.95,4060,1,0.47791879053610836,0
8651-ENBZX,One year,Electronic check,Fiber optic,106.0,5507,1,0.4778713215849975,0
8495-LJDFO,Month-to-month,Bank transfer (automatic),Fiber optic,108.95,5780,0,0.4778098334746239,0
0617-FHSGK,Month-to-month,Credit card (automatic),Fiber optic,75.2,5283,1,0.4773778682069375,0
2259-OUUSZ,One year,Credit card (automatic),DSL,35.5,5124,0,0.47717895869706045,0
7776-QWNFX,Month-to-month,Bank transfer (automatic),DSL,50.4,4795,1,0.4767198200062058,0
4947-DSMXK,Month-to-month,Bank transfer (automatic),Fiber optic,97.7,5789,0,0.4764972255390893,0
2229-VWQJH,Month-to-month,Credit card (automatic),DSL,49.3,5394,0,0.4760688879826881,0
2599-CZABP,One year,Electronic check,DSL,44.6,4612,0,0.4760464711558237,0
8746-OQQRW,Month-to-month,Mailed check,No,25.25,3962,0,0.47567507817864274,0
2252-ISRNH,One year,Electronic check,Fiber optic,90.35,2993,0,0.475543478910661,0
3870-MQAMG,One year,Electronic check,Fiber optic,110.35,6189,1,0.4752444156468173,0
4903-UYAVB,Month-to-month,Mailed check,No,19.35,3864,1,0.47507531718007306,0
3445-HXXGF,Month-to-month,Electronic check,DSL,45.3,5444,1,0.4750574823168532,0
0031-PVLZI,Month-to-month,Mailed check,No,20.35,4133,1,0.4747318737396953,0
0691-JVSYA,One year,Bank transfer (automatic),Fiber optic,94.85,4328,1,0.47443195583289416,0
8166-ORCHU,One year,Electronic check,Fiber optic,93.55,4414,0,0.4741522369623423,0
0423-UDIJQ,Month-to-month,Mailed check,DSL,49.2,2145,0,0.47405451718066577,0
8663-UPDGF,Month-to-month,Bank transfer (automatic),DSL,69.5,3866,0,0.47399103617793414,0
1710-RCXUS,One year,Credit card (automatic),Fiber optic,90.35,4965,0,0.4739035601177137,0
4541-RMRLG,Month-to-month,Electronic check,No,19.25,4489,1,0.47333573872265755,0
9481-IEBZY,Month-to-month,Credit card (automatic),Fiber optic,112.9,5569,0,0.47315672199028924,0
8295-FHIVV,Month-to-month,Mailed check,No,19.4,5873,0,0.4726904359732206,0
7976-CICYS,Month-to-month,Credit card (automatic),No,20.7,3027,0,0.47257944017805964,0
7694-VLBWQ,One year,Electronic check,Fiber optic,104.1,4857,1,0.47253047531127396,0
4486-EFAEB,Month-to-month,Electronic check,No,20.4,2486,0,0.4724279973638246,0
5897-ZYEKH,One year,Electronic check,Fiber optic,105.6,5768,0,0.47201645069575376,0
3858-XHYJO,One year,Bank transfer (automatic),Fiber optic,105.75,4078,0,0.4713834233210219,0
4324-AHJKS,Month-to-month,Credit card (automatic),DSL,55.8,5104,0,0.47099575837514374,0
6743-HHQPF,Month-to-month,Credit card (automatic),DSL,25.1,4959,0,0.4705520914548943,0
4913-EHYUI,One year,Bank transfer (automatic),Fiber optic,104.55,6268,1,0.4702623075464169,0
5482-NUPNA,Month-to-month,Mailed check,DSL,60.4,5730,1,0.47025136714125904,0
0991-BRRFB,Month-to-month,Electronic check,DSL,49.4,4028,1,0.4688063983699109,0
3071-VBYPO,Month-to-month,Electronic check,Fiber optic,89.85,4648,0,0.4687797726536873,0
5600-KTXFM,Month-to-month,Mailed check,Fiber optic,69.95,5010,0,0.46850814708672833,0
3174-RKMOW,Month-to-month,Electronic check,Fiber optic,109.95,5721,0,0.46826642237996463,0
9701-CDXHR,Month-to-month,Mailed check,Fiber optic,69.15,5187,0,0.4680081253197727,0
2731-GJRDG,One year,Bank transfer (automatic),Fiber optic,109.55,5076,0,0.4678392320857783,0
4132-POCZS,Month-to-month,Electronic check,DSL,39.9,6371,0,0.46760468153891616,0
4160-AMJTL,Month-to-month,Electronic check,No,19.65,5432,1,0.4672091087793406,0
8445-DNBAE,Month-to-month,Electronic check,DSL,50.05,5523,0,0.4671776980270987,0
5955-EPOAZ,Month-to-month,Mailed check,No,20.95,5554,0,0.46640452426393414,0
9191-MYQKX,Month-to-month,Bank transfer (automatic),Fiber optic,75.15,3457,1,0.46628952025475373,0
5380-WJKOV,Month-to-month,Electronic check,Fiber optic,106.35,2941,1,0.4660152388488822,0
7729-JTEEC,Month-to-month,Electronic check,DSL,44.5,5456,0,0.4659413262168064,0
1591-NFNLQ,Month-to-month,Credit card (automatic),Fiber optic,80.0,4769,1,0.465856179242939,0
4472-LVYGI,Two year,Bank transfer (automatic),DSL,52.55,2578,0,0.46545200401035,0
3313-QKNKB,One year,Electronic check,Fiber optic,85.55,6304,1,0.46498524820031134,0
8212-DJRCH,Month-to-month,Mailed check,Fiber optic,90.35,4014,0,0.464603951096414,0
2659-VXMWZ,One year,Electronic check,Fiber optic,111.3,4146,1,0.46429035504313837,0
1386-ZIKUV,Month-to-month,Mailed check,No,18.95,4097,0,0.4640776136473084,0
1324-NLTJE,Month-to-month,Credit card (automatic),DSL,55.0,3167,1,0.4639407966549036,0
0277-BKSQP,Month-to-month,Electronic check,DSL,54.4,4854,0,0.4633400463703115,0
8981-FJGLA,Month-to-month,Mailed check,Fiber optic,78.0,4886,0,0.4630049924804164,0
0733-VUNUW,Month-to-month,Bank transfer (automatic),DSL,55.65,4126,1,0.46294574584655457,0
4673-KKSLS,Month-to-month,Electronic check,Fiber optic,87.6,5094,0,0.46290185705814824,0
1814-DKOLC,Month-to-month,Mailed check,No,25.45,4855,0,0.4623506919729667,0
3842-IYKUE,Month-to-month,Credit card (automatic),Fiber optic,85.3,2455,1,0.462164968362294,0
3927-NLNRY,One year,Bank transfer (automatic),Fiber optic,94.25,5414,1,0.4621440767577885,0
1666-JZPZT,Month-to-month,Mailed check,DSL,49.0,5428,0,0.4621196035534963,0
2716-GFZOR,Month-to-month,Credit card (automatic),Fiber optic,86.1,2358,0,0.46185330425948956,0
7854-EDSSA,Month-to-month,Electronic check,DSL,59.0,2195,1,0.4609551930781322,0
1625-JAIIY,One year,Electronic check,Fiber optic,83.0,4714,1,0.4598025821980988,0
4939-KYYPY,Month-to-month,Electronic check,DSL,59.45,4818,0,0.45975205657245166,0
2843-CQMEG,Month-to-month,Mailed check,DSL,49.7,2911,0,0.45972645022780984,0
8190-ZTQFB,One year,Electronic check,DSL,51.35,5622,0,0.4596569382602107,0
6258-NGCNG,Month-to-month,Mailed check,No,23.5,5508,0,0.45895947580946106,0
7036-ZZKBD,Month-to-month,Credit card (automatic),DSL,66.4,3282,0,0.45874404955885417,0
3694-GLTJM,Month-to-month,Credit card (automatic),No,19.65,2878,0,0.45869254041887575,0
6345-ULYRW,One year,Mailed check,Fiber optic,88.4,2674,1,0.45847476367119,0
7389-KBFIT,Month-to-month,Mailed check,DSL,30.25,4387,0,0.4581932630746825,0
5198-EFNBM,One year,Electronic check,Fiber optic,90.65,5636,0,0.45808756394354244,0
7502-BNYGS,Month-to-month,Credit card (automatic),DSL,69.1,2333,0,0.4578787084224837,0
2000-MPKCA,One year,Electronic check,Fiber optic,107.75,5121,0,0.4574425090396914,0
3190-XFANI,One year,Bank transfer (automatic),Fiber optic,100.6,5585,1,0.45720279524343127,0
7296-PIXQY,Month-to-month,Electronic check,Fiber optic,70.2,5819,0,0.45693212151805385,0
1015-OWJKI,Month-to-month,Mailed check,No,19.05,5279,0,0.4566383221155245,0
9788-YTFGE,Month-to-month,Mailed check,No,19.95,3331,0,0.45658727880812344,0
0314-TKOSI,Month-to-month,Mailed check,DSL,55.15,5377,0,0.45653174545038244,0
3709-OIJEA,One year,Electronic check,Fiber optic,85.2,5156,0,0.4563368263834086,0
1120-BMWUB,Month-to-month,Mailed check,DSL,53.9,5091,1,0.4563262585581441,0
7622-NXQZR,Month-to-month,Credit card (automatic),DSL,30.1,2653,0,0.4561640496494815,0
8053-WWDRO,Month-to-month,Bank transfer (automatic),No,19.5,5579,1,0.45616090741549875,0
8637-XJIVR,Month-to-month,Electronic check,Fiber optic,78.95,5806,1,0.45610739230121716,0
6141-OOXUQ,Month-to-month,Mailed check,No,19.65,5717,1,0.4560187647602845,0
2672-TGEFF,Month-to-month,Electronic check,Fiber optic,88.8,3746,0,0.45596080596142285,0
0853-NWIFK,One year,Electronic check,Fiber optic,100.3,4868,0,0.4559432055406526,0
4350-ZTLPI,One year,Bank transfer (automatic),Fiber optic,108.95,4163,0,0.45576069456427026,0
6615-ZGEDR,Month-to-month,Mailed check,No,19.7,5707,1,0.45574054111424217,0
6286-SUUWT,Month-to-month,Mailed check,No,19.95,5916,0,0.45561158136411267,0
3545-CNWRG,Month-to-month,Electronic check,Fiber optic,98.35,4325,0,0.4555215226981785,0
1518-OMDIK,Month-to-month,Credit card (automatic),DSL,44.55,2422,0,0.4554525321723445,0
4879-GZLFH,Month-to-month,Electronic check,Fiber optic,92.15,5697,0,0.4554180171475952,0
4393-RYCRE,One year,Electronic check,Fiber optic,106.05,4588,0,0.45527973159388363,0
7409-JURKQ,One year,Bank transfer (automatic),Fiber optic,111.8,5713,0,0.45492376371750215,0
1041-RXHRA,Month-to-month,Bank transfer (automatic),Fiber optic,70.25,3407,1,0.45485851502992014,0
2172-EJXVF,One year,Electronic check,Fiber optic,105.9,5479,0,0.45480517671718823,0
4892-VLANZ,Month-to-month,Mailed check,No,19.8,5600,1,0.45476034998398,0
3863-IUBJR,One year,Credit card (automatic),DSL,53.65,2595,1,0.4541504787243859,0
3148-BLQJT,Month-to-month,Mailed check,No,20.1,5747,1,0.4541000990587783,0
7698-YFGEZ,Month-to-month,Mailed check,No,20.0,5650,0,0.45408639521359656,0
8148-BPLZQ,Month-to-month,Electronic check,DSL,49.8,2711,0,0.45396516680959265,0
9057-MSWCO,Month-to-month,Credit card (automatic),DSL,30.75,2927,1,0.4535565303022937,0
8731-WBBMB,Month-to-month,Bank transfer (automatic),DSL,81.9,3350,0,0.4534988948661099,0
9975-SKRNR,Month-to-month,Mailed check,No,18.9,4480,0,0.4534341234249303,0
9367-WXLCH,Month-to-month,Bank transfer (automatic),Fiber optic,84.5,2152,1,0.4533777041719781,0
7483-IQWIB,Month-to-month,Electronic check,Fiber optic,92.95,3462,0,0.4532122080049854,0
5294-DMSFH,Month-to-month,Credit card (automatic),Fiber optic,87.8,4780,0,0.45319625925010787,0
1663-MHLHE,Month-to-month,Mailed check,No,19.2,4629,0,0.45278393423737967,0
8644-XYTSV,Month-to-month,Bank transfer (automatic),DSL,40.15,4348,0,0.45273622646217243,0
6647-ZEDXT,One year,Credit card (automatic),Fiber optic,110.45,4983,0,0.4522065748826008,0
6778-JFCMK,One year,Mailed check,DSL,50.6,4806,0,0.4521874910912002,0
7530-HDYDS,Month-to-month,Credit card (automatic),Fiber optic,84.25,2885,1,0.45205333736256714,0
4786-UKSNZ,Month-to-month,Mailed check,No,20.2,5418,1,0.4520399742986889,0
8203-XJZRC,Month-to-month,Mailed check,No,20.25,5384,0,0.45164538823427663,0
7239-HZZCX,Month-to-month,Mailed check,No,19.75,4851,1,0.45134340805719536,0
5073-WXOYN,Month-to-month,Electronic check,DSL,50.8,4941,1,0.451047913800886,0
2212-LYASK,One year,Credit card (automatic),DSL,45.85,2068,0,0.45079605948105655,0
3886-CERTZ,One year,Electronic check,Fiber optic,109.25,4261,1,0.4506440273172831,0
2676-ISHSF,Month-to-month,Mailed check,No,20.3,5203,0,0.45053585062565055,0
8329-IBCTI,Month-to-month,Mailed check,No,19.65,5881,1,0.4504163234542102,0
8605-ITULD,Month-to-month,Mailed check,No,19.55,5750,0,0.4502372998609807,0
5028-HTLJB,Month-to-month,Mailed check,No,20.05,3491,1,0.45018524616231725,0
1984-FCOWB,One year,Electronic check,Fiber optic,109.5,4191,1,0.4501778485492353,0
3976-NLDEZ,Month-to-month,Mailed check,No,20.6,5370,0,0.44997391532101566,0
7921-LMDFQ,One year,Bank transfer (automatic),Fiber optic,94.0,6034,0,0.44984035960821334,0
3370-GQEAL,Month-to-month,Electronic check,Fiber optic,85.45,3409,0,0.4497502417077849,0
2270-CHBFN,Month-to-month,Credit card (automatic),Fiber optic,95.1,2221,0,0.44974920646917266,0
7746-AWNQW,Month-to-month,Mailed check,DSL,35.75,2431,0,0.4497489081907238,0
5766-ZJYBB,Month-to-month,Mailed check,No,19.4,4152,1,0.44954720729921344,0
1066-JKSGK,Month-to-month,Mailed check,No,20.15,4832,1,0.4494188914994347,0
7203-OYKCT,One year,Electronic check,Fiber optic,104.95,5760,0,0.44931241367253805,0
9025-ZRPVR,Month-to-month,Mailed check,No,18.95,5403,1,0.4492988285019653,0
8409-WQJUX,One year,Electronic check,DSL,54.2,4458,0,0.4492959087094479,0
0365-TRTPY,Month-to-month,Bank transfer (automatic),Fiber optic,91.2,5135,0,0.4489186708863687,0
3723-BFBGR,Month-to-month,Credit card (automatic),DSL,54.8,4330,0,0.4487794596427511,0
2239-JALAW,One year,Bank transfer (automatic),Fiber optic,103.25,6105,1,0.44870599854468085,0
1170-SASML,Month-to-month,Bank transfer (automatic),Fiber optic,85.4,5976,0,0.44837480742756236,0
0970-QXPXW,Month-to-month,Mailed check,No,19.65,5454,0,0.44834065295258824,0
8378-LKJAF,Month-to-month,Credit card (automatic),Fiber optic,101.15,3738,0,0.44833825870436095,0
3981-QSVQI,Month-to-month,Bank transfer (automatic),No,19.7,5498,0,0.4482672567085431,0
0673-IGUQO,Month-to-month,Mailed check,No,20.45,4845,0,0.44810888452066183,0
4580-TMHJU,Month-to-month,Electronic check,DSL,56.15,2152,1,0.4480090086782036,0
5982-FPVQN,Month-to-month,Electronic check,Fiber optic,95.15,3407,0,0.44794799045461897,0
7551-JOHTI,Month-to-month,Mailed check,No,19.5,5211,1,0.4478464446529297,0
6689-VRRTK,One year,Credit card (automatic),Fiber optic,109.8,5720,0,0.44775173758299225,0
6627-CFOSN,Month-to-month,Bank transfer (automatic),Fiber optic,99.45,5247,0,0.44760186674572056,0
8048-DSDFQ,Month-to-month,Mailed check,No,20.2,4496,0,0.4475573390219022,0
0366-NQSHS,Month-to-month,Mailed check,No,19.35,5863,0,0.44752264656077395,0
3167-SNQPL,Month-to-month,Electronic check,Fiber optic,101.15,4036,0,0.4470067372646447,0
8903-XEBGX,Month-to-month,Electronic check,DSL,55.3,4594,0,0.4469574935236363,0
0810-BDHAW,One year,Electronic check,DSL,78.4,2506,0,0.4467796449824473,0
7601-WFVZV,Month-to-month,Mailed check,No,19.55,3718,0,0.44675217043574783,0
2592-YKDIF,Month-to-month,Mailed check,No,20.35,5774,0,0.44669256356418857,0
8715-KKTFG,One year,Bank transfer (automatic),Fiber optic,103.3,5401,0,0.44634026489928375,0
4729-XKASR,Month-to-month,Electronic check,DSL,24.75,3001,1,0.4461077930597167,0
9122-UMROB,Month-to-month,Mailed check,No,20.3,4270,0,0.4460025932108902,0
1029-QFBEN,Month-to-month,Mailed check,No,19.55,3556,1,0.44596568046788976,0
1934-SJVJK,Month-to-month,Mailed check,No,20.15,4103,1,0.44587774421361365,0
7748-UMTRK,Month-to-month,Electronic check,Fiber optic,101.3,2440,0,0.4458060373289657,0
5945-AZYHT,One year,Electronic check,Fiber optic,109.6,4564,0,0.44579981535061886,0
8091-TTVAX,One year,Credit card (automatic),Fiber optic,100.35,6432,0,0.4456634584245497,0
6818-DJXAA,Month-to-month,Electronic check,Fiber optic,91.1,3857,0,0.4456144642308531,0
7926-IJOOU,Month-to-month,Credit card (automatic),No,19.3,5626,0,0.44540982758550524,0
6654-QGBZZ,Month-to-month,Mailed check,No,19.9,5057,0,0.44526953000535535,0
6131-FOYAS,Month-to-month,Electronic check,DSL,59.6,2187,0,0.44496223466906715,0
1135-LMECX,Month-to-month,Mailed check,No,19.85,4905,0,0.4447605204641819,0
4877-EVATK,Month-to-month,Mailed check,No,20.0,3657,1,0.44439915552609327,0
7721-DVEKZ,Month-to-month,Mailed check,No,19.65,4639,0,0.44438394393564473,0
2656-FMOKZ,Month-to-month,Mailed check,Fiber optic,74.45,5717,1,0.44388805126823455,0
3785-NRHYR,Month-to-month,Mailed check,No,19.65,3192,0,0.44374272062553255,0
6907-CQGPN,Month-to-month,Electronic check,DSL,34.3,2555,0,0.4437173725776273,0
7310-EGVHZ,Month-to-month,Bank transfer (automatic),No,20.2,5526,0,0.44343604419252086,0
7018-WBJNK,Month-to-month,Credit card (automatic),Fiber optic,78.3,5566,0,0.44340989111589263,0
3247-MHJKM,Month-to-month,Mailed check,No,20.2,3586,0,0.4431413855416763,0
0426-TIRNE,Month-to-month,Mailed check,No,20.9,5527,1,0.44298097602414827,0
0103-CSITQ,One year,Bank transfer (automatic),Fiber optic,109.4,6026,0,0.44294558922440114,0
1840-BIUOG,One year,Electronic check,DSL,68.7,2989,0,0.4426883210070104,0
4745-LSPLO,Month-to-month,Mailed check,No,20.5,3731,1,0.44247462095430556,0
7434-SHXLS,Month-to-month,Mailed check,No,20.9,5421,1,0.44246719863331246,0
7140-ADSMJ,Month-to-month,Credit card (automatic),No,20.45,5624,0,0.44243956122244343,0
5067-DGXLL,Month-to-month,Mailed check,No,20.25,5736,0,0.44224366994934994,0
3402-XRIUO,Month-to-month,Mailed check,DSL,63.55,2136,0,0.4421700472445031,0
4828-FAZPK,Month-to-month,Credit card (automatic),Fiber optic,79.95,3855,0,0.44201526117947654,0
5345-BMKWB,Month-to-month,Mailed check,No,20.25,4964,0,0.44187160426783656,0
2866-IKBTM,Month-to-month,Mailed check,No,19.55,3968,0,0.44158782035538624,0
5049-GLYVG,Month-to-month,Mailed check,No,20.6,3618,1,0.4414707519915418,0
2308-STERM,Month-to-month,Mailed check,No,19.4,5816,0,0.4414595914526839,0
3900-AQPHZ,Month-to-month,Mailed check,No,19.9,4248,1,0.44134730484216145,0
6124-ACRHJ,Month-to-month,Mailed check,No,19.75,4099,0,0.44130990654337554,0
8205-OTCHB,One year,Bank transfer (automatic),DSL,43.75,3099,1,0.44113026279822437,0
7957-RYHQD,Month-to-month,Credit card (automatic),Fiber optic,79.2,3207,1,0.4411130038747655,0
4195-SMMNX,Month-to-month,Mailed check,No,20.35,5627,1,0.44106481993187513,0
6097-EQISJ,One year,Credit card (automatic),Fiber optic,102.45,4688,1,0.4410122075126073,0
9441-QHEVC,Month-to-month,Mailed check,No,19.1,2091,0,0.44091758470367937,0
2284-VFLKH,One year,Credit card (automatic),Fiber optic,99.25,4995,0,0.4409143758018538,0
4013-GUXND,Month-to-month,Mailed check,No,20.8,3678,0,0.44084899589468907,0
4710-FDUIZ,One year,Credit card (automatic),Fiber optic,100.3,5170,1,0.4405653601243066,0
6569-KTMDU,Month-to-month,Mailed check,No,19.1,3313,0,0.440468280654844,0
7878-RTCZG,Month-to-month,Mailed check,No,19.9,4050,0,0.44038844818327966,0
1349-WXNGG,Month-to-month,Bank transfer (automatic),No,20.05,4710,1,0.44016712552940124,0
3055-OYMSE,Month-to-month,Credit card (automatic),Fiber optic,73.8,6469,0,0.4401038895197718,0
9342-VNIMQ,Month-to-month,Bank transfer (automatic),DSL,54.65,5201,0,0.4400753561737964,0
3030-ZKIWL,Month-to-month,Mailed check,No,20.05,2798,0,0.4400084574455773,0
4211-MMAZN,Month-to-month,Mailed check,No,20.25,2959,1,0.4398759613790055,0
3930-ZGWVE,Month-to-month,Mailed check,No,19.75,2484,0,0.4398562628036696,0
9753-OYLBX,Month-to-month,Mailed check,No,20.5,4454,0,0.4396085357483915,0
8393-JMVMB,Month-to-month,Mailed check,No,19.45,2133,0,0.43952500801238437,0
0188-GWFLE,Month-to-month,Mailed check,No,20.05,4978,0,0.43933284952090473,0
6579-JPICP,Month-to-month,Mailed check,No,20.4,2968,0,0.4392357795580011,0
1698-XFZCI,One year,Electronic check,Fiber optic,107.75,5364,0,0.439016457836179,0
1193-RTSLK,Month-to-month,Credit card (automatic),Fiber optic,83.9,2157,1,0.43892789905057916,0
6380-ARCEH,Month-to-month,Mailed check,No,20.2,2710,0,0.43889888761674334,0
7603-USHJS,Month-to-month,Credit card (automatic),Fiber optic,73.75,2010,1,0.43844815611675453,0
7856-GANIL,One year,Bank transfer (automatic),Fiber optic,98.7,2535,0,0.43838768971717257,0
2220-IAHLS,Month-to-month,Credit card (automatic),No,19.4,5566,0,0.43829281288881505,0
9101-NTIXF,Month-to-month,Mailed check,No,19.4,3954,0,0.4382620140535726,0
8189-HBVRW,Month-to-month,Electronic check,Fiber optic,90.8,5249,0,0.4381643491573767,0
3164-YAXFY,Month-to-month,Electronic check,DSL,53.75,5594,0,0.4380956529770053,0
8292-TYSPY,Month-to-month,Credit card (automatic),DSL,55.0,4539,1,0.43809373032372184,0
3590-TCXTB,Month-to-month,Mailed check,No,20.35,2648,0,0.43791565210256783,0
2065-MMKGR,One year,Credit card (automatic),DSL,71.0,4226,0,0.43778356684636227,0
3376-BMGFE,Month-to-month,Bank transfer (automatic),Fiber optic,70.9,4287,1,0.4376943577008272,0
7096-UCLNH,Month-to-month,Mailed check,No,20.05,2313,0,0.4376620765522844,0
1905-OEILC,Month-to-month,Mailed check,No,19.5,3107,0,0.43764871323271337,0
9571-EDEBV,One year,Credit card (automatic),Fiber optic,98.65,5101,0,0.43754733516105143,0
2379-GYFLQ,One year,Credit card (automatic),Fiber optic,94.9,5316,0,0.4375390480221625,0
2668-TZSPS,Month-to-month,Mailed check,No,20.45,2664,0,0.43753760528192587,0
2576-HXMPA,Month-to-month,Credit card (automatic),No,19.55,5537,0,0.4374694118938736,0
1208-DNHLN,One year,Credit card (automatic),DSL,48.35,4580,1,0.43719546720439556,0
9818-XQCUV,Month-to-month,Mailed check,No,20.35,5994,0,0.4371142683703122,0
4612-THJBS,One year,Bank transfer (automatic),Fiber optic,104.75,5605,1,0.43704544772685183,0
5919-VCZYM,Month-to-month,Mailed check,No,20.05,4394,0,0.4369807996798382,0
8937-RDTHP,Month-to-month,Mailed check,Fiber optic,84.6,2484,1,0.4368467113243379,0
1110-KYLGQ,Month-to-month,Credit card (automatic),Fiber optic,108.25,5331,0,0.4367443176686816,0
5624-BQSSA,Month-to-month,Mailed check,No,20.95,4285,1,0.4367413974631,0
1194-SPVSP,Month-to-month,Bank transfer (automatic),No,19.65,3625,0,0.4367413143571255,0
7302-ZHMHP,Month-to-month,Mailed check,No,19.15,2577,0,0.43668026010832295,0
3936-QQFLL,Month-to-month,Mailed check,No,19.75,4064,0,0.4365889415343697,0
2002-MZHWP,Month-to-month,Mailed check,No,20.5,3820,1,0.43654247704646065,0
8749-CLJXC,Month-to-month,Mailed check,No,20.05,2067,0,0.43647301188760973,0
1963-VAUKV,Month-to-month,Mailed check,No,20.4,3663,1,0.4362389654208225,0
8952-WCVCD,One year,Bank transfer (automatic),Fiber optic,104.45,2719,0,0.436211441044837,0
3717-OFRTN,Month-to-month,Bank transfer (automatic),No,19.75,3595,0,0.4361412420773492,0
4826-TZEVA,Month-to-month,Credit card (automatic),Fiber optic,74.8,3258,0,0.4357729741019196,0
9708-KFDBY,Month-to-month,Credit card (automatic),No,20.55,4801,0,0.4357148907995897,0
6322-PJJDJ,Two year,Electronic check,Fiber optic,94.8,4252,0,0.4357102534280402,0
1153-GNOLC,One year,Electronic check,DSL,39.1,2855,0,0.43559769823856914,0
2111-DWYHN,Month-to-month,Mailed check,No,21.1,2810,0,0.4352849005056085,0
7243-LCGGZ,Month-to-month,Mailed check,No,20.9,3901,0,0.4351138841852623,0
4016-BJKTZ,Two year,Electronic check,Fiber optic,108.9,4398,0,0.43498925032797214,0
8974-OVACP,Month-to-month,Mailed check,No,20.15,3167,0,0.43498059536983313,0
9058-HRZSV,Month-to-month,Electronic check,Fiber optic,94.4,5348,0,0.4349436520450283,0
1051-GEJLJ,Month-to-month,Mailed check,No,19.5,4836,0,0.43450192431324414,0
9700-ZCLOT,Month-to-month,Mailed check,No,20.0,3922,0,0.43440691105959867,0
1614-JBEBI,Month-to-month,Mailed check,No,20.7,3330,0,0.43424150587709137,0
4789-KWMXN,One year,Credit card (automatic),Fiber optic,110.85,3344,1,0.4341358266727932,0
1866-OBPNR,Month-to-month,Credit card (automatic),Fiber optic,74.6,5494,0,0.43373327918054166,0
4283-IVYCI,Month-to-month,Mailed check,DSL,64.95,3013,0,0.4335127535351863,0
3339-EAQNV,One year,Credit card (automatic),Fiber optic,97.25,6156,0,0.4333145066090413,0
8150-QUDFX,Month-to-month,Mailed check,No,19.85,3300,0,0.4330848156305158,0
4138-NAXED,Month-to-month,Bank transfer (automatic),Fiber optic,81.0,4121,0,0.43277209058819227,0
9426-SXNHE,Month-to-month,Bank transfer (automatic),No,18.75,5355,0,0.43272691593702145,0
2342-CKIAO,Month-to-month,Mailed check,No,20.3,5074,0,0.43268758481555536,0
9033-EOXWV,One year,Mailed check,DSL,74.05,4149,1,0.4326825065596595,0
9820-RMCQV,Month-to-month,Credit card (automatic),DSL,48.55,4444,1,0.4324297522377211,0
1918-ZBFQJ,Month-to-month,Electronic check,Fiber optic,79.25,5142,1,0.4324248725928606,0
2486-WYVVE,One year,Mailed check,DSL,79.3,5238,0,0.43238825314502866,0
8182-PNAGI,Month-to-month,Bank transfer (automatic),DSL,50.25,3624,1,0.43209031180962326,0
9943-VSZUV,Month-to-month,Mailed check,Fiber optic,75.7,5823,0,0.43200861130057533,0
7797-EJMDP,Month-to-month,Bank transfer (automatic),DSL,66.05,4157,0,0.431870509449573,0
0816-TSPHQ,Month-to-month,Mailed check,No,20.75,3976,0,0.4318227561249126,0
9505-SQFSW,Month-to-month,Mailed check,DSL,40.3,5651,0,0.4318184858213652,0
4360-QRAVE,Month-to-month,Electronic check,DSL,36.65,2494,0,0.431207631408334,0
4929-ROART,Month-to-month,Mailed check,DSL,56.25,2277,0,0.43082908499169265,0
0002-ORFBO,One year,Mailed check,DSL,65.6,2205,0,0.4303103611336675,0
4701-AHWMW,Month-to-month,Bank transfer (automatic),DSL,54.55,6041,1,0.43010540777183687,0
7025-IWFHT,One year,Electronic check,Fiber optic,89.55,5549,0,0.4300744955545834,0
3230-WYKIR,One year,Credit card (automatic),DSL,82.0,3306,1,0.42991467067838984,0
6281-FKEWS,One year,Electronic check,DSL,49.05,3910,0,0.42969532398026755,0
1796-JANOW,Month-to-month,Mailed check,No,19.95,4079,0,0.4293408475587616,0
4936-YPJNK,Month-to-month,Mailed check,No,19.9,5811,0,0.4293199009617327,0
5968-XQIVE,One year,Electronic check,Fiber optic,89.7,6016,0,0.42906835886623346,0
4860-YZGZM,Month-to-month,Electronic check,No,20.0,2706,0,0.4290619278761867,0
7175-NTIXE,Month-to-month,Credit card (automatic),DSL,76.15,3955,0,0.429042516724805,0
4753-PADAS,One year,Bank transfer (automatic),Fiber optic,105.7,5027,0,0.42896879399872356,0
3727-JEZTU,Month-to-month,Mailed check,No,20.4,2152,0,0.4289528395825783,0
0537-QYZZN,Month-to-month,Electronic check,Fiber optic,79.85,3412,0,0.4276939821637975,0
8108-UXRQN,Month-to-month,Electronic check,DSL,50.55,3443,0,0.4276256546079668,0
6686-YPGHK,Month-to-month,Mailed check,Fiber optic,85.5,3645,1,0.42760016010580665,0
0178-CIIKR,Month-to-month,Mailed check,No,19.95,5949,0,0.42750164215630493,0
0396-HUJBP,Month-to-month,Mailed check,No,19.3,3009,0,0.42749874168338237,0
9142-KZXOP,Month-to-month,Credit card (automatic),Fiber optic,68.85,2053,0,0.4274382739846819,0
3780-YVMFA,Month-to-month,Electronic check,DSL,68.55,3123,0,0.4271753199446483,0
6959-GQEGV,Month-to-month,Electronic check,DSL,75.95,2185,0,0.4269968254698594,0
7241-AJHFS,Month-to-month,Bank transfer (automatic),Fiber optic,87.65,2426,0,0.42697616151371875,0
0895-LMRSF,One year,Bank transfer (automatic),DSL,64.9,3314,0,0.42693809538872096,0
5951-AOFIH,Month-to-month,Credit card (automatic),DSL,66.4,3843,0,0.4268484285110436,0
4923-ADWXJ,Month-to-month,Bank transfer (automatic),DSL,65.8,3962,0,0.42657700227532325,0
0030-FNXPP,Month-to-month,Mailed check,No,19.85,5634,0,0.42640377234213933,0
9101-BWFSS,One year,Electronic check,Fiber optic,108.55,4274,1,0.42639384205894176,0
8985-OOPOS,One year,Credit card (automatic),DSL,74.1,2900,0,0.42636962390572786,0
4412-YLTKF,Month-to-month,Electronic check,Fiber optic,78.05,4638,1,0.42631017931843995,0
8944-AILEF,Month-to-month,Credit card (automatic),No,19.45,2483,0,0.4263087078616155,0
7845-URHJN,Month-to-month,Bank transfer (automatic),No,20.15,4785,1,0.42594607279692337,0
6994-ORCWG,One year,Mailed check,DSL,54.25,4423,0,0.4259328655236315,0
3675-YDUPJ,Month-to-month,Mailed check,No,19.85,3768,0,0.42571364710728143,0
9800-ONTFE,Month-to-month,Bank transfer (automatic),Fiber optic,75.8,4479,0,0.4255180631832485,0
2700-LUEVA,Month-to-month,Credit card (automatic),No,20.75,2791,0,0.4251273147435687,0
2839-RFSQE,Month-to-month,Mailed check,No,20.65,3845,1,0.42503871733728954,0
7143-BQIBA,Month-to-month,Bank transfer (automatic),DSL,62.25,3415,0,0.42498020693503935,0
8562-GHPPI,Month-to-month,Credit card (automatic),No,19.8,3129,0,0.424733563996469,0
9770-LXDBK,Month-to-month,Mailed check,No,20.4,5695,0,0.42449045194313606,0
6728-WYQBC,Month-to-month,Bank transfer (automatic),No,20.95,2285,0,0.4243899918143093,0
8970-ANWXO,One year,Mailed check,DSL,73.75,3483,0,0.42438129172905636,0
7868-BGSZA,One year,Electronic check,DSL,80.2,5888,0,0.4242463854927061,0
4747-LCAQL,Month-to-month,Mailed check,DSL,79.0,5263,0,0.4234655919340673,0
0883-EIBTI,Month-to-month,Mailed check,No,19.5,2484,1,0.4233929557655349,0
8851-RAGOV,Month-to-month,Mailed check,DSL,71.05,5620,0,0.4233291804913274,0
3847-BAERP,Month-to-month,Mailed check,No,20.9,4905,0,0.42286941988218435,0
7634-WSWDB,Month-to-month,Electronic check,DSL,38.5,4194,0,0.4227499334909798,0
1591-MQJTP,One year,Bank transfer (automatic),Fiber optic,93.65,4163,0,0.4223366116217973,0
2542-HYGIQ,Month-to-month,Credit card (automatic),No,19.95,2732,0,0.42215184299781683,0
9391-YZEJW,One year,Bank transfer (automatic),Fiber optic,94.0,4778,0,0.42180067642381797,0
4895-TMWIR,Month-to-month,Mailed check,No,19.95,5888,1,0.4217418959551912,0
2654-VBVPB,Month-to-month,Bank transfer (automatic),No,19.9,2010,0,0.42150914026049824,0
0409-WTMPL,One year,Credit card (automatic),Fiber optic,110.65,4761,0,0.4214160504958867,0
4701-MLJPN,Month-to-month,Electronic check,DSL,55.25,2933,1,0.4208445899573818,0
0330-BGYZE,One year,Bank transfer (automatic),Fiber optic,102.5,4968,0,0.42040661662325685,0
1169-SAOCL,One year,Bank transfer (automatic),Fiber optic,106.65,5154,0,0.4203188411008595,0
7016-NVRIC,One year,Bank transfer (automatic),Fiber optic,90.1,3553,0,0.42017824253432495,0
5140-FOMCQ,One year,Credit card (automatic),Fiber optic,109.15,5186,0,0.42009376624461486,0
5151-HQRDG,Month-to-month,Mailed check,DSL,55.05,3839,0,0.41988550512763995,0
8999-XXGNS,One year,Credit card (automatic),Fiber optic,105.75,5832,0,0.41986810016496906,0
1216-JWVUX,Month-to-month,Electronic check,Fiber optic,75.5,5985,0,0.41954425183554134,0
3090-QFUVD,Month-to-month,Credit card (automatic),No,20.3,2507,0,0.4194960414414798,0
6734-CKRSM,Month-to-month,Mailed check,No,20.0,4258,0,0.41945416903896454,0
7234-KMNRQ,Month-to-month,Mailed check,No,19.0,4345,0,0.41942389895710763,0
4558-CGYCZ,Month-to-month,Mailed check,No,19.75,4987,0,0.41932868206490176,0
5569-IDSEY,One year,Bank transfer (automatic),Fiber optic,105.7,4420,0,0.41911789898081137,0
8006-PYCSW,Month-to-month,Mailed check,No,20.1,2051,0,0.4190101756688057,0
8410-BGQXN,Month-to-month,Mailed check,No,19.4,4402,0,0.41890925507853977,0
2155-AMQRX,Month-to-month,Credit card (automatic),DSL,54.9,2885,0,0.4187011241929626,0
8439-LTUGF,Month-to-month,Credit card (automatic),No,20.0,4802,0,0.41867519513200036,0
4118-CEVPF,One year,Bank transfer (automatic),Fiber optic,110.8,2125,0,0.41860313186410236,0
3806-YAZOV,Month-to-month,Mailed check,No,18.8,3010,0,0.41855879977001303,0
9501-UKKNL,Month-to-month,Electronic check,DSL,51.7,6107,0,0.4183454556531454,0
5206-HPJKM,Month-to-month,Credit card (automatic),DSL,55.5,3190,0,0.41821485579722556,0
9389-ACWBI,Month-to-month,Credit card (automatic),Fiber optic,69.95,3850,0,0.41821442721315316,0
0130-SXOUN,Month-to-month,Credit card (automatic),Fiber optic,89.4,4889,0,0.418208681688836,0
8945-MUQUF,One year,Electronic check,Fiber optic,94.8,5074,1,0.4181529503299083,0
2758-RNWXS,One year,Electronic check,Fiber optic,89.2,4446,0,0.41733348497790174,0
6261-LHRTG,Month-to-month,Credit card (automatic),DSL,54.75,4020,0,0.4172974659670069,0
1845-CSBRZ,Month-to-month,Bank transfer (automatic),Fiber optic,85.35,2656,0,0.4167309500762992,0
6728-DKUCO,One year,Electronic check,Fiber optic,104.15,4594,0,0.41647297179879933,0
5651-YLPRD,Month-to-month,Electronic check,Fiber optic,86.1,4970,0,0.41645897908545976,0
6776-TLWOI,Month-to-month,Mailed check,No,19.85,2158,1,0.41643378529479014,0
2858-MOFSQ,One year,Mailed check,DSL,55.85,5472,1,0.41613447659290687,0
0137-UDEUO,Month-to-month,Mailed check,No,19.85,3398,1,0.4160353438973321,0
3199-NPKCN,One year,Electronic check,Fiber optic,111.25,5649,0,0.41555506955695526,0
9904-EHEVJ,Month-to-month,Mailed check,Fiber optic,91.35,2965,0,0.41527934569529684,0
1784-BXEFA,Month-to-month,Mailed check,No,20.55,3595,0,0.41510362610308,0
5687-DKDTV,Month-to-month,Mailed check,No,20.35,5984,1,0.4150388097569674,0
0564-MUUQK,Month-to-month,Bank transfer (automatic),Fiber optic,95.5,3186,0,0.4149473370735915,0
7083-YNSKY,Month-to-month,Credit card (automatic),No,25.4,2853,1,0.41417036118210826,0
4397-FRLTA,Month-to-month,Mailed check,No,20.15,5535,0,0.41416863831768785,0
5562-YJQGT,Month-to-month,Credit card (automatic),No,20.35,3746,0,0.4141678265341239,0
1229-RCALF,One year,Electronic check,Fiber optic,115.0,5189,0,0.4137228607064696,0
1409-PHXTF,Two year,Electronic check,Fiber optic,110.45,4425,0,0.4137139548629804,0
5222-JCXZT,Month-to-month,Mailed check,No,19.0,3022,0,0.4133901594366354,0
9821-BESNZ,One year,Electronic check,Fiber optic,104.25,4915,0,0.4133155821465786,0
9367-OIUXP,Month-to-month,Mailed check,No,20.7,4676,0,0.4132515711752777,0
1202-KKGFU,Month-to-month,Bank transfer (automatic),DSL,54.2,4474,0,0.41241831716606236,0
1855-CFULU,Month-to-month,Mailed check,No,20.05,3460,0,0.41178793426769816,0
6394-HHHZM,Month-to-month,Mailed check,No,20.7,2011,0,0.4115090738908111,0
6733-LRIZX,Two year,Electronic check,Fiber optic,108.95,5903,0,0.41051794071724235,0
1336-EZFZY,Month-to-month,Mailed check,No,20.05,4596,0,0.4100907739591616,0
6128-DAFVY,Month-to-month,Credit card (automatic),DSL,44.85,4021,0,0.4100872893719228,0
8495-PRWFH,Month-to-month,Electronic check,DSL,55.65,5831,0,0.4097468034816117,0
1472-TNCWL,Month-to-month,Electronic check,Fiber optic,94.7,4671,0,0.4096238559158894,0
3161-GETRM,Month-to-month,Credit card (automatic),Fiber optic,90.05,4648,0,0.4093709880670152,0
8671-KKKOS,Month-to-month,Electronic check,DSL,45.55,5565,0,0.409314388229126,0
6383-ZTSIW,One year,Mailed check,Fiber optic,99.1,4599,0,0.4091699412508524,0
0870-VEMYL,Month-to-month,Credit card (automatic),DSL,53.85,5435,1,0.40847949792622373,0
1385-TQOZW,Month-to-month,Credit card (automatic),No,20.45,2392,0,0.4080057310718614,0
0440-MOGPM,One year,Electronic check,DSL,80.55,4176,0,0.40779788131249645,0
7159-FVYPK,Month-to-month,Bank transfer (automatic),DSL,69.15,2301,0,0.40743488831770047,0
2439-QKJUL,Month-to-month,Mailed check,No,20.25,5064,0,0.4072996290707498,0
9972-VAFJJ,One year,Electronic check,Fiber optic,94.0,6355,0,0.4069547698447799,0
6777-TGHTM,One year,Credit card (automatic),Fiber optic,106.95,5550,1,0.4067790650781232,0
3170-GWYKC,Month-to-month,Bank transfer (automatic),Fiber optic,104.95,5926,0,0.40675491070314573,0
6425-YQLLO,One year,Credit card (automatic),Fiber optic,105.95,6117,1,0.40636107074871525,0
0877-SDMBN,One year,Bank transfer (automatic),Fiber optic,103.95,6117,1,0.40634769258778114,0
8785-EPNCG,Month-to-month,Credit card (automatic),No,23.15,5671,1,0.4059222281739476,0
7968-QUXNS,Month-to-month,Mailed check,No,18.95,5920,0,0.405548950685923,0
9938-EKRGF,Month-to-month,Mailed check,DSL,84.45,4653,0,0.4055234449199334,0
0111-KLBQG,Month-to-month,Mailed check,Fiber optic,93.95,2844,0,0.40530161650137236,0
7740-BTPUX,Two year,Electronic check,Fiber optic,113.6,5754,0,0.4051294556647695,0
8769-KKTPH,One year,Credit card (automatic),Fiber optic,99.65,4572,0,0.40506747053885583,0
4846-WHAFZ,Month-to-month,Electronic check,Fiber optic,76.5,2793,1,0.4050289571833263,0
0851-DFJKB,Month-to-month,Electronic check,DSL,58.95,4497,0,0.40483616711036413,0
3524-WQDSG,Month-to-month,Bank transfer (automatic),Fiber optic,99.3,3280,0,0.4048311570361713,0
6377-KSLXC,Month-to-month,Mailed check,No,19.95,4281,0,0.404802574235468,0
0384-RVBPI,Month-to-month,Credit card (automatic),DSL,64.4,2120,0,0.40473521214666647,0
2896-TBNBE,One year,Electronic check,Fiber optic,80.8,3387,0,0.4047226060257713,0
9518-RWHZL,One year,Credit card (automatic),Fiber optic,100.05,5452,1,0.4045364967585673,0
4083-BFNYK,One year,Credit card (automatic),Fiber optic,95.0,5148,0,0.40388288789047494,0
5149-CUZUJ,One year,Bank transfer (automatic),Fiber optic,92.9,2037,0,0.40332374522059816,0
3363-EWLGO,Month-to-month,Mailed check,No,19.95,5252,0,0.40330717082538065,0
9986-BONCE,Month-to-month,Bank transfer (automatic),No,20.95,5822,1,0.4030436640788286,0
1452-KIOVK,Month-to-month,Credit card (automatic),Fiber optic,89.1,4459,0,0.4024370519510846,0
3736-BLEPA,One year,Bank transfer (automatic),Fiber optic,91.25,2886,0,0.4024180756197223,0
2978-XXSOG,Month-to-month,Mailed check,DSL,59.05,3995,0,0.40226434937977024,0
2577-GVSIL,One year,Bank transfer (automatic),DSL,73.45,4719,0,0.40219849670661223,0
2359-QWQUL,One year,Credit card (automatic),Fiber optic,104.7,2371,1,0.4021705990091278,0
1585-MQSSU,Month-to-month,Mailed check,DSL,51.5,5659,1,0.40207400681050104,0
9825-YCXWZ,One year,Bank transfer (automatic),Fiber optic,101.1,2227,0,0.40186409599495804,0
3977-QCRSL,Month-to-month,Mailed check,No,20.15,5020,0,0.4017388785717227,0
7964-YESJC,Month-to-month,Mailed check,DSL,66.3,2235,0,0.40166898543339397,0
4676-MQUEA,One year,Bank transfer (automatic),Fiber optic,101.9,4184,0,0.4016222996365905,0
6112-KTHFQ,Month-to-month,Mailed check,No,19.3,5917,0,0.4013770618098363,0
4361-JEIVL,Month-to-month,Electronic check,DSL,44.4,4067,1,0.4008947958226033,0
4926-UMJZD,Month-to-month,Mailed check,DSL,49.2,2157,0,0.40068654155735317,0
3948-XHGNA,Month-to-month,Bank transfer (automatic),DSL,49.55,5005,1,0.40040290039485793,0
4075-JFPGR,One year,Electronic check,Fiber optic,93.5,5561,0,0.3998861622058112,0
2811-POVEX,Month-to-month,Bank transfer (automatic),Fiber optic,88.45,3937,0,0.39980000121865794,0
7682-AZNDK,Month-to-month,Electronic check,Fiber optic,89.85,3096,0,0.39972881913998903,0
4765-OXPPD,Month-to-month,Mailed check,DSL,65.0,3983,1,0.3993953794437374,0
6402-SSEJG,One year,Electronic check,DSL,61.05,3695,0,0.3989840207613122,0
9332-GYWLO,Month-to-month,Electronic check,DSL,54.85,5729,0,0.3986741863066111,0
9408-HRXRK,Month-to-month,Electronic check,Fiber optic,105.15,5915,0,0.39865148148699936,0
3675-EQOZA,Month-to-month,Bank transfer (automatic),No,20.65,5597,0,0.39830367068770506,0
8384-FZBJK,Month-to-month,Electronic check,Fiber optic,100.6,6351,0,0.39783158577092764,0
5760-WRAHC,Month-to-month,Mailed check,DSL,69.75,3509,0,0.3978059773209852,0
1355-KUSBG,Month-to-month,Electronic check,DSL,48.8,4785,0,0.397673704790356,0
7639-SUPCW,Month-to-month,Credit card (automatic),DSL,48.8,2270,1,0.3974292741250839,0
1867-TJHTS,Month-to-month,Bank transfer (automatic),Fiber optic,79.8,5709,0,0.3971540413663436,0
2692-AQCPF,One year,Credit card (automatic),Fiber optic,108.05,6047,0,0.397153982328799,0
7811-JIVPF,Month-to-month,Credit card (automatic),DSL,49.7,4790,0,0.3971202782526733,0
8444-WRIDW,Month-to-month,Credit card (automatic),Fiber optic,80.45,5011,1,0.3970685220421921,0
9798-DRYDS,One year,Mailed check,DSL,61.95,4759,0,0.39702892110406196,0
0956-ACVZC,One year,Credit card (automatic),Fiber optic,94.1,4084,0,0.39701823241958956,0
3237-AJGEH,Month-to-month,Mailed check,DSL,31.0,5122,1,0.39701421126756875,0
1767-TGTKO,Month-to-month,Electronic check,DSL,45.45,4651,0,0.39695507337845204,0
7188-CBBBA,One year,Electronic check,Fiber optic,95.5,6153,0,0.39676629765381,0
7706-DZNKK,Month-to-month,Credit card (automatic),No,20.45,2642,0,0.3966840796174488,0
0639-TSIQW,Month-to-month,Credit card (automatic),Fiber optic,102.95,5620,1,0.3966117432496721,0
9609-BENEA,One year,Electronic check,DSL,69.0,5283,0,0.39633518963779174,0
8878-RYUKI,Month-to-month,Electronic check,DSL,59.45,6107,0,0.39625335826493724,0
0584-BJQGZ,Month-to-month,Bank transfer (automatic),DSL,78.35,4855,0,0.39617697238461974,0
4628-CTTLA,Month-to-month,Electronic check,DSL,39.3,4917,1,0.3958296304124791,0
9618-LFJRU,Month-to-month,Credit card (automatic),No,20.45,4344,0,0.3956399219626644,0
1397-XKKWR,One year,Mailed check,DSL,35.3,3463,0,0.3949279261423054,0
0447-BEMNG,Month-to-month,Bank transfer (automatic),DSL,45.3,4926,1,0.3944681495761548,0
6131-JLWZM,Month-to-month,Mailed check,No,20.3,5332,0,0.3939421545840002,0
4332-MUOEZ,One year,Credit card (automatic),Fiber optic,94.3,2574,0,0.3938963152321675,0
5447-WZAFP,One year,Mailed check,Fiber optic,100.3,5377,0,0.39368689622175623,0
1629-DQQVB,Month-to-month,Bank transfer (automatic),DSL,50.1,2331,0,0.3934499791231084,0
6621-YOBKI,Month-to-month,Mailed check,No,20.35,2303,0,0.3929597519507349,0
3415-TAILE,Month-to-month,Mailed check,DSL,65.7,4265,1,0.39265858871475817,0
0239-OXEXL,Month-to-month,Mailed check,Fiber optic,84.25,3509,0,0.39233169510215776,0
0278-YXOOG,Month-to-month,Mailed check,No,21.05,2604,1,0.3923182302958552,0
8979-CAMGB,One year,Electronic check,Fiber optic,102.1,6100,0,0.3922584777820433,0
0064-YIJGF,Month-to-month,Bank transfer (automatic),Fiber optic,75.75,4994,0,0.3920368438874477,0
3413-CSSTH,Month-to-month,Bank transfer (automatic),DSL,55.7,5590,0,0.3919471356215324,0
9494-BDNNC,One year,Electronic check,Fiber optic,95.3,5706,0,0.39193453192858385,0
6723-WSNTY,One year,Credit card (automatic),Fiber optic,108.1,5360,0,0.3919274274529583,0
1925-GMVBW,Month-to-month,Credit card (automatic),No,20.55,5967,0,0.39190597395968535,0
9659-ZTWSM,One year,Bank transfer (automatic),Fiber optic,107.35,4138,0,0.3916343619090859,0
7787-BNTZM,Month-to-month,Bank transfer (automatic),No,20.15,5761,0,0.3916073978428007,0
3221-CJMSG,Month-to-month,Credit card (automatic),DSL,51.1,2515,0,0.39152169326794845,0
4785-NKHCX,Month-to-month,Bank transfer (automatic),No,20.05,2154,0,0.39144813881952584,0
1218-VKFPE,Month-to-month,Mailed check,No,19.0,3535,1,0.39127286133597866,0
3703-TTEPD,Month-to-month,Bank transfer (automatic),DSL,65.35,2887,0,0.39112319901105036,0
7108-DGVUU,One year,Bank transfer (automatic),DSL,71.7,2784,0,0.39083561840636616,0
8059-UDZFY,Month-to-month,Bank transfer (automatic),Fiber optic,105.35,4738,0,0.3907538576976167,0
5850-BDWCY,Month-to-month,Mailed check,No,20.2,5029,0,0.39025305514986014,0
3316-UWXUY,Month-to-month,Credit card (automatic),Fiber optic,93.5,6367,0,0.3900937205486625,0
8375-KVTHK,One year,Electronic check,Fiber optic,100.3,5757,0,0.3900766492573677,0
8064-RAVOH,Month-to-month,Electronic check,DSL,49.85,5323,0,0.3899567017712996,0
6080-TCMYC,Month-to-month,Electronic check,Fiber optic,81.2,5370,0,0.38977425503554103,0
2946-KIQSP,Month-to-month,Mailed check,DSL,33.45,2553,0,0.389388984044064,0
2928-HLDBA,Month-to-month,Mailed check,No,20.7,5346,0,0.38895593986478577,0
4801-JZAZL,Month-to-month,Electronic check,DSL,29.6,2793,0,0.38861761364613984,0
1785-BPHTP,Month-to-month,Electronic check,Fiber optic,85.45,4022,0,0.3880832762203849,0
1810-BOHSY,One year,Credit card (automatic),Fiber optic,96.4,4745,0,0.3880143830202731,0
2911-WDXMV,Month-to-month,Credit card (automatic),Fiber optic,80.55,5334,0,0.3879844324075221,0
2903-YYTBW,Month-to-month,Electronic check,DSL,44.55,3408,0,0.3876407305929521,0
6137-MFAJN,Month-to-month,Electronic check,DSL,44.8,2469,0,0.386576388862429,0
5766-XQXMQ,Month-to-month,Bank transfer (automatic),DSL,68.85,5449,1,0.38603663380622766,0
0442-ZXKVS,One year,Bank transfer (automatic),Fiber optic,115.6,4337,0,0.38598380408973665,0
2186-QZEYA,Month-to-month,Bank transfer (automatic),DSL,58.55,2044,0,0.38566518595918636,0
4140-WJAWW,Month-to-month,Credit card (automatic),No,19.85,3799,1,0.3855041808971113,0
6490-FGZAT,Month-to-month,Mailed check,No,20.65,3266,0,0.385436516963543,0
3845-JHAMY,Month-to-month,Credit card (automatic),DSL,35.5,2069,0,0.38530446591469947,0
2750-BJLSB,One year,Electronic check,Fiber optic,103.7,4543,0,0.38471806894973115,0
2673-CXQEU,One year,Electronic check,Fiber optic,110.5,4463,0,0.38459455352664684,0
7663-ZTEGJ,One year,Credit card (automatic),Fiber optic,100.55,3055,0,0.38429560978561017,0
1383-EZRWL,Month-to-month,Mailed check,No,20.05,5595,1,0.38413864873237424,0
3787-TRIAL,Month-to-month,Electronic check,DSL,26.05,4302,0,0.38404435242229057,0
0222-CNVPT,Month-to-month,Credit card (automatic),DSL,48.8,4865,0,0.38401002104895315,0
2159-TURXX,Month-to-month,Credit card (automatic),No,20.05,2483,0,0.38398163754379794,0
0308-IVGOK,One year,Credit card (automatic),DSL,40.4,2133,0,0.3837130702259126,0
9079-LWTFD,Month-to-month,Mailed check,Fiber optic,100.75,2508,0,0.3831752870210726,0
9970-QBCDA,Month-to-month,Credit card (automatic),No,19.7,5387,0,0.3831636287050223,0
6296-DDOOR,One year,Electronic check,DSL,58.2,4033,0,0.3831451396833179,0
2320-YKQBO,Month-to-month,Mailed check,No,19.3,4764,0,0.3825948829959566,0
5268-DSMNQ,One year,Credit card (automatic),Fiber optic,97.95,5428,0,0.38256939560166825,0
0487-RPVUM,Month-to-month,Bank transfer (automatic),Fiber optic,99.4,5404,0,0.3823239136844343,0
8865-TNMNX,One year,Mailed check,DSL,49.55,2392,0,0.3822402060306119,0
6806-YDEUL,Month-to-month,Bank transfer (automatic),No,19.5,3288,0,0.38218845898346687,0
3126-WQMGH,Month-to-month,Credit card (automatic),DSL,52.15,5224,0,0.3817428399182474,0
6972-SNKKW,Month-to-month,Mailed check,No,20.0,3142,0,0.3816248836756487,0
7743-EXURX,Month-to-month,Electronic check,DSL,51.05,3758,1,0.38140732917465586,0
6303-KFWSL,One year,Electronic check,DSL,55.25,5481,0,0.3809216901647095,0
0750-EKNGL,Month-to-month,Mailed check,No,20.75,4476,0,0.3807569248996848,0
5697-GOMBF,Month-to-month,Electronic check,DSL,35.9,5444,0,0.3800057491433739,0
5481-NTDOH,One year,Credit card (automatic),Fiber optic,107.05,4126,0,0.3798100621369791,0
6705-LNMDD,Month-to-month,Mailed check,DSL,50.0,5741,0,0.37972344483338416,0
0701-RFGFI,Month-to-month,Bank transfer (automatic),Fiber optic,95.4,6136,0,0.3795550267300684,0
0708-SJDIS,Month-to-month,Mailed check,DSL,65.0,5567,0,0.37950026886397276,0
9651-GTSAQ,One year,Bank transfer (automatic),Fiber optic,106.1,4471,1,0.3794139394576583,0
5709-LVOEQ,Two year,Mailed check,DSL,80.85,2048,0,0.3787240760590947,0
1732-FEKLD,One year,Bank transfer (automatic),Fiber optic,94.75,5665,0,0.3785839325099635,0
3391-JSQEW,Month-to-month,Mailed check,DSL,50.15,2454,0,0.3783003122092856,0
4079-VTGLK,Two year,Electronic check,DSL,74.85,5610,0,0.3782366591825017,0
4660-IRIBM,Month-to-month,Mailed check,Fiber optic,87.9,5192,0,0.3781148533485747,0
2252-JHJGE,One year,Electronic check,Fiber optic,104.0,4344,0,0.37799954050870765,0
7356-AYNJP,One year,Electronic check,No,23.9,5685,0,0.3776594555736609,0
6341-AEVKX,One year,Electronic check,Fiber optic,104.3,5905,0,0.3772637603495213,0
3570-YUEKJ,Month-to-month,Electronic check,DSL,49.55,3637,0,0.3770291509342835,0
6797-UCJHZ,One year,Credit card (automatic),Fiber optic,104.6,5722,0,0.37654437908543564,0
9565-JSNFM,One year,Bank transfer (automatic),Fiber optic,70.45,5437,1,0.3764229472719225,0
9842-EFSYY,Month-to-month,Mailed check,DSL,57.2,2421,0,0.3761575562440976,0
2720-FVBQP,Month-to-month,Credit card (automatic),DSL,48.95,3061,0,0.37608252926813474,0
1852-XEMDW,Month-to-month,Mailed check,DSL,65.05,4709,0,0.37508325863571956,0
0699-NDKJM,Month-to-month,Bank transfer (automatic),DSL,58.75,4115,0,0.37502635365967046,0
9863-JZAIC,Month-to-month,Mailed check,DSL,55.0,2220,1,0.37463203446894033,0
9040-KZVWO,One year,Bank transfer (automatic),Fiber optic,75.5,5184,0,0.37435552026512764,0
0523-VNGTF,Month-to-month,Electronic check,DSL,50.5,5185,0,0.3743188281024589,0
5206-XZZQI,Month-to-month,Mailed check,Fiber optic,80.6,6113,0,0.37428512167647954,0
9402-CXWPL,One year,Electronic check,Fiber optic,98.9,5980,0,0.37425095977329814,0
0206-TBWLC,One year,Mailed check,Fiber optic,114.65,4488,0,0.37390704756292775,0
9633-DENPU,Month-to-month,Bank transfer (automatic),DSL,58.6,2613,0,0.37362296448302984,0
1502-XFCVR,One year,Electronic check,Fiber optic,106.45,5902,1,0.3735510921005495,0
0440-QEXBZ,Month-to-month,Mailed check,DSL,50.15,5790,0,0.3735353088468336,0
5349-AZPEW,Month-to-month,Mailed check,DSL,25.05,2071,0,0.3734769547801748,0
6227-FBDXH,One year,Bank transfer (automatic),Fiber optic,99.5,4237,0,0.37268708399131173,0
9470-XCCEM,Month-to-month,Bank transfer (automatic),Fiber optic,89.65,2622,0,0.37185396414041916,0
1768-HNVGJ,Month-to-month,Electronic check,DSL,70.05,4223,0,0.371765157072331,0
0665-XHDJU,Two year,Electronic check,Fiber optic,99.4,6022,0,0.371561248966547,0
1346-PJWTK,Month-to-month,Credit card (automatic),Fiber optic,94.15,4806,0,0.37151788642426276,0
0867-MKZVY,Month-to-month,Electronic check,Fiber optic,82.4,5719,1,0.3709471333887122,0
3865-ZYKAD,Month-to-month,Credit card (automatic),Fiber optic,84.9,4503,0,0.37072074944953753,0
6671-NGWON,Month-to-month,Mailed check,No,20.35,3098,0,0.370580730559407,0
7789-CRUVC,Month-to-month,Credit card (automatic),Fiber optic,94.2,5274,0,0.37045756658807444,0
3635-JBPSG,Two year,Mailed check,DSL,38.8,2118,0,0.37018297126122424,0
4459-BBGHE,Month-to-month,Electronic check,DSL,44.5,5833,0,0.3701096427722338,0
6142-VSJQO,Month-to-month,Bank transfer (automatic),DSL,44.35,4599,1,0.3700800020562007,0
8250-ZNGGW,Month-to-month,Credit card (automatic),DSL,59.9,3662,0,0.36960958224072427,0
1009-IRMNA,Month-to-month,Bank transfer (automatic),No,20.0,4479,1,0.36918034091912993,0
1360-XFJMR,One year,Credit card (automatic),Fiber optic,109.7,4017,0,0.36889117938775795,0
9364-YKUVW,Month-to-month,Mailed check,No,19.8,2681,0,0.36879842272003976,0
5351-QESIO,Month-to-month,Mailed check,DSL,24.2,4276,0,0.36851979018890313,0
1371-DWPAZ,Two year,Credit card (automatic),DSL,56.05,4740,0,0.36827697381476254,0
8474-UMLNT,Month-to-month,Bank transfer (automatic),DSL,67.8,4115,0,0.3676613885379785,0
5298-GSTLM,One year,Bank transfer (automatic),Fiber optic,101.4,4483,0,0.36759194428537106,0
1679-JRFBR,One year,Credit card (automatic),Fiber optic,108.15,5192,0,0.36721756119177446,0
8849-GYOKR,One year,Bank transfer (automatic),Fiber optic,106.55,4893,1,0.3671088947029676,0
8268-YDIXR,One year,Electronic check,Fiber optic,93.15,4778,0,0.36694352800636926,0
2805-EDJPQ,One year,Credit card (automatic),Fiber optic,99.75,5926,0,0.36690453248104876,0
8123-QBNAZ,Month-to-month,Credit card (automatic),Fiber optic,104.5,4102,0,0.3666589268112655,0
2294-SALNE,One year,Mailed check,Fiber optic,86.8,3200,0,0.3665200976346931,0
6728-CZFEI,One year,Mailed check,DSL,56.15,5473,0,0.36631621487630583,0
5734-EJKXG,One year,Electronic check,Fiber optic,118.6,5536,0,0.366134688308509,0
5074-FBGHB,One year,Credit card (automatic),Fiber optic,104.65,6443,0,0.3658794006792078,0
4568-TTZRT,Month-to-month,Mailed check,No,20.4,5380,0,0.3657926759648515,0
3891-PUQOD,Month-to-month,Electronic check,DSL,59.2,5020,1,0.3650573081802144,0
0319-QZTCO,Month-to-month,Credit card (automatic),DSL,58.7,3654,0,0.3649826125782916,0
3530-CRZSB,Month-to-month,Mailed check,No,20.65,2100,0,0.36497912285549233,0
3256-EZDBI,Month-to-month,Credit card (automatic),DSL,29.45,6285,0,0.3649489329878141,0
2402-TAIRZ,One year,Electronic check,Fiber optic,80.05,3364,0,0.36459328348946257,0
4455-BFSPD,One year,Bank transfer (automatic),Fiber optic,101.15,5177,0,0.3642168677498436,0
5921-NGYRH,Month-to-month,Mailed check,Fiber optic,73.55,5018,0,0.36375949894443105,0
6979-TNDEU,Month-to-month,Mailed check,No,19.2,2879,0,0.36362800020768105,0
9259-PACGQ,Month-to-month,Electronic check,DSL,62.65,3918,1,0.3634373380253625,0
5168-MQQCA,One year,Bank transfer (automatic),Fiber optic,108.5,6288,0,0.36328984251558694,0
9357-UJRUN,One year,Electronic check,DSL,58.35,5428,0,0.3631202781630964,0
2332-EFBJY,Month-to-month,Mailed check,No,19.7,3438,1,0.3630671685037472,0
8847-GEOOQ,Month-to-month,Bank transfer (automatic),DSL,60.2,5359,0,0.36277877098025235,0
1304-SEGFY,Two year,Electronic check,Fiber optic,97.85,4508,0,0.36186640511594126,0
7123-WQUHX,One year,Bank transfer (automatic),Fiber optic,95.0,4741,0,0.3618346460759778,0
2023-VQFDL,Month-to-month,Electronic check,No,19.0,5379,0,0.36182450719562403,0
7382-DFJTU,Month-to-month,Credit card (automatic),DSL,55.2,2110,0,0.36174091748586273,0
8920-NAVAY,One year,Bank transfer (automatic),Fiber optic,110.75,5166,0,0.3616304104039045,0
1406-PUQVY,Month-to-month,Electronic check,DSL,49.9,3239,0,0.3614872792379494,0
6278-FEPBZ,Month-to-month,Mailed check,No,20.25,5546,0,0.36143459903907127,0
8809-RIHDD,Two year,Electronic check,Fiber optic,103.4,5055,1,0.3611354201625813,0
4402-FTBXC,Month-to-month,Mailed check,Fiber optic,89.8,4980,0,0.3610024470509651,0
8314-DPQHL,One year,Mailed check,DSL,50.8,5535,0,0.36090078977669304,0
2718-GAXQD,Month-to-month,Electronic check,DSL,46.0,4797,1,0.3608786255839432,0
5882-CMAZQ,Month-to-month,Electronic check,DSL,34.25,5100,0,0.3608454441078212,0
0089-IIQKO,Month-to-month,Credit card (automatic),Fiber optic,99.95,4447,0,0.36028765948174074,0
4187-CINZD,One year,Credit card (automatic),Fiber optic,95.25,3180,1,0.3599798575661903,0
8017-UVSZU,Month-to-month,Credit card (automatic),DSL,56.6,3359,0,0.3596368510778206,0
7964-ZRKKG,One year,Bank transfer (automatic),Fiber optic,88.4,6251,0,0.35958486083757646,0
5285-MVEHD,One year,Credit card (automatic),Fiber optic,105.6,4196,0,0.35883526138649735,0
1950-KSVVJ,One year,Mailed check,Fiber optic,113.3,4885,0,0.35861682049547444,0
4323-SADQS,Month-to-month,Electronic check,DSL,34.5,3520,1,0.35820299823882956,0
6198-PNNSZ,One year,Bank transfer (automatic),Fiber optic,109.8,5648,0,0.35816285144869986,0
2908-ZTPNF,Month-to-month,Bank transfer (automatic),DSL,34.85,4452,0,0.35795402969800727,0
0787-LHDYT,Month-to-month,Credit card (automatic),No,20.6,5667,0,0.3577223260639972,0
1142-IHLOO,One year,Credit card (automatic),Fiber optic,87.55,6021,0,0.3577030431577507,0
7721-JXEAW,Month-to-month,Bank transfer (automatic),DSL,41.05,4324,1,0.35768701145766296,0
3417-TSCIC,One year,Mailed check,DSL,24.85,4161,0,0.35720388081761617,0
4083-EUGRJ,Month-to-month,Mailed check,No,20.25,3361,1,0.3571237889737461,0
5678-VFNEQ,One year,Credit card (automatic),Fiber optic,104.1,4695,0,0.35710172800519663,0
5863-OOKCL,Month-to-month,Mailed check,No,18.85,5949,0,0.35700322677098617,0
9909-DFRJA,One year,Bank transfer (automatic),Fiber optic,95.85,3834,0,0.35685431108738475,0
0310-VQXAM,Month-to-month,Mailed check,No,19.85,2788,0,0.35627331594732564,0
0484-FFVBJ,One year,Bank transfer (automatic),DSL,64.85,4895,0,0.3562128197517561,0
4623-ZKHLY,Month-to-month,Bank transfer (automatic),No,20.45,3727,0,0.35615851795517145,0
8905-IAZPF,One year,Credit card (automatic),Fiber optic,95.65,5251,0,0.35588662534888044,0
1543-LLLFT,One year,Mailed check,Fiber optic,98.3,5413,0,0.3557231801783744,0
4821-SJHJV,Month-to-month,Electronic check,Fiber optic,89.6,4444,0,0.3554630265958546,0
1116-DXXDF,Two year,Electronic check,Fiber optic,100.45,2698,0,0.3553765768100016,0
2538-OIMXF,Month-to-month,Mailed check,DSL,24.7,3065,0,0.3549285548082719,0
1991-VOPLL,Month-to-month,Mailed check,No,19.05,3248,0,0.3548232736111132,0
1353-GHZOS,One year,Bank transfer (automatic),DSL,59.75,3947,0,0.3540360145894685,0
7740-KKCXF,Month-to-month,Credit card (automatic),DSL,30.05,5045,0,0.35384387409656787,0
2237-ZFSMY,One year,Electronic check,Fiber optic,95.55,2767,1,0.35376710714684806,0
6738-ISCBM,One year,Electronic check,DSL,54.0,4256,0,0.35375112108145795,0
1376-HHBDV,Month-to-month,Mailed check,DSL,48.8,4864,0,0.35371788186026637,0
9591-YVTEB,Month-to-month,Electronic check,DSL,44.85,5829,0,0.3537141393639937,0
3694-DELSO,Month-to-month,Credit card (automatic),DSL,38.55,3824,0,0.35350782370102457,0
9415-TPKRV,Month-to-month,Electronic check,DSL,55.75,5681,0,0.3532948435770749,0
0655-YDGFJ,Month-to-month,Bank transfer (automatic),DSL,48.95,4825,0,0.35308821534886925,0
4198-VFOEA,One year,Mailed check,DSL,33.6,2990,0,0.3529687041433837,0
2480-SQIOB,Month-to-month,Electronic check,DSL,44.8,2114,0,0.3529468972326026,0
5924-IFQTT,Month-to-month,Electronic check,DSL,72.8,2862,0,0.3528805337483875,0
9504-DSHWM,Month-to-month,Bank transfer (automatic),DSL,59.2,5924,0,0.3527975449451747,0
8904-OPDCK,Month-to-month,Bank transfer (automatic),DSL,24.95,4691,0,0.3527712361751133,0
0943-ZQPXH,Month-to-month,Bank transfer (automatic),Fiber optic,92.95,5635,0,0.3525915673178437,0
5478-JJVZK,Month-to-month,Mailed check,DSL,60.9,3009,0,0.35250267469662505,0
5396-IZEPB,Month-to-month,Credit card (automatic),No,19.7,4194,0,0.3524507349637898,0
7998-ZLXWN,Month-to-month,Credit card (automatic),No,20.45,5184,0,0.3522969681372248,0
5732-IKGQH,One year,Bank transfer (automatic),Fiber optic,104.45,5490,0,0.3521421454206726,0
7134-MJPDY,One year,Credit card (automatic),Fiber optic,102.85,5569,0,0.35204148279107045,0
8984-EYLLL,Two year,Electronic check,Fiber optic,105.25,5682,0,0.35195591866805886,0
3130-ICDUP,Month-to-month,Credit card (automatic),Fiber optic,80.55,5346,0,0.3517992248060538,0
7727-SHVZV,Month-to-month,Bank transfer (automatic),No,19.5,4883,0,0.3514478518161742,0
6036-TTFYU,Month-to-month,Mailed check,No,19.6,4298,0,0.35094731003039714,0
0804-XBFBV,Month-to-month,Electronic check,DSL,25.2,5916,0,0.3509135450815965,0
9092-GDZKO,Month-to-month,Credit card (automatic),No,24.85,3534,0,0.35055267495552933,0
4323-OHFOW,One year,Bank transfer (automatic),Fiber optic,105.55,4605,0,0.35042443612342333,0
6092-QZVPP,Month-to-month,Credit card (automatic),DSL,79.2,4830,0,0.3500260731168641,0
5934-TSSAU,Month-to-month,Credit card (automatic),Fiber optic,75.3,5903,0,0.35000868551448977,0
7825-ECJRF,Month-to-month,Electronic check,Fiber optic,106.6,3764,1,0.34990004696450466,0
9115-YQHGA,Month-to-month,Electronic check,DSL,51.1,3355,0,0.349861103497096,0
0142-GVYSN,Month-to-month,Electronic check,No,20.3,5712,0,0.3497709896303871,0
7824-PANSQ,Month-to-month,Bank transfer (automatic),Fiber optic,80.65,6043,0,0.3496306491607113,0
3528-HFRIQ,Month-to-month,Bank transfer (automatic),DSL,52.3,5491,0,0.34942259986061747,0
1707-HABPF,One year,Bank transfer (automatic),Fiber optic,91.3,3191,0,0.34919748834695424,0
0373-AIVNJ,One year,Mailed check,DSL,39.55,3755,0,0.3489886852668276,0
2359-KLTEK,Month-to-month,Bank transfer (automatic),Fiber optic,94.9,3539,0,0.3487958300952733,0
4742-DRORA,One year,Bank transfer (automatic),Fiber optic,95.4,4149,0,0.348762744511575,0
7516-GMHUV,Two year,Credit card (automatic),Fiber optic,105.05,5324,0,0.3485279932527788,0
0274-JKUJR,Month-to-month,Mailed check,DSL,58.85,3332,0,0.3482626648252265,0
5985-BEHZK,One year,Credit card (automatic),Fiber optic,105.0,6423,0,0.34816525744791554,0
5619-PTMIK,Month-to-month,Electronic check,DSL,53.1,3358,0,0.34798846996165017,0
9107-UKCKY,One year,Electronic check,DSL,79.8,6432,0,0.34798364637167234,0
2791-SFVEW,Month-to-month,Bank transfer (automatic),No,20.15,3772,0,0.34797424703029656,0
9475-NNDGC,One year,Bank transfer (automatic),Fiber optic,113.15,4068,0,0.34791289393758734,0
6289-CPNLD,One year,Mailed check,DSL,73.9,5374,1,0.347881838510509,0
2202-OUTMO,Month-to-month,Bank transfer (automatic),DSL,60.85,3012,0,0.34769581145024847,0
4908-XAXAY,One year,Bank transfer (automatic),Fiber optic,89.85,5982,0,0.3475115338508157,0
5966-EMAZU,One year,Mailed check,Fiber optic,108.5,4576,0,0.347226772826378,0
2957-JIRMN,One year,Electronic check,Fiber optic,84.45,4166,0,0.3469413994008819,0
9932-WBWIK,Month-to-month,Mailed check,No,20.35,5597,0,0.3463915248750738,0
9420-LOJKX,Month-to-month,Credit card (automatic),Fiber optic,99.1,2966,1,0.346238473671428,0
0265-PSUAE,Month-to-month,Bank transfer (automatic),Fiber optic,100.7,3337,0,0.346190800920965,0
9114-VEPUF,One year,Electronic check,Fiber optic,96.1,6139,0,0.34593387088737954,0
8224-IVVPA,Month-to-month,Mailed check,DSL,56.7,4472,0,0.3458732801244247,0
0345-XMMUG,Two year,Credit card (automatic),Fiber optic,108.9,5119,0,0.34585235404140585,0
3192-LNKRK,Month-to-month,Mailed check,Fiber optic,84.05,3476,0,0.34579447177823064,0
2019-HDCZY,Two year,Electronic check,Fiber optic,102.6,4004,0,0.345602964405341,0
2040-OBMLJ,One year,Credit card (automatic),Fiber optic,81.7,4850,0,0.34551860267346557,0
2851-STERV,One year,Electronic check,DSL,73.0,2715,0,0.34519057980239376,0
6583-SZVGP,Two year,Bank transfer (automatic),Fiber optic,108.1,5994,0,0.34506382834325544,0
1140-UKVZG,Month-to-month,Mailed check,No,24.8,5208,0,0.34503178416018815,0
3104-OWCGK,One year,Electronic check,Fiber optic,90.95,4111,1,0.3450228893737171,0
5522-NYKPB,Month-to-month,Electronic check,Fiber optic,85.9,3153,0,0.3445119404668363,0
7080-TNUWP,One year,Bank transfer (automatic),Fiber optic,95.0,6259,0,0.3443344382764607,0
6386-SZZKH,Two year,Bank transfer (automatic),Fiber optic,107.95,5785,1,0.3435068142639911,0
3086-RUCRN,Month-to-month,Bank transfer (automatic),Fiber optic,103.1,6183,0,0.34284890393722556,0
5995-OIGLP,Month-to-month,Mailed check,DSL,56.65,3043,1,0.3426692988511566,0
2586-CWXVV,Month-to-month,Electronic check,DSL,30.4,4778,0,0.3422455375676576,0
9853-JFZDU,Month-to-month,Electronic check,DSL,56.85,3102,0,0.3420867127088697,0
7102-JJVTX,One year,Mailed check,DSL,48.6,4562,0,0.3416232363593927,0
2428-ZMCTB,Month-to-month,Credit card (automatic),No,19.75,3926,0,0.341393284417694,0
6302-JGYRJ,One year,Mailed check,DSL,79.45,2872,1,0.34130740083638433,0
7614-QVWQL,One year,Bank transfer (automatic),DSL,51.8,5375,1,0.3410323125528498,0
0678-RLHVP,Two year,Electronic check,Fiber optic,105.55,5731,0,0.3408500154210156,0
2851-MMUTZ,Month-to-month,Mailed check,DSL,56.15,3056,0,0.34040477224266674,0
4374-YMUSQ,One year,Credit card (automatic),Fiber optic,116.25,4022,0,0.3402500519464417,0
5353-WILCI,Month-to-month,Electronic check,DSL,56.05,4468,0,0.34019724416401487,0
1919-RTPQD,Month-to-month,Electronic check,DSL,44.75,4699,0,0.3396469096003715,0
2371-JUNGC,Month-to-month,Mailed check,No,20.25,4032,0,0.3395370135046412,0
2316-ESMLS,One year,Credit card (automatic),DSL,33.15,3882,0,0.33952569973980357,0
9575-IWCAZ,One year,Mailed check,No,25.1,5161,0,0.3392869825943638,0
1226-JZNKR,One year,Electronic check,No,19.8,5698,0,0.3383486815234602,0
9036-CSKBW,One year,Bank transfer (automatic),Fiber optic,107.45,5446,0,0.3382821257004169,0
3786-WOVKF,One year,Bank transfer (automatic),Fiber optic,106.85,4768,0,0.3382068323200301,0
6873-UDNLD,Month-to-month,Electronic check,DSL,67.45,4714,0,0.3379334687221926,0
2722-VOJQL,One year,Credit card (automatic),Fiber optic,105.65,4870,1,0.3370936164225314,0
8318-LCNBW,One year,Credit card (automatic),DSL,53.15,5638,0,0.33704086329200716,0
1347-KTTTA,One year,Credit card (automatic),Fiber optic,102.45,6398,0,0.33701883066462063,0
2235-ZGKPT,Month-to-month,Mailed check,DSL,50.85,5386,1,0.33689064278749636,0
8080-POTJR,One year,Credit card (automatic),DSL,79.3,2655,0,0.3368635725982533,0
5977-CKHON,Month-to-month,Bank transfer (automatic),Fiber optic,92.55,3853,0,0.33633259613467437,0
1447-PJGGA,Two year,Electronic check,Fiber optic,95.25,5789,1,0.3352463095505258,0
2967-MXRAV,One year,Mailed check,No,18.8,5160,0,0.3351849811829967,0
9762-YAQAA,One year,Credit card (automatic),Fiber optic,81.4,4104,0,0.33514883986553456,0
0098-BOWSO,Month-to-month,Electronic check,No,19.4,3792,0,0.3350469342137515,0
2801-NISEI,Month-to-month,Electronic check,DSL,54.95,3407,0,0.33426748879819673,0
6563-VNPMN,Month-to-month,Bank transfer (automatic),Fiber optic,85.7,5397,0,0.33424015510354105,0
8942-DBMHZ,Month-to-month,Mailed check,No,20.45,4883,0,0.33386213378715845,0
5343-SGUBI,One year,Mailed check,Fiber optic,80.2,5597,0,0.3335308564002423,0
1237-WIYYZ,Month-to-month,Mailed check,No,19.55,2386,0,0.3334243295351678,0
0380-ZCSBI,Month-to-month,Credit card (automatic),No,20.0,2411,0,0.33323946751062544,0
1563-IWQEX,Month-to-month,Mailed check,No,19.7,5715,0,0.3332155711709025,0
4002-BQWPQ,Month-to-month,Bank transfer (automatic),DSL,81.75,5917,0,0.3330730345279306,0
6202-JVYEU,One year,Electronic check,No,19.9,3643,0,0.33296501052311245,0
9644-UMGQA,Month-to-month,Electronic check,DSL,49.15,4076,0,0.33236344710576043,0
4023-RTIQM,One year,Credit card (automatic),DSL,50.4,2166,0,0.33213476009647863,0
3173-NVMPX,Month-to-month,Mailed check,DSL,55.3,4291,0,0.3319588550732225,0
5996-NRVXR,One year,Credit card (automatic),Fiber optic,98.15,4332,0,0.3316868570282878,0
9137-UIYPG,Month-to-month,Electronic check,Fiber optic,106.9,5447,0,0.33166575680433164,0
2452-SNHFZ,Month-to-month,Credit card (automatic),Fiber optic,75.45,4995,0,0.33154814560074986,0
6022-KOUQO,Month-to-month,Bank transfer (automatic),DSL,29.05,4998,0,0.33149611260112816,0
2925-MXLSX,One year,Credit card (automatic),DSL,68.95,4403,0,0.3314670620375374,0
3750-RNQKR,Month-to-month,Mailed check,No,19.45,4788,0,0.33143807841191547,0
0549-CYCQN,One year,Bank transfer (automatic),Fiber optic,79.6,4673,0,0.331139432337507,0
6505-OZNPG,Two year,Mailed check,DSL,63.4,3909,0,0.3310240918458291,0
3941-XTSKM,One year,Credit card (automatic),DSL,45.1,3844,0,0.33079070456219883,0
2794-XIMMO,One year,Electronic check,DSL,60.45,5650,1,0.3306259429590049,0
6769-DCQLI,One year,Bank transfer (automatic),Fiber optic,105.0,4630,1,0.33027491099385614,0
7605-SNLQG,Month-to-month,Credit card (automatic),DSL,50.25,2036,0,0.32997244310000173,0
7593-JNWRU,Month-to-month,Bank transfer (automatic),DSL,44.6,4525,1,0.32994542983343156,0
5533-RJFTJ,Month-to-month,Bank transfer (automatic),DSL,30.2,5214,0,0.32972343191248643,0
5027-YOCXN,One year,Credit card (automatic),Fiber optic,110.05,5604,0,0.3296059594393595,0
7361-YPXFS,Month-to-month,Bank transfer (automatic),DSL,64.45,3820,0,0.32956974836402114,0
9367-TCUYN,Month-to-month,Mailed check,No,20.1,5179,0,0.3293776914329758,0
5522-JBWMO,Month-to-month,Electronic check,DSL,44.0,4020,0,0.3287896970697068,0
4189-NAKJS,One year,Credit card (automatic),DSL,51.55,3130,0,0.3282004752399556,0
1095-WGNGG,Two year,Bank transfer (automatic),Fiber optic,101.05,6311,0,0.3278757974031459,0
9256-JTBNZ,Month-to-month,Bank transfer (automatic),No,20.3,4188,0,0.32787484597635963,0
0032-PGELS,Month-to-month,Bank transfer (automatic),DSL,30.5,5171,1,0.3277184132638315,0
0815-MFZGM,Two year,Credit card (automatic),Fiber optic,99.0,4545,0,0.3274399581478129,0
1539-LNKHM,Month-to-month,Mailed check,No,20.4,4497,0,0.3272064098559497,0
6008-NAIXK,One year,Electronic check,DSL,55.45,4521,0,0.32700762521509796,0
4476-OSWTN,One year,Mailed check,Fiber optic,110.55,4887,0,0.32676478113894875,0
2436-QBZFP,Month-to-month,Electronic check,DSL,39.2,3288,0,0.3264503761028928,0
7105-MXJLL,One year,Mailed check,DSL,60.7,2502,0,0.3263797714626406,0
7531-GQHME,Month-to-month,Credit card (automatic),No,20.05,4996,0,0.3259740117266194,0
6906-MPARY,One year,Credit card (automatic),Fiber optic,89.6,2524,0,0.3256085148029152,0
6838-HVLXG,Month-to-month,Mailed check,No,20.3,4177,0,0.3253034293316985,0
5640-CAXOA,One year,Credit card (automatic),DSL,40.35,5455,0,0.32523197146943894,0
9249-FXSCK,One year,Credit card (automatic),Fiber optic,111.25,4861,1,0.32464396147122426,0
1930-WNXSB,Month-to-month,Electronic check,Fiber optic,92.85,4879,0,0.32462528188130596,0
0136-IFMYD,Two year,Electronic check,Fiber optic,109.95,4297,0,0.32362446359877955,0
0557-ASKVU,One year,Credit card (automatic),DSL,54.4,4948,0,0.32316234298681823,0
2242-MFOTG,One year,Bank transfer (automatic),Fiber optic,80.1,3957,0,0.3230310843121675,0
2882-DDZPG,Month-to-month,Bank transfer (automatic),No,19.45,4862,0,0.3227504012598302,0
9909-IDLEK,Month-to-month,Mailed check,Fiber optic,96.8,3222,0,0.32230133695909197,0
5913-INRQV,One year,Mailed check,Fiber optic,90.15,3202,0,0.3219307511441782,0
2560-PPCHE,One year,Bank transfer (automatic),Fiber optic,105.05,5742,0,0.32181084703573903,0
9495-SKLKD,Month-to-month,Bank transfer (automatic),Fiber optic,95.95,5322,0,0.3217606911303003,0
4833-QTJNO,Month-to-month,Bank transfer (automatic),Fiber optic,83.85,5261,0,0.321395014428394,0
8627-EHGIP,One year,Mailed check,DSL,53.95,3051,1,0.3210730516801196,0
8008-ESFLK,One year,Electronic check,Fiber optic,110.5,4135,0,0.3210150931188431,0
4657-FWVFY,Month-to-month,Credit card (automatic),Fiber optic,96.35,2004,0,0.3209182304147279,0
0975-UYDTX,One year,Credit card (automatic),DSL,90.1,2068,0,0.3208143777177291,0
8457-XIGKN,Month-to-month,Credit card (automatic),No,19.6,5909,0,0.320779809783671,0
5562-BETPV,One year,Mailed check,No,19.65,2539,0,0.3203757894763615,0
9089-UOWJG,Month-to-month,Credit card (automatic),DSL,58.35,5068,0,0.3198837044473124,0
4250-ZBWLV,One year,Electronic check,Fiber optic,108.45,4454,1,0.31961594858470976,0
7669-LCRSD,Month-to-month,Mailed check,DSL,56.3,2047,0,0.3194756194753689,0
6368-NWMCE,Month-to-month,Credit card (automatic),DSL,68.15,3371,0,0.31945369299439286,0
4104-PVRPS,Month-to-month,Mailed check,DSL,53.6,2977,0,0.31908989701232526,0
2748-MYRVK,One year,Bank transfer (automatic),Fiber optic,99.9,4776,1,0.3184485827444033,0
5240-CAOYT,Month-to-month,Bank transfer (automatic),Fiber optic,87.55,4882,0,0.3184250940461901,0
6921-OZMFH,Month-to-month,Mailed check,DSL,55.7,3598,0,0.31839945026189936,0
3318-ISQFQ,Month-to-month,Bank transfer (automatic),No,19.5,5409,0,0.3183796887449401,0
1400-WIVLL,Two year,Electronic check,Fiber optic,107.95,4687,0,0.31821432925074894,0
2985-JUUBZ,Month-to-month,Electronic check,DSL,74.55,3718,0,0.3181543875270002,0
1357-MVDOZ,Month-to-month,Bank transfer (automatic),DSL,59.65,2136,0,0.3178823087548832,0
1530-ZTDOZ,Month-to-month,Bank transfer (automatic),DSL,40.65,5565,0,0.3178087952387887,0
0774-IFUVM,Month-to-month,Bank transfer (automatic),DSL,65.15,5942,0,0.31773678927968624,0
9700-ISPUP,Month-to-month,Electronic check,DSL,65.5,3137,0,0.3172631196982603,0
7159-NOKYQ,Two year,Electronic check,Fiber optic,93.15,4001,0,0.3172387771377781,0
5156-UMKOW,Month-to-month,Mailed check,DSL,29.65,5880,0,0.31713741803735673,0
7576-JMYWV,Month-to-month,Electronic check,Fiber optic,110.2,4162,0,0.3170087235083983,0
5815-HGGHV,One year,Mailed check,DSL,64.15,5969,0,0.3169808476035027,0
0786-IVLAW,One year,Bank transfer (automatic),Fiber optic,108.1,4722,0,0.31690334405152504,0
0895-UADGO,Two year,Mailed check,DSL,44.55,5489,0,0.31675902799242267,0
5440-VHLUL,One year,Bank transfer (automatic),Fiber optic,105.2,6247,0,0.3165620942147386,0
7879-CGSFV,One year,Mailed check,Fiber optic,100.9,5101,0,0.31604845400556736,0
0282-NVSJS,Month-to-month,Mailed check,DSL,29.3,3353,0,0.31562003768201624,0
8496-DMZUK,One year,Bank transfer (automatic),Fiber optic,90.4,3171,0,0.31538708832222506,0
9039-RBEEE,Month-to-month,Credit card (automatic),DSL,48.95,3080,1,0.3152025582958169,0
6876-ADESB,Month-to-month,Electronic check,DSL,48.95,3913,1,0.3149785770971233,0
6749-UTDVX,Two year,Electronic check,Fiber optic,103.65,6088,0,0.31484546691335935,0
0178-SZBHO,Month-to-month,Electronic check,Fiber optic,87.2,3760,0,0.31443620432105873,0
2972-YDYUW,One year,Electronic check,Fiber optic,94.7,4507,0,0.31440677950623536,0
2667-WYLWJ,One year,Mailed check,No,19.75,2247,1,0.3143812922481438,0
4163-KIUHY,Month-to-month,Electronic check,No,25.6,2980,0,0.3143432183223451,0
7964-VEXDG,Month-to-month,Electronic check,Fiber optic,80.35,4579,0,0.3142239738314288,0
7916-VCCPB,Month-to-month,Bank transfer (automatic),Fiber optic,73.25,3624,0,0.3139974546654508,0
4697-LUPSU,One year,Mailed check,No,20.2,3866,0,0.3139901305496672,0
5716-LIBJC,One year,Credit card (automatic),Fiber optic,104.15,2810,0,0.3139359850618376,0
7746-QYVCO,One year,Mailed check,DSL,55.85,2464,0,0.31337132353787117,0
0621-JFHOL,Two year,Mailed check,DSL,29.6,3180,0,0.31283909289373857,0
3623-FQBOX,Month-to-month,Mailed check,No,19.95,3632,0,0.31226154537935047,0
1179-INLAT,One year,Mailed check,No,19.45,2787,0,0.3121610471385358,0
7909-FIOIY,Month-to-month,Mailed check,DSL,24.85,2958,0,0.31205376754640424,0
6035-RIIOM,Two year,Bank transfer (automatic),Fiber optic,97.2,4971,0,0.3119972453581156,0
6297-NOOPG,Two year,Electronic check,Fiber optic,110.5,5979,0,0.31191054426544007,0
1371-WEPDS,One year,Electronic check,DSL,55.8,3587,0,0.3118967097965837,0
4011-ARPHK,Month-to-month,Mailed check,DSL,50.35,5578,0,0.311827696676697,0
3061-BCKYI,Month-to-month,Mailed check,No,19.9,3854,0,0.31182632975082397,0
8634-CILSZ,One year,Bank transfer (automatic),Fiber optic,104.7,6350,1,0.3114049494867579,0
9644-KVCNC,One year,Bank transfer (automatic),Fiber optic,92.15,4928,0,0.31117418022605425,0
5025-GOOKI,Month-to-month,Credit card (automatic),No,18.9,4277,0,0.3107120911069747,0
1744-JHKYS,Month-to-month,Electronic check,No,24.7,3421,0,0.3105992833462341,0
8631-WUXGY,Month-to-month,Electronic check,Fiber optic,99.8,2405,0,0.31037399814330846,0
9391-DXGGG,One year,Credit card (automatic),Fiber optic,89.15,4368,0,0.31036159052581336,0
7674-YTAFD,One year,Bank transfer (automatic),Fiber optic,79.95,3118,0,0.30999641150740065,0
3714-XPXBW,Month-to-month,Credit card (automatic),DSL,78.9,3801,0,0.3096033567995243,0
4464-JCOLN,One year,Mailed check,No,19.85,2362,1,0.30911041159189806,0
7089-RKVSZ,One year,Mailed check,No,24.4,2028,0,0.30898762723507717,0
9139-TWBAS,One year,Bank transfer (automatic),DSL,47.85,4362,0,0.30885939896651343,0
9546-KDTRB,Month-to-month,Bank transfer (automatic),No,24.7,3612,0,0.30867632313606747,0
2001-MCUUW,Two year,Electronic check,Fiber optic,108.65,4210,0,0.3086702570545365,0
4274-DRSQT,One year,Bank transfer (automatic),Fiber optic,88.9,5868,0,0.30852962171413767,0
1548-ARAGG,Month-to-month,Mailed check,DSL,58.5,5605,0,0.3083229300246089,0
8591-NXRCV,Month-to-month,Bank transfer (automatic),DSL,74.65,3859,0,0.30800711019131105,0
4429-WYGFR,Month-to-month,Bank transfer (automatic),DSL,49.15,2752,0,0.3075938213804125,0
1730-VFMWO,Month-to-month,Bank transfer (automatic),DSL,50.2,4352,0,0.3075846681053131,0
9378-FXTIZ,One year,Credit card (automatic),DSL,70.15,4596,1,0.3075323792488608,0
0536-ACXIP,Two year,Electronic check,Fiber optic,109.55,6452,0,0.3075004686065418,0
9076-AXYIK,Two year,Electronic check,Fiber optic,102.1,6270,0,0.30747517444355943,0
3137-NYQQI,One year,Mailed check,DSL,64.8,3546,0,0.3073391876754685,0
1696-MZVAU,One year,Credit card (automatic),DSL,25.25,4259,0,0.3073042158132349,0
5651-CRHKQ,One year,Bank transfer (automatic),Fiber optic,86.2,5325,0,0.30723171201590566,0
3038-PQIUY,Month-to-month,Bank transfer (automatic),DSL,66.15,4933,0,0.30719327118850026,0
6568-POCUI,Two year,Credit card (automatic),Fiber optic,95.2,3363,0,0.3067008850579914,0
9867-NNXLC,Month-to-month,Mailed check,No,20.05,5555,0,0.30650692689596193,0
3428-MMGUB,Two year,Electronic check,Fiber optic,89.55,5874,0,0.3064899104545832,0
1984-GPTEH,Month-to-month,Electronic check,No,25.15,5491,0,0.3061944723802036,0
5081-NWSUP,One year,Mailed check,DSL,64.9,4883,0,0.30598397005190875,0
8929-KSWIH,Two year,Bank transfer (automatic),Fiber optic,99.3,3847,0,0.30550668632029965,0
7336-RLLRH,One year,Mailed check,DSL,80.85,4732,0,0.3052508249739019,0
2277-BKJKN,Two year,Electronic check,Fiber optic,99.2,4951,0,0.30497731899064306,0
5294-IMHHT,One year,Bank transfer (automatic),Fiber optic,97.75,4488,0,0.30496771580546095,0
9031-ZVQPT,Two year,Electronic check,Fiber optic,108.2,4773,0,0.30489423184018805,0
9738-QLWTP,One year,Electronic check,Fiber optic,81.9,3446,0,0.30454441843702734,0
8138-EALND,Month-to-month,Mailed check,No,19.75,4123,0,0.3044819271142526,0
1921-KYSAY,One year,Electronic check,DSL,68.6,4572,0,0.30397134453896557,0
6804-GDMOI,Two year,Electronic check,Fiber optic,106.6,4183,1,0.30389095484826567,0
5537-UXXVS,Month-to-month,Bank transfer (automatic),No,19.25,4137,0,0.3037791578982318,0
5832-TRLPB,One year,Bank transfer (automatic),DSL,75.35,4422,0,0.30360644546162396,0
4785-QRJHC,One year,Bank transfer (automatic),DSL,59.9,4011,1,0.30301454782659887,0
1428-IEDPR,Two year,Electronic check,Fiber optic,109.3,5624,0,0.30272781046274394,0
2001-EWBQU,Two year,Electronic check,Fiber optic,104.7,6186,0,0.3025637946679994,0
0980-PVMRC,Month-to-month,Electronic check,DSL,50.85,2819,0,0.30246322194974956,0
4389-UEFCZ,Two year,Electronic check,Fiber optic,105.5,5551,0,0.30216763270646324,0
5207-PLSTK,Month-to-month,Mailed check,DSL,48.75,5068,0,0.301921643691605,0
8344-WFMFH,Month-to-month,Electronic check,DSL,50.1,4738,0,0.30185215708470875,0
3537-RYBHH,Month-to-month,Credit card (automatic),DSL,67.45,4074,0,0.30160458546283453,0
2958-NHPPS,Month-to-month,Electronic check,No,20.85,4263,0,0.3015908545274712,0
4770-QAZXN,Month-to-month,Credit card (automatic),No,19.45,2783,0,0.30151033865823146,0
9661-MHUMO,Month-to-month,Credit card (automatic),DSL,49.25,4478,1,0.3015011387427111,0
4726-DLWQN,Month-to-month,Bank transfer (automatic),DSL,70.35,5596,0,0.3008146107790071,0
0280-XJGEX,Month-to-month,Bank transfer (automatic),Fiber optic,103.7,5340,1,0.30071249352326834,0
6674-KVJHG,One year,Electronic check,No,25.2,4998,0,0.3004397949815438,0
2853-CWQFQ,Month-to-month,Mailed check,DSL,59.55,5824,0,0.30032146768135537,0
4003-OCTMP,One year,Electronic check,DSL,64.0,5191,0,0.30022455576113244,0
7566-DSRLQ,Two year,Electronic check,Fiber optic,110.15,5065,0,0.3000701071231377,0
0931-MHTEM,One year,Credit card (automatic),Fiber optic,100.05,4478,0,0.3000580133817564,0
0795-GMVQO,One year,Credit card (automatic),Fiber optic,109.9,5416,0,0.30002544418975535,0
4592-IWTJI,Month-to-month,Credit card (automatic),DSL,29.7,2613,1,0.2997813742659647,0
4881-GQJTW,Month-to-month,Credit card (automatic),No,19.6,2847,0,0.29948410241486756,0
9391-TTOYH,Month-to-month,Mailed check,No,19.5,5652,0,0.29884982533291243,0
6865-JZNKO,Month-to-month,Bank transfer (automatic),DSL,55.3,2725,0,0.2986390150770745,0
6295-OSINB,Two year,Electronic check,Fiber optic,109.65,6181,0,0.29861071476191525,0
3092-IGHWF,One year,Electronic check,Fiber optic,87.4,4421,1,0.29778803037970897,0
1750-CSKKM,Month-to-month,Electronic check,DSL,55.35,2688,1,0.29772628929873446,0
3285-UCQVC,Month-to-month,Credit card (automatic),DSL,28.6,4429,1,0.2976117958841975,0
6156-UZDLF,One year,Credit card (automatic),Fiber optic,87.15,5689,0,0.2972346957855576,0
2419-FSORS,Two year,Electronic check,Fiber optic,108.4,4394,0,0.29710859223976355,0
2223-KAGMX,Month-to-month,Bank transfer (automatic),No,19.4,5379,1,0.29685446798439896,0
5730-RIITO,Month-to-month,Credit card (automatic),DSL,33.45,4757,0,0.296594728560331,0
5756-JYOJT,One year,Credit card (automatic),DSL,64.9,3206,0,0.29611190650354774,0
6732-FZUGP,One year,Credit card (automatic),Fiber optic,94.9,4510,0,0.2960029959692523,0
0917-EZOLA,Two year,Bank transfer (automatic),Fiber optic,104.15,5925,1,0.29599203649286443,0
5176-LDKUH,One year,Electronic check,Fiber optic,75.15,3345,0,0.29583934279866003,0
0347-UBKUZ,Month-to-month,Mailed check,No,19.9,3366,0,0.29573985310823114,0
7228-PAQPD,One year,Credit card (automatic),DSL,59.1,5718,0,0.29573079386456497,0
3945-GFWQL,Month-to-month,Electronic check,DSL,44.55,4162,1,0.29550495521529185,0
4829-ZLJTK,Two year,Electronic check,Fiber optic,112.4,6144,0,0.2954952846635426,0
6040-CGACY,Month-to-month,Mailed check,No,19.6,3195,0,0.295275201062291,0
5539-HIVAK,Month-to-month,Mailed check,No,25.7,3136,0,0.29519729759717284,0
6924-TDGMT,One year,Mailed check,No,20.55,3971,0,0.2948565800693798,0
4683-WYDOU,Two year,Bank transfer (automatic),Fiber optic,107.6,4697,0,0.29472537566682316,0
7311-MQJCH,One year,Electronic check,No,19.55,2575,0,0.2945457631584299,0
5339-TJFEK,Month-to-month,Electronic check,Fiber optic,105.5,4271,0,0.29445461951414514,0
6253-WRFHY,One year,Electronic check,DSL,64.75,4741,0,0.294394979357397,0
0723-VSOBE,One year,Electronic check,DSL,34.2,5715,0,0.293728085793211,0
2391-IPLOP,One year,Electronic check,DSL,69.65,4706,0,0.2934632734603891,0
8548-AWOFC,Month-to-month,Electronic check,DSL,63.85,5956,0,0.2929576126370073,0
7492-TAFJD,Two year,Mailed check,DSL,38.55,3345,0,0.2929188146083307,0
3070-BDOQC,Two year,Electronic check,Fiber optic,99.65,4616,0,0.2925631232047395,0
5013-SBUIH,Two year,Electronic check,Fiber optic,109.65,5855,1,0.2925140557143889,0
9592-ERDKV,One year,Mailed check,DSL,79.25,2322,0,0.2920714156773295,0
1174-FGIFN,One year,Electronic check,Fiber optic,90.45,5823,0,0.29181271069827586,0
5161-XEUVX,Two year,Mailed check,Fiber optic,94.3,2615,0,0.29171449942594807,0
9518-IMLHK,Month-to-month,Bank transfer (automatic),DSL,72.45,3175,0,0.2916510800326408,0
0811-GSDTP,Month-to-month,Electronic check,DSL,30.15,3540,0,0.29164341816158934,0
8201-AAXCB,Month-to-month,Electronic check,DSL,60.35,3192,0,0.29129294124030086,0
7551-DACSP,Month-to-month,Mailed check,DSL,55.3,3878,1,0.2911730408125913,0
0193-ESZXP,One year,Credit card (automatic),Fiber optic,105.5,5067,1,0.2910920103372347,0
8402-EIVQS,One year,Credit card (automatic),Fiber optic,100.9,4078,0,0.2909091474612069,0
7587-AOVVU,Month-to-month,Electronic check,Fiber optic,100.75,3160,0,0.2908921267694147,0
3716-LRGXK,Two year,Credit card (automatic),Fiber optic,101.15,5301,0,0.2902461906645579,0
8910-ICHIU,One year,Credit card (automatic),Fiber optic,95.65,4727,0,0.29024362864718223,0
4079-ULGFR,Month-to-month,Mailed check,No,20.0,3705,0,0.2900647951086433,0
0297-RBCSG,One year,Bank transfer (automatic),DSL,65.35,2051,0,0.2899635050504686,0
2889-FPWRM,One year,Bank transfer (automatic),Fiber optic,117.8,4432,1,0.2895708263781072,0
9522-ZSINC,One year,Electronic check,No,19.95,2252,0,0.28946762764692524,0
8573-CGOCC,Month-to-month,Credit card (automatic),No,19.75,5433,0,0.2890727527143354,0
5295-PCJOO,Month-to-month,Electronic check,DSL,49.4,4455,1,0.28902388344875507,0
1265-XTECC,One year,Credit card (automatic),Fiber optic,96.55,5957,1,0.2888739239654124,0
9786-IJYDL,Two year,Mailed check,Fiber optic,113.2,5723,0,0.28883999768686,0
0824-VWDPO,One year,Bank transfer (automatic),Fiber optic,96.75,3682,0,0.2881696768197715,0
6794-HKIAJ,Month-to-month,Bank transfer (automatic),Fiber optic,90.7,5496,0,0.2880518101583483,0
6968-MHOMU,One year,Credit card (automatic),DSL,45.0,5006,0,0.2880442786680571,0
8035-BUYVG,One year,Electronic check,DSL,42.35,5422,1,0.28798314172341,0
3680-CTHUH,One year,Credit card (automatic),Fiber optic,116.6,5680,0,0.28769561598307264,0
2320-JRSDE,Month-to-month,Electronic check,No,19.9,4633,1,0.28756566377575105,0
9114-AAFQH,One year,Electronic check,DSL,65.65,5427,0,0.28739002839877686,0
2931-VUVJN,One year,Electronic check,Fiber optic,94.05,5061,0,0.28713643301608754,0
3259-FDWOY,Two year,Bank transfer (automatic),Fiber optic,106.0,4072,1,0.2871221146863356,0
9445-ZUEQE,Month-to-month,Credit card (automatic),Fiber optic,85.2,3796,0,0.2870990300785349,0
3160-TYXLT,Month-to-month,Bank transfer (automatic),DSL,46.3,6245,0,0.286907423203507,0
0607-MVMGC,One year,Credit card (automatic),DSL,78.75,2595,0,0.2867020527646634,0
4922-CVPDX,Two year,Credit card (automatic),DSL,73.5,3596,0,0.286681342637219,0
4622-YNKIJ,Two year,Electronic check,Fiber optic,88.95,5087,0,0.28636387703432226,0
4488-PSYCG,Month-to-month,Bank transfer (automatic),No,20.25,4327,1,0.28630149458018184,0
2533-QVMSK,Two year,Electronic check,Fiber optic,94.1,6295,1,0.2861549585431962,0
2558-BUOZZ,One year,Bank transfer (automatic),Fiber optic,94.8,5022,0,0.2860795839602095,0
0233-FTHAV,One year,Bank transfer (automatic),Fiber optic,79.2,5687,0,0.2855013731255384,0
5160-UXJED,One year,Mailed check,DSL,44.6,2130,0,0.28545946787368104,0
3327-YBAKM,One year,Mailed check,Fiber optic,96.9,5369,0,0.2845970411330631,0
5360-LJCNJ,Two year,Bank transfer (automatic),Fiber optic,105.15,5707,0,0.2843130770291338,0
2530-ENDWQ,Two year,Bank transfer (automatic),Fiber optic,93.7,4296,1,0.28402820226318176,0
0750-EBAIU,One year,Electronic check,Fiber optic,91.25,4770,0,0.28402397805346224,0
5577-OTWWW,Month-to-month,Bank transfer (automatic),No,19.75,2428,1,0.2839114491733464,0
2165-VOEGB,One year,Bank transfer (automatic),Fiber optic,105.2,3322,1,0.28346342866658786,0
0516-QREYC,Month-to-month,Mailed check,No,20.3,3740,0,0.2832513666417674,0
5060-TQUQN,Month-to-month,Bank transfer (automatic),Fiber optic,83.55,3558,0,0.2831509385704245,0
9626-VFRGG,Month-to-month,Bank transfer (automatic),Fiber optic,88.5,5984,0,0.28313427170640176,0
3466-WAESX,Month-to-month,Electronic check,DSL,69.1,5172,0,0.2828161646157565,0
7683-CBDKJ,Month-to-month,Electronic check,DSL,65.45,2881,1,0.28277417600877863,0
0327-WFZSY,One year,Electronic check,Fiber optic,100.0,5434,0,0.28248268118728664,0
8752-IMQOS,One year,Mailed check,No,20.1,2894,0,0.2822233164633692,0
5120-ZBLAI,One year,Bank transfer (automatic),DSL,75.7,6144,0,0.28203926029751164,0
3642-GKTCT,One year,Mailed check,Fiber optic,115.1,4785,0,0.28195518144886034,0
3062-ICYZQ,Month-to-month,Electronic check,Fiber optic,93.8,5457,0,0.2819476516877584,0
1208-NBVFH,Month-to-month,Electronic check,DSL,49.6,3235,0,0.28158692706581917,0
7250-EQKIY,Month-to-month,Mailed check,DSL,50.45,2426,1,0.28120196879559556,0
6891-JPYFF,Month-to-month,Credit card (automatic),Fiber optic,105.25,4275,0,0.2811605850676388,0
8205-MQUGY,Month-to-month,Electronic check,DSL,49.2,3582,0,0.28083934318464016,0
2533-TIBIX,Month-to-month,Bank transfer (automatic),DSL,30.2,5825,0,0.2807140506395804,0
7993-NQLJE,Month-to-month,Mailed check,Fiber optic,75.1,4634,0,0.2804620408803602,0
4759-PXTAN,One year,Electronic check,DSL,80.1,4093,0,0.28008415109791596,0
6333-YDVLT,One year,Credit card (automatic),Fiber optic,110.0,6351,0,0.2800642799356335,0
8204-TIFGJ,Month-to-month,Bank transfer (automatic),No,20.3,3630,0,0.28003038833538574,0
6211-WHMYA,Month-to-month,Electronic check,DSL,43.85,6055,0,0.2798973719895003,0
6082-GLJIX,Month-to-month,Mailed check,No,19.25,4769,0,0.27984616372720666,0
4012-ZTHBR,Month-to-month,Electronic check,DSL,44.95,3752,0,0.2794834197132634,0
7013-PSXHK,One year,Mailed check,DSL,80.75,2047,0,0.27924096112691654,0
0628-CNQRM,One year,Bank transfer (automatic),DSL,67.5,3378,1,0.27908065655233333,0
8189-DUKMV,One year,Bank transfer (automatic),No,20.5,3233,0,0.2789160092195837,0
2272-WUSPA,Two year,Electronic check,Fiber optic,110.75,4848,0,0.27809458575948826,0
8417-GSODA,One year,Bank transfer (automatic),Fiber optic,92.2,5116,0,0.2780673009012891,0
6341-JVQGF,One year,Mailed check,DSL,81.15,5643,0,0.27798351172949015,0
9330-VOFSZ,Two year,Credit card (automatic),Fiber optic,110.8,5942,0,0.27796089259480145,0
5089-IFSDP,Two year,Bank transfer (automatic),Fiber optic,109.45,6424,1,0.27750967984660924,0
3450-WXOAT,Month-to-month,Credit card (automatic),DSL,45.2,3150,0,0.27749241953856985,0
2120-SMPEX,Month-to-month,Mailed check,No,20.15,3848,0,0.2773960524234948,0
1956-YIFGE,One year,Mailed check,Fiber optic,100.05,3274,0,0.2773209680946569,0
8200-KLNYW,One year,Mailed check,DSL,80.9,5733,0,0.2771267985992083,0
6900-RBKER,Two year,Credit card (automatic),Fiber optic,89.45,5386,0,0.2770901121412899,0
3374-TTZTK,Two year,Electronic check,Fiber optic,106.3,4969,0,0.27690234253738094,0
7396-VJUZB,Month-to-month,Mailed check,DSL,45.25,2776,0,0.27648511619448785,0
7542-CYDDM,Month-to-month,Mailed check,No,20.05,4204,0,0.275776371513963,0
8894-JVDCV,One year,Credit card (automatic),Fiber optic,115.05,6494,0,0.2755801659789524,0
1183-CANVH,One year,Bank transfer (automatic),DSL,60.0,3835,0,0.2752915133778915,0
8049-WJCLQ,Month-to-month,Mailed check,DSL,60.2,5318,0,0.2749129259885954,0
0080-EMYVY,One year,Credit card (automatic),DSL,51.45,4298,0,0.2748150793171998,0
9480-BQJEI,One year,Bank transfer (automatic),Fiber optic,92.3,6468,0,0.27458954283986714,0
3863-QSTYI,Month-to-month,Electronic check,DSL,64.65,5687,0,0.27437695431531217,0
9921-EZKBY,Month-to-month,Bank transfer (automatic),Fiber optic,95.3,3087,0,0.27410895280104897,0
1057-FOGLZ,Month-to-month,Mailed check,No,19.65,4333,0,0.2740359696181835,0
1264-FUHCX,One year,Credit card (automatic),DSL,56.3,5913,0,0.2737219869722078,0
5433-KYGHE,Month-to-month,Mailed check,Fiber optic,86.0,5494,0,0.2736800212988741,0
2266-SJNAT,One year,Credit card (automatic),Fiber optic,109.15,4807,0,0.2734742684339827,0
0289-IVARM,Month-to-month,Electronic check,DSL,60.55,3463,0,0.2734327107310365,0
6655-LHBYW,One year,Credit card (automatic),Fiber optic,114.35,5068,0,0.2732112903146967,0
4654-GGUII,One year,Mailed check,DSL,40.2,4624,0,0.2731858808556138,0
1527-SXDPN,Two year,Bank transfer (automatic),Fiber optic,96.25,4751,1,0.2729824969716401,0
5294-CDGWY,One year,Electronic check,DSL,59.3,5633,1,0.27277995448635334,0
2812-ENYMO,One year,Credit card (automatic),DSL,54.55,4296,0,0.27270643818889534,0
2484-DGXPZ,Month-to-month,Mailed check,No,19.55,2687,1,0.2727049765327356,0
8450-JOVAH,Month-to-month,Mailed check,DSL,56.7,5560,1,0.2720662382294807,0
4822-LPTYJ,Two year,Bank transfer (automatic),Fiber optic,103.75,4655,0,0.27194167464609553,0
9498-FIMXL,One year,Mailed check,No,19.2,5272,0,0.2719001134681043,0
8467-WYNSR,Month-to-month,Mailed check,DSL,55.1,2729,0,0.2717367206458552,0
6968-URWQU,One year,Mailed check,DSL,56.35,4928,0,0.27170484554355057,0
8107-RZLNV,Two year,Bank transfer (automatic),Fiber optic,106.3,4634,0,0.2716604982504302,0
7449-HVPIV,Month-to-month,Credit card (automatic),Fiber optic,90.4,4603,0,0.2715048055556592,0
3824-RHKVR,Month-to-month,Credit card (automatic),No,19.7,4222,0,0.271432442320368,0
5286-YHCVC,Two year,Bank transfer (automatic),Fiber optic,104.8,4165,0,0.2713747503477528,0
8332-OSJDW,One year,Mailed check,No,26.4,3277,0,0.27130571400568915,0
3701-SFMUH,Month-to-month,Credit card (automatic),DSL,69.7,4326,0,0.2710358491930937,0
0999-QXNSA,Month-to-month,Mailed check,DSL,45.75,3779,0,0.2710254171729761,0
8221-EQDGL,Month-to-month,Mailed check,DSL,61.0,4355,0,0.27099330662574517,0
5829-NVSQN,One year,Bank transfer (automatic),DSL,68.75,3519,0,0.27067252084568505,0
8550-XSXUQ,One year,Credit card (automatic),DSL,70.55,3997,0,0.2706489687598387,0
0516-UXRMT,One year,Electronic check,Fiber optic,92.05,5801,0,0.27031759065286515,0
7459-IMVYU,Month-to-month,Electronic check,DSL,69.95,5858,0,0.27017786725510495,0
5193-QLVZB,Two year,Bank transfer (automatic),Fiber optic,104.75,5882,0,0.27005839913448765,0
2074-GUHPQ,Month-to-month,Credit card (automatic),Fiber optic,92.7,2347,0,0.27004563000682386,0
2055-SIFSS,Month-to-month,Bank transfer (automatic),DSL,51.65,4763,0,0.26921595273057275,0
0013-MHZWF,Month-to-month,Credit card (automatic),DSL,69.4,5108,0,0.2687806365461699,0
0260-ZDLGK,Month-to-month,Mailed check,DSL,72.9,3585,1,0.2686962646946444,0
5071-FBJFS,Month-to-month,Electronic check,DSL,50.3,3147,0,0.2686840035614773,0
3733-UOCWF,One year,Bank transfer (automatic),Fiber optic,85.55,4845,0,0.2683545359138771,0
9931-KGHOA,Month-to-month,Bank transfer (automatic),DSL,55.0,5928,0,0.268105670740779,0
8246-SHFGA,Month-to-month,Credit card (automatic),No,21.1,2842,0,0.2679172150623034,0
2324-EFHVG,Two year,Bank transfer (automatic),Fiber optic,104.4,5617,0,0.26733762214563545,0
4647-XXZAM,Month-to-month,Mailed check,DSL,45.5,5450,0,0.2671328625674721,0
8552-OBVRU,Month-to-month,Electronic check,Fiber optic,104.5,3847,0,0.2669392725496533,0
5701-GUXDC,One year,Credit card (automatic),DSL,35.4,2519,0,0.2668322621838286,0
7184-LRUUR,One year,Bank transfer (automatic),DSL,65.25,5146,0,0.26676442114344284,0
9351-LZYGF,Month-to-month,Credit card (automatic),DSL,66.4,3773,0,0.26672063781784194,0
2075-RMJIK,Month-to-month,Mailed check,DSL,49.4,5756,0,0.265538236595406,0
5985-TBABQ,One year,Mailed check,DSL,74.75,2830,0,0.2654817520176749,0
6917-IAYHD,Month-to-month,Mailed check,DSL,33.6,4369,0,0.26544487571628544,0
9972-NKTFD,Month-to-month,Bank transfer (automatic),DSL,54.65,3185,0,0.2654125412462231,0
0052-DCKON,One year,Bank transfer (automatic),Fiber optic,115.8,5845,0,0.2653930819874842,0
6419-ZTTLE,One year,Electronic check,No,20.75,3418,0,0.26516584215289996,0
7521-AFHAB,Month-to-month,Mailed check,DSL,44.8,2492,0,0.26511461736715414,0
5271-YNWVR,Two year,Electronic check,Fiber optic,113.15,4610,1,0.26510850561314003,0
6784-XYJAE,One year,Electronic check,DSL,55.8,4770,0,0.2651028665646269,0
4134-BSXLX,Month-to-month,Mailed check,DSL,60.9,3851,0,0.26498491500825044,0
1621-YNCJH,Two year,Credit card (automatic),Fiber optic,106.05,4505,0,0.2648398519670035,0
2450-ZKEED,One year,Bank transfer (automatic),DSL,53.8,5899,0,0.26472598034618505,0
4903-CNOZC,One year,Credit card (automatic),DSL,70.9,2064,0,0.2646096872668724,0
9488-FYQAU,Two year,Bank transfer (automatic),Fiber optic,109.25,5700,0,0.26456565060711074,0
5223-UZAVK,One year,Credit card (automatic),Fiber optic,100.3,4986,0,0.26450871167553075,0
2243-FNMMI,Month-to-month,Mailed check,No,19.4,4958,0,0.26437329467802384,0
7954-MLBUN,Two year,Bank transfer (automatic),Fiber optic,99.45,2021,0,0.2643215404733164,0
8152-VETUR,Two year,Credit card (automatic),Fiber optic,97.7,5406,0,0.26400549029866666,0
2931-SVLTV,Month-to-month,Credit card (automatic),Fiber optic,110.1,2283,0,0.2639303416708668,0
6668-CNMFP,One year,Bank transfer (automatic),Fiber optic,89.35,4473,0,0.2638912614557114,0
7742-MYPGI,Month-to-month,Mailed check,DSL,48.8,4538,0,0.26387100171809214,0
3750-YHRYO,One year,Mailed check,No,20.65,2874,0,0.26361356250311235,0
6718-BDGHG,One year,Bank transfer (automatic),DSL,64.85,4000,0,0.2635355126097161,0
7632-MNYOY,One year,Credit card (automatic),Fiber optic,110.9,4389,1,0.263359333272058,0
6353-BRMMA,Month-to-month,Bank transfer (automatic),Fiber optic,104.1,5795,0,0.2632054650631952,0
3896-RCYYE,Month-to-month,Credit card (automatic),DSL,53.4,5990,0,0.2631535158089251,0
5229-DTFYB,Two year,Bank transfer (automatic),Fiber optic,98.8,5584,0,0.2626589023660653,0
3758-CKOQL,One year,Credit card (automatic),Fiber optic,107.0,4620,0,0.26246460492813906,0
7820-ZYGNY,One year,Credit card (automatic),Fiber optic,90.45,4616,0,0.26234059957925465,0
5693-PIPCS,Two year,Credit card (automatic),Fiber optic,99.65,2640,0,0.26210614912436586,0
2070-FNEXE,Month-to-month,Bank transfer (automatic),Fiber optic,76.45,4419,1,0.2619732006555825,0
1658-XUHBX,Month-to-month,Credit card (automatic),Fiber optic,88.75,6492,0,0.26187904762941766,0
0486-HECZI,Month-to-month,Electronic check,Fiber optic,96.75,5154,1,0.26178808915185947,0
4403-BWPAY,One year,Credit card (automatic),No,24.8,4527,0,0.26177039075831093,0
1322-AGOQM,Month-to-month,Bank transfer (automatic),DSL,30.3,2243,1,0.2615832004818274,0
1791-PQHBB,Month-to-month,Credit card (automatic),DSL,61.2,5056,0,0.26149125680001384,0
5804-HYIEZ,Month-to-month,Electronic check,Fiber optic,106.05,4583,0,0.2614562276371974,0
5524-KHNJP,One year,Credit card (automatic),DSL,74.75,5344,0,0.2612813306164353,0
8879-XUAHX,Two year,Electronic check,Fiber optic,116.25,6124,0,0.26072443056161027,0
2351-RRBUE,One year,Mailed check,No,20.65,3575,0,0.26062371726796335,0
8647-SDTWQ,Month-to-month,Electronic check,Fiber optic,74.3,4133,0,0.2605321201642332,0
4119-ZYPZY,Two year,Electronic check,Fiber optic,106.8,6423,0,0.26022629103327355,0
8559-CIZFV,One year,Mailed check,DSL,77.5,5353,1,0.25989879806611044,0
4001-TSBTV,Month-to-month,Electronic check,Fiber optic,91.55,6423,0,0.25989540055150234,0
8780-RSYYU,Month-to-month,Credit card (automatic),No,19.2,2159,0,0.25978356862265106,0
2926-JEJJC,One year,Bank transfer (automatic),No,20.2,5066,0,0.25938596141225134,0
0603-OLQDC,Month-to-month,Mailed check,DSL,69.85,5796,0,0.2592497359677187,0
8631-XVRZL,One year,Mailed check,No,20.15,4004,0,0.2592305152443046,0
3567-PQTSO,One year,Electronic check,Fiber optic,105.25,6365,0,0.2591280492506377,0
0496-AHOOK,One year,Bank transfer (automatic),DSL,74.4,4310,0,0.25875794529649454,0
1925-LFCZZ,One year,Bank transfer (automatic),DSL,50.05,4932,0,0.2584772746325712,0
9967-ATRFS,Month-to-month,Mailed check,No,19.9,3245,0,0.25847251628301665,0
6663-JOCQO,One year,Bank transfer (automatic),DSL,75.25,4258,0,0.2584445597657427,0
7762-URZQH,Two year,Credit card (automatic),Fiber optic,106.05,5602,1,0.2583697970137639,0
3621-CHYVB,Month-to-month,Bank transfer (automatic),DSL,49.9,5866,0,0.25832896371237435,0
0440-UEDAI,One year,Credit card (automatic),Fiber optic,94.45,5452,0,0.258150029187828,0
2150-WLKUW,One year,Bank transfer (automatic),DSL,63.9,2654,0,0.2575687633229637,0
8198-RKSZG,Month-to-month,Credit card (automatic),DSL,80.45,5772,0,0.2574748673532835,0
5327-CNLUQ,Two year,Bank transfer (automatic),Fiber optic,96.9,2613,0,0.25737517577984853,0
5173-ZXXXL,One year,Mailed check,No,19.95,3488,0,0.2572825852544377,0
1136-XGEQU,One year,Credit card (automatic),DSL,84.15,4625,0,0.2572471292354598,0
9730-DRTMJ,One year,Credit card (automatic),DSL,72.8,3278,0,0.25699985811074794,0
9052-DHNKM,One year,Electronic check,DSL,61.55,5156,0,0.2569152387497237,0
7956-XQWGU,Month-to-month,Credit card (automatic),No,19.4,5975,0,0.25686703202921807,0
9586-JGQKH,Two year,Bank transfer (automatic),Fiber optic,105.4,4512,0,0.25683400321516986,0
6196-HBOBZ,Two year,Electronic check,Fiber optic,99.35,6300,0,0.2566602937328703,0
9060-HJJRW,One year,Credit card (automatic),DSL,56.4,4380,0,0.25665837037978123,0
6791-YBNAK,Month-to-month,Credit card (automatic),DSL,25.55,4134,0,0.2563313696145522,0
4250-WAROZ,Month-to-month,Electronic check,Fiber optic,93.25,4353,0,0.2562049916314185,0
4626-OZDTJ,One year,Credit card (automatic),DSL,78.65,5408,0,0.25608444384466417,0
3096-YXENJ,Two year,Bank transfer (automatic),Fiber optic,107.65,4193,0,0.255875489317744,0
1104-FEJAM,Month-to-month,Electronic check,DSL,64.4,2434,0,0.25580367848855495,0
4682-BLBUC,One year,Electronic check,DSL,70.95,3678,0,0.2556922244557694,0
8075-GXIUB,One year,Credit card (automatic),No,19.85,5601,0,0.25567559120493005,0
1338-CECEE,One year,Bank transfer (automatic),DSL,68.5,3877,0,0.2555441299891831,0
9862-KJTYK,Month-to-month,Credit card (automatic),DSL,25.35,3072,0,0.25540322937060894,0
7997-EASSD,One year,Credit card (automatic),Fiber optic,81.2,6063,0,0.2552863883499422,0
7654-YWJUF,One year,Bank transfer (automatic),Fiber optic,84.25,4382,0,0.25516199629605224,0
3097-PYWXL,Month-to-month,Electronic check,No,19.95,2951,0,0.25479026308010716,0
0799-DDIHE,Month-to-month,Electronic check,DSL,46.3,3103,0,0.2546982738374068,0
5337-IIWKZ,Month-to-month,Electronic check,DSL,44.85,5569,0,0.2544769965554352,0
9128-CPXKI,Two year,Electronic check,Fiber optic,95.8,5470,0,0.2543016144525155,0
5274-XHAKY,Month-to-month,Bank transfer (automatic),Fiber optic,94.3,2196,0,0.2540423982534463,0
9770-KXGQU,One year,Mailed check,Fiber optic,98.6,4635,0,0.2540412473130402,0
4608-LCIMN,Month-to-month,Bank transfer (automatic),DSL,44.65,5724,0,0.2538699704091398,0
4139-JPIAM,Month-to-month,Credit card (automatic),DSL,44.45,6087,0,0.25362553604368854,0
9896-UYMIE,One year,Bank transfer (automatic),Fiber optic,114.3,5303,0,0.25351184779387986,0
8350-NYMVI,Month-to-month,Bank transfer (automatic),DSL,41.1,3618,0,0.25336781787303114,0
1877-HKBQX,One year,Mailed check,DSL,54.6,2573,0,0.2533216688216898,0
6870-ECSHE,One year,Mailed check,No,20.45,4196,0,0.2527177496644316,0
0106-UGRDO,Two year,Electronic check,Fiber optic,116.0,4216,0,0.25250496931445304,0
4318-RAJVY,One year,Mailed check,No,19.8,5270,0,0.25246779346858483,0
6366-XIVKZ,Month-to-month,Mailed check,DSL,63.15,5916,0,0.2521356424061403,0
3893-JRNFS,Month-to-month,Bank transfer (automatic),DSL,39.9,6270,0,0.25203462752827954,0
7629-WFGLW,One year,Electronic check,Fiber optic,95.65,6335,0,0.2516548970410753,0
6933-FHBZC,One year,Mailed check,DSL,56.05,3079,0,0.2516523022702896,0
3282-ZISZV,One year,Credit card (automatic),DSL,83.7,3945,0,0.25157471083271976,0
4906-ZHGPK,One year,Electronic check,DSL,70.7,5276,0,0.25149445755521255,0
4324-BZCKL,Month-to-month,Mailed check,DSL,55.55,2530,0,0.2512041220399793,0
6766-HFKLA,Two year,Bank transfer (automatic),Fiber optic,103.2,4534,0,0.25052366203785237,0
8199-ZLLSA,One year,Bank transfer (automatic),Fiber optic,118.35,6255,1,0.25050601913938825,0
4808-YNLEU,One year,Bank transfer (automatic),DSL,62.15,5255,0,0.2502412312262197,0
9152-AMKAK,Two year,Mailed check,DSL,80.25,2706,0,0.250142822037248,0
4510-PYUSH,Month-to-month,Credit card (automatic),DSL,57.15,3110,1,0.2500741384519525,0
4730-AWNAU,One year,Credit card (automatic),DSL,60.7,3671,0,0.2500682565114713,0
2773-OVBPK,Two year,Bank transfer (automatic),Fiber optic,111.3,4469,0,0.2500613998869284,0
3404-JNXAX,Month-to-month,Electronic check,Fiber optic,80.75,6032,0,0.25000211022126007,0
4815-TUMEQ,One year,Mailed check,No,19.3,4190,0,0.24971465408922716,0
8079-XRJRS,One year,Electronic check,Fiber optic,89.75,6110,1,0.24967605707839344,0
6035-BXTTY,Month-to-month,Bank transfer (automatic),DSL,54.65,4045,0,0.24958720202096055,0
3192-NQECA,Two year,Bank transfer (automatic),Fiber optic,110.0,5034,1,0.24940005436496232,0
2133-TSRRM,Month-to-month,Bank transfer (automatic),Fiber optic,105.35,5432,0,0.24937255739064348,0
8220-OCUFY,One year,Electronic check,DSL,60.25,4870,0,0.24935598597683825,0
0734-OXWBT,Month-to-month,Mailed check,DSL,70.7,2584,0,0.24925164245155085,0
7677-SJJJK,One year,Credit card (automatic),No,19.9,3152,0,0.2491872285835635,0
5092-STPKP,Month-to-month,Credit card (automatic),DSL,56.35,5128,0,0.24878024382429284,0
6260-XLACS,One year,Mailed check,No,19.7,5018,0,0.24835238245905508,0
7055-VKGDA,One year,Credit card (automatic),Fiber optic,105.4,4406,1,0.24833773677000032,0
9200-NLNPD,One year,Bank transfer (automatic),DSL,54.05,6445,0,0.2481684716227683,0
8582-KRHPJ,Month-to-month,Mailed check,DSL,35.0,5629,0,0.24808090219999543,0
5397-TUPSH,One year,Bank transfer (automatic),Fiber optic,70.95,4871,0,0.24775046106987042,0
8263-QMNTJ,Two year,Electronic check,Fiber optic,115.55,5890,0,0.24751488894045864,0
8034-RYTVV,One year,Credit card (automatic),Fiber optic,84.25,5735,0,0.24725404160309386,0
0835-JKADZ,Two year,Electronic check,Fiber optic,111.25,4361,0,0.2470049625418721,0
4282-MSACW,One year,Credit card (automatic),Fiber optic,117.2,4629,0,0.2467498300609688,0
4431-EDMIQ,Month-to-month,Electronic check,DSL,75.7,2950,0,0.24655021670172902,0
6837-BJYDQ,One year,Mailed check,No,19.6,2543,0,0.2464335703647966,0
2930-UOTMB,Month-to-month,Credit card (automatic),DSL,65.25,4403,1,0.24638405586676507,0
4393-OBCRR,One year,Mailed check,No,20.25,4331,0,0.24629072100638968,0
9513-DXHDA,One year,Electronic check,DSL,81.7,2445,0,0.24628380347529602,0
6473-ULUHT,Month-to-month,Electronic check,DSL,84.9,2269,0,0.24627191903601758,0
7771-ZONAT,Two year,Bank transfer (automatic),DSL,56.75,4574,0,0.2457511253574944,0
9481-SFCQY,Month-to-month,Credit card (automatic),DSL,59.8,5962,0,0.24573420630051412,0
5103-MHMHY,Month-to-month,Mailed check,DSL,45.95,4563,1,0.2455856698456578,0
6598-RFFVI,One year,Credit card (automatic),No,19.3,2279,1,0.2453803512145101,0
4806-DXQCE,Two year,Electronic check,Fiber optic,113.65,6146,0,0.24525190339758227,0
7233-IOQNP,Month-to-month,Bank transfer (automatic),DSL,34.0,5409,0,0.244972153914629,0
4837-QUSFT,One year,Bank transfer (automatic),Fiber optic,100.15,4915,0,0.24473425412088518,0
1866-ZSLJM,Month-to-month,Credit card (automatic),No,20.5,5654,0,0.24435065823377586,0
7356-IWLFW,Month-to-month,Bank transfer (automatic),Fiber optic,80.0,3315,0,0.24432027757894795,0
6305-YLBMM,One year,Bank transfer (automatic),Fiber optic,104.05,4254,1,0.24425726106933676,0
3351-NQLDI,One year,Credit card (automatic),Fiber optic,94.35,4348,1,0.24405734920138628,0
3594-UVONA,One year,Credit card (automatic),DSL,85.95,3833,1,0.2435233097321572,0
7047-YXDMZ,Month-to-month,Mailed check,No,20.0,2366,0,0.24351547818495073,0
0112-QWPNC,One year,Electronic check,DSL,84.35,6452,1,0.24279207109679854,0
7595-EHCDL,Month-to-month,Credit card (automatic),DSL,50.6,3087,0,0.2427917165563166,0
2307-FYNNL,Two year,Electronic check,Fiber optic,109.05,5692,0,0.2427868947094217,0
7623-TRNQN,Month-to-month,Mailed check,DSL,49.9,3113,1,0.2427472933863476,0
6559-RAKOZ,One year,Electronic check,Fiber optic,97.95,4301,0,0.2422882148945794,0
0536-BGFMZ,Month-to-month,Mailed check,No,20.5,5145,0,0.2416155535536396,0
9691-HKOVS,One year,Electronic check,DSL,90.15,4712,0,0.24144181681741,0
6507-DTJZV,Month-to-month,Credit card (automatic),DSL,66.4,3660,0,0.2412063494027613,0
2240-HSJQD,Month-to-month,Mailed check,Fiber optic,81.85,3571,0,0.24113240578072065,0
7826-VVKWT,Two year,Electronic check,Fiber optic,96.55,4309,0,0.24087725995351233,0
0074-HDKDG,One year,Bank transfer (automatic),DSL,61.6,3807,0,0.24087384507728304,0
7208-PSIHR,Two year,Bank transfer (automatic),Fiber optic,104.3,5583,0,0.2408099356163261,0
5777-ZPQNC,One year,Electronic check,No,20.15,4628,0,0.24061340696745026,0
5949-EBSQK,Month-to-month,Credit card (automatic),DSL,61.45,2131,1,0.24041590548273256,0
4043-MKDTV,Two year,Electronic check,Fiber optic,105.25,6319,0,0.2398978530053457,0
1060-ENTOF,One year,Credit card (automatic),Fiber optic,105.4,5703,0,0.2397744392693313,0
6992-TKNYO,One year,Credit card (automatic),DSL,69.0,4487,0,0.23952018303010567,0
7663-CUXZB,Two year,Electronic check,Fiber optic,113.75,6251,0,0.23927079120274927,0
3239-TPHPZ,Two year,Electronic check,No,20.05,5453,0,0.2391085285978613,0
7666-WKRON,Two year,Electronic check,Fiber optic,80.45,2224,1,0.23901168169856263,0
8909-BOLNL,One year,Mailed check,No,21.2,2088,0,0.23892309742758439,0
8624-GIOUT,Month-to-month,Credit card (automatic),DSL,59.75,6006,1,0.23886516416480874,0
9933-QRGTX,Two year,Electronic check,Fiber optic,97.2,4905,0,0.2388198742167069,0
3729-OWRVL,Two year,Electronic check,Fiber optic,110.35,4295,0,0.23869846363012825,0
4186-ZBUEW,One year,Mailed check,DSL,70.7,3566,0,0.23868506907136022,0
2038-YSEZE,Month-to-month,Mailed check,DSL,67.45,3152,0,0.23867021596834737,0
4795-WRNVT,Month-to-month,Mailed check,DSL,65.1,3885,0,0.23862114622988065,0
2208-NQBCT,Month-to-month,Electronic check,Fiber optic,81.95,2817,0,0.2384626049359802,0
4937-QPZPO,One year,Electronic check,Fiber optic,99.9,5641,0,0.23839231174412628,0
5440-FLBQG,Two year,Bank transfer (automatic),Fiber optic,108.4,4708,1,0.23834714103903934,0
6308-CQRBU,Two year,Electronic check,Fiber optic,109.25,5044,0,0.23821081014920298,0
5447-VYTKW,Month-to-month,Mailed check,DSL,53.45,2191,0,0.2380303606379482,0
3146-JTQHR,One year,Bank transfer (automatic),No,19.6,3778,0,0.23797633129850962,0
9848-JQJTX,Two year,Bank transfer (automatic),Fiber optic,100.9,5781,0,0.23796001665964817,0
6727-IOTLZ,Two year,Mailed check,DSL,81.95,2564,0,0.23764481235514806,0
1952-DVVSW,One year,Mailed check,No,20.1,3509,0,0.2371375727131829,0
0742-LAFQK,Two year,Electronic check,Fiber optic,99.15,5152,0,0.23672137977547064,0
3413-DHLPB,Month-to-month,Bank transfer (automatic),Fiber optic,103.75,6237,0,0.23662239808287777,0
8646-JCOMS,One year,Bank transfer (automatic),Fiber optic,90.55,4958,0,0.23643488117548006,0
6603-QWSPR,Two year,Bank transfer (automatic),Fiber optic,104.4,4190,0,0.2359686693990404,0
0186-CAERR,One year,Bank transfer (automatic),Fiber optic,116.3,4644,0,0.23588549816204665,0
0723-FDLAY,One year,Bank transfer (automatic),DSL,85.25,2292,0,0.23574378727533438,0
4097-YODCF,One year,Electronic check,Fiber optic,103.8,5382,0,0.23571889299548304,0
5619-XZZKR,One year,Mailed check,No,19.95,2195,0,0.23538829417527982,0
2371-KFUOG,One year,Bank transfer (automatic),Fiber optic,99.15,6409,0,0.23535871444184173,0
3597-YASZG,Two year,Bank transfer (automatic),Fiber optic,104.45,5004,0,0.23503446372063805,0
0725-CXOTM,One year,Credit card (automatic),DSL,89.65,4844,0,0.23494599276613184,0
5724-BIDBU,One year,Electronic check,DSL,55.35,5601,0,0.23471534102434435,0
6620-HVDUJ,Month-to-month,Bank transfer (automatic),DSL,60.45,5095,0,0.23460170485981566,0
2391-SOORI,Month-to-month,Electronic check,DSL,49.35,5858,1,0.23459936699066458,0
2363-BJLSL,Month-to-month,Bank transfer (automatic),DSL,80.4,5157,0,0.23436203138650155,0
9411-TPQQV,One year,Bank transfer (automatic),DSL,54.55,3533,0,0.23410805436802629,0
0667-NSRGI,One year,Mailed check,DSL,69.55,2478,0,0.2338990672895125,0
2862-JVEOY,One year,Mailed check,No,19.15,5322,0,0.23384874277377435,0
9388-ZEYVT,One year,Electronic check,DSL,44.15,2522,0,0.2337278199667327,0
3969-JQABI,Month-to-month,Credit card (automatic),DSL,65.25,5912,0,0.2333707356082835,0
1794-SWWKL,Month-to-month,Bank transfer (automatic),DSL,59.65,3974,0,0.23336047467005044,0
5090-EMGTC,Two year,Mailed check,Fiber optic,100.05,4521,0,0.23306934820786823,0
5445-PZWGX,One year,Electronic check,Fiber optic,102.0,5090,1,0.23287609349778673,0
0308-GIQJT,One year,Bank transfer (automatic),Fiber optic,105.75,4921,0,0.23247018786049672,0
5546-QUERU,One year,Mailed check,No,19.95,5221,0,0.23212538771160923,0
5131-PONJI,Month-to-month,Credit card (automatic),Fiber optic,90.4,5804,0,0.23205576468392872,0
3679-XASPY,Month-to-month,Electronic check,No,19.45,5612,0,0.23181678249024326,0
7136-RVDTZ,One year,Electronic check,DSL,45.25,5824,1,0.2316943676153782,0
7691-XVTZH,Two year,Bank transfer (automatic),Fiber optic,89.95,5672,0,0.2316586614651754,0
2233-FAGXV,Month-to-month,Mailed check,No,24.3,3181,0,0.23160503296579354,0
5898-IGSLP,Month-to-month,Electronic check,Fiber optic,89.3,2132,0,0.2313883604931594,0
4223-BKEOR,One year,Mailed check,DSL,64.85,3302,0,0.23098254343041638,0
7470-DYNOE,One year,Electronic check,DSL,61.1,5940,0,0.23097991127727635,0
0748-RDGGM,One year,Bank transfer (automatic),Fiber optic,109.5,6136,1,0.23092778406429776,0
5795-KTGUD,Two year,Bank transfer (automatic),Fiber optic,110.8,4545,0,0.23086377921278056,0
2907-ILJBN,One year,Mailed check,No,20.6,4047,0,0.2305597272241602,0
8752-GHJFU,One year,Electronic check,Fiber optic,92.0,4322,0,0.23029800338675258,0
9917-KWRBE,One year,Credit card (automatic),DSL,78.35,2894,0,0.22993630319922811,0
5382-TEMLV,Month-to-month,Bank transfer (automatic),DSL,50.9,5274,0,0.22972436810480407,0
1162-ECVII,Two year,Bank transfer (automatic),Fiber optic,109.75,4265,0,0.22966329539543864,0
4576-CSAJH,One year,Credit card (automatic),DSL,55.15,5866,1,0.2294807018024299,0
6257-DTAYD,Two year,Credit card (automatic),Fiber optic,104.15,5973,0,0.22918629732595555,0
0623-EJQEG,One year,Electronic check,Fiber optic,93.55,5774,0,0.22883313083050472,0
7317-GGVPB,Two year,Credit card (automatic),Fiber optic,108.6,4982,1,0.2286687063317742,0
5236-PERKL,Two year,Bank transfer (automatic),Fiber optic,112.95,4738,1,0.2284104984696563,0
0303-UNCIP,One year,Mailed check,DSL,65.0,5043,0,0.22840331279619813,0
1444-VVSGW,One year,Credit card (automatic),Fiber optic,115.65,5563,1,0.22798803726145195,0
0909-SDHNU,Month-to-month,Mailed check,DSL,29.8,4236,0,0.2279675574122265,0
0068-FIGTF,One year,Mailed check,DSL,78.2,2297,0,0.2279481348790425,0
0392-BZIUW,Two year,Credit card (automatic),Fiber optic,105.0,5678,0,0.22788192835977747,0
0661-WCQNQ,One year,Credit card (automatic),DSL,56.25,3733,0,0.22764215831350437,0
8565-HBFNN,One year,Credit card (automatic),Fiber optic,107.2,5935,0,0.22762720405912265,0
5961-VUSRV,One year,Bank transfer (automatic),No,19.35,4451,0,0.22748961721530037,0
0983-TATYJ,One year,Mailed check,DSL,51.45,4935,0,0.22732917872962083,0
5304-EFJLP,Two year,Bank transfer (automatic),Fiber optic,111.65,4406,0,0.22727829152614168,0
7049-GKVZY,One year,Credit card (automatic),DSL,79.85,5574,0,0.227256109552373,0
8819-ZBYNA,Two year,Credit card (automatic),Fiber optic,109.1,4935,0,0.22696625339551643,0
1498-DQNRX,Month-to-month,Mailed check,No,19.85,2712,0,0.22691341839858647,0
3780-DDGSE,Month-to-month,Electronic check,DSL,76.05,5479,0,0.22674205040425557,0
9103-CXVOK,Month-to-month,Electronic check,No,19.75,3068,0,0.22657010545723408,0
1545-JFUML,Two year,Electronic check,Fiber optic,99.0,5295,0,0.22626359821319467,0
4366-CTOUZ,Two year,Mailed check,Fiber optic,100.2,5419,0,0.22601539425979605,0
8309-PPCED,Two year,Bank transfer (automatic),Fiber optic,110.45,6030,0,0.22593610681046672,0
6481-OGDOO,One year,Credit card (automatic),Fiber optic,90.6,4394,1,0.2258726617677343,0
6967-QIQRV,One year,Electronic check,Fiber optic,101.9,3707,0,0.2258504872404332,0
1680-VDCWW,One year,Bank transfer (automatic),No,19.8,5279,0,0.22578044816788798,0
7435-ZNUYY,One year,Mailed check,No,20.6,4439,0,0.22568227713591416,0
1099-BTKWT,One year,Electronic check,DSL,54.4,4897,0,0.22537652716227158,0
8133-ANHHJ,One year,Bank transfer (automatic),Fiber optic,103.0,5023,0,0.22536849374635173,0
1291-CUOCY,Two year,Credit card (automatic),Fiber optic,110.6,5444,0,0.22533481144632397,0
6797-LNAQX,Two year,Bank transfer (automatic),Fiber optic,98.3,4794,1,0.2251903642227232,0
1089-HDMKP,Month-to-month,Electronic check,DSL,54.55,4143,0,0.22515146099471184,0
9544-PYPSJ,Month-to-month,Credit card (automatic),Fiber optic,96.1,5868,0,0.22484552214898468,0
7611-YKYTC,Month-to-month,Bank transfer (automatic),Fiber optic,75.0,4040,0,0.22475004414771443,0
4851-BQDNX,One year,Electronic check,Fiber optic,85.05,5904,0,0.22462342366976606,0
2809-ILCYT,One year,Mailed check,No,26.8,3428,0,0.224270306597461,0
6480-YAGIY,One year,Credit card (automatic),Fiber optic,112.2,3091,0,0.22397495434524547,0
0956-SYCWG,One year,Electronic check,No,19.65,2024,0,0.22391635205045513,0
2499-AJYUA,Two year,Credit card (automatic),Fiber optic,110.8,5933,0,0.22369481785268658,0
5141-ZUVBH,Month-to-month,Bank transfer (automatic),Fiber optic,93.0,2267,0,0.22363958891902214,0
6483-OATDN,Month-to-month,Credit card (automatic),DSL,51.3,2545,0,0.22356618886763344,0
5915-DGNVC,One year,Electronic check,DSL,71.8,6193,0,0.22352908843666525,0
8259-NFJTV,Month-to-month,Mailed check,DSL,34.65,5996,0,0.22340734383779515,0
3733-ZEECP,Month-to-month,Electronic check,DSL,51.1,5329,0,0.22331216830809036,0
4767-HZZHQ,Month-to-month,Bank transfer (automatic),Fiber optic,82.05,5036,0,0.22305931726160597,0
7901-IIDQV,One year,Bank transfer (automatic),DSL,54.6,3398,0,0.22298644756664748,0
0533-UCAAU,One year,Credit card (automatic),DSL,71.1,5462,0,0.22271452180806103,0
3518-FSTWG,Two year,Bank transfer (automatic),Fiber optic,109.55,4086,0,0.22247516516997826,0
2834-JKOOW,One year,Mailed check,DSL,45.9,3572,0,0.22229082729918595,0
3472-OAOOR,Month-to-month,Mailed check,DSL,34.95,3422,0,0.22214437029934006,0
4091-TVOCN,One year,Credit card (automatic),DSL,78.75,2257,0,0.2220062733095272,0
4456-RHSNB,Month-to-month,Bank transfer (automatic),DSL,49.6,5735,0,0.22197028190589324,0
4670-TABXH,Two year,Credit card (automatic),Fiber optic,109.75,5791,0,0.22175680274666024,0
1898-JSNDC,One year,Credit card (automatic),DSL,58.6,5662,0,0.221589445270025,0
6941-KXRRV,One year,Bank transfer (automatic),DSL,58.95,4815,0,0.2215158911816016,0
0913-XWSCN,Month-to-month,Bank transfer (automatic),Fiber optic,85.5,6411,0,0.2212412190522637,0
0953-LGOVU,Month-to-month,Mailed check,DSL,35.5,2562,0,0.22121728270936467,0
7718-UPSKJ,One year,Credit card (automatic),Fiber optic,106.4,4328,0,0.22110440487540417,0
8404-VLQFB,Month-to-month,Electronic check,No,25.25,4667,0,0.2210968971338582,0
9938-ZREHM,One year,Mailed check,DSL,72.1,2703,0,0.22095692786377433,0
3347-YJZZE,Month-to-month,Credit card (automatic),DSL,80.1,4558,0,0.22093455693884984,0
7854-EKTJL,Month-to-month,Electronic check,No,19.6,2843,1,0.22088943752986856,0
0568-ONFPC,Month-to-month,Bank transfer (automatic),No,25.9,2102,1,0.22081606514765015,0
2550-QHZGP,One year,Mailed check,No,19.5,4271,0,0.22071787002445428,0
3097-IDVPU,Month-to-month,Credit card (automatic),DSL,50.1,5749,0,0.22064760019770846,0
9134-WYRVP,One year,Mailed check,Fiber optic,86.35,5311,0,0.22062793609005868,0
9912-OMZDS,One year,Electronic check,Fiber optic,106.15,5096,0,0.2202783181168039,0
9374-YOLBJ,Month-to-month,Electronic check,No,19.25,2053,0,0.2202347286051615,0
3551-GAEGL,One year,Bank transfer (automatic),DSL,30.4,4697,0,0.22016636459510425,0
5663-QBGIS,Two year,Bank transfer (automatic),Fiber optic,98.35,6120,0,0.22011026758253924,0
1360-RCYRT,Month-to-month,Bank transfer (automatic),DSL,30.35,4960,0,0.22008229439911647,0
3115-CZMZD,Two year,Mailed check,No,20.25,5504,0,0.220031474152476,0
7576-ASEJU,One year,Credit card (automatic),DSL,74.7,5246,0,0.21969012396345905,0
9350-ZXYJC,Two year,Credit card (automatic),No,25.3,3808,0,0.21940552994752352,0
1074-AMIOH,Month-to-month,Bank transfer (automatic),Fiber optic,108.25,5989,0,0.2192448464002852,0
1891-QRQSA,Two year,Bank transfer (automatic),Fiber optic,111.6,4881,0,0.21920856733968522,0
3823-KYNQY,One year,Credit card (automatic),No,24.95,4443,0,0.21900163347555382,0
3807-XHCJH,Month-to-month,Electronic check,No,20.0,2358,0,0.2188835005217774,0
1702-CCFNJ,Month-to-month,Bank transfer (automatic),DSL,61.35,4729,0,0.21861399730045097,0
0842-IWYCP,Month-to-month,Bank transfer (automatic),DSL,44.95,2626,0,0.2185661685471126,0
9419-IPPBE,One year,Electronic check,Fiber optic,90.15,5692,0,0.21856508590037582,0
1809-DMJHQ,Month-to-month,Mailed check,DSL,46.0,4846,1,0.21855211472024597,0
8261-GWDBQ,Two year,Bank transfer (automatic),Fiber optic,116.05,4734,0,0.21850236369103412,0
3162-ZJZFU,Month-to-month,Electronic check,Fiber optic,92.55,4700,0,0.21833507905503177,0
8041-TMEID,Two year,Credit card (automatic),Fiber optic,108.5,6453,0,0.21825545973098673,0
2937-FTHUR,Month-to-month,Electronic check,DSL,64.8,2466,0,0.2179636880493689,0
6440-DKQGE,One year,Credit card (automatic),DSL,64.5,4320,0,0.21723426258911074,0
3556-BVQGL,One year,Mailed check,No,20.0,3585,0,0.217210509955308,0
1137-DGOWI,One year,Bank transfer (automatic),DSL,70.25,5417,0,0.21696177263194275,0
9629-NHXFW,Month-to-month,Mailed check,No,19.4,3160,0,0.21681736464367768,0
3131-NWVFJ,One year,Mailed check,No,19.55,5620,0,0.21634089574326298,0
1125-SNVCK,Month-to-month,Mailed check,DSL,43.8,5651,0,0.21629017203099402,0
5180-UCIIQ,Month-to-month,Mailed check,DSL,40.05,2061,1,0.21623390092619912,0
8406-LNMHF,One year,Credit card (automatic),Fiber optic,82.95,5295,0,0.21618323195378608,0
3466-BYAVD,Month-to-month,Mailed check,DSL,69.5,3128,0,0.21617912455430519,0
8930-XOTDP,Month-to-month,Mailed check,DSL,55.95,2035,0,0.21616399280622667,0
1708-PBBOA,One year,Electronic check,DSL,54.75,3179,0,0.21604520917679884,0
1423-BMPBQ,Month-to-month,Mailed check,No,19.0,2400,0,0.21554155921597187,0
1696-HXOWK,One year,Mailed check,Fiber optic,95.65,5856,0,0.21534443442727155,0
8405-IGQFX,One year,Credit card (automatic),Fiber optic,90.05,4039,0,0.21528420206908636,0
4781-ZXYGU,Month-to-month,Bank transfer (automatic),No,20.15,3960,0,0.21525079641611622,0
1577-HKTFG,Month-to-month,Bank transfer (automatic),No,19.65,2486,1,0.2151316662367841,0
0458-HEUZG,Two year,Mailed check,DSL,35.4,3239,0,0.21493312937400696,0
1485-YDHMM,Month-to-month,Bank transfer (automatic),Fiber optic,93.25,4740,0,0.21465625294198162,0
1470-PSXNM,One year,Electronic check,Fiber optic,93.65,5542,0,0.2145011548175496,0
9350-VLHMB,Month-to-month,Bank transfer (automatic),Fiber optic,89.55,6111,0,0.2143643122236859,0
8823-RLPWL,Two year,Credit card (automatic),Fiber optic,110.65,4259,0,0.21389026966642716,0
4468-YDOVK,Month-to-month,Bank transfer (automatic),DSL,48.65,3307,0,0.213861630116034,0
3082-WQRVY,One year,Mailed check,No,19.65,2962,0,0.21385790612023758,0
9313-QOLTZ,Month-to-month,Mailed check,No,20.9,5895,0,0.21383371199127266,0
2911-IJORQ,One year,Bank transfer (automatic),DSL,90.6,2546,0,0.21375542880961182,0
7353-YOWFP,One year,Mailed check,No,20.25,4208,0,0.21374867746361625,0
1352-VHKAJ,Month-to-month,Bank transfer (automatic),DSL,71.6,3773,0,0.2137303245312016,0
3640-JQGJG,Month-to-month,Bank transfer (automatic),DSL,44.8,4680,0,0.2136137841323748,0
1038-ZAGBI,One year,Bank transfer (automatic),No,19.8,2653,1,0.21351256664313334,0
3059-NGMXB,Month-to-month,Mailed check,DSL,69.2,2871,0,0.21291170866932335,0
4797-AXPXK,Month-to-month,Electronic check,DSL,60.0,4531,1,0.2122988802159533,0
0635-WKOLD,One year,Credit card (automatic),DSL,70.75,5507,0,0.21206778651612335,0
7407-SUJIZ,Month-to-month,Mailed check,No,20.6,2305,0,0.21190896993431532,0
9763-GRSKD,Month-to-month,Mailed check,DSL,49.95,5764,0,0.21184074869850908,0
6371-NZYEG,Two year,Mailed check,DSL,64.25,5511,0,0.21183343686522635,0
4159-NAAIX,Two year,Bank transfer (automatic),Fiber optic,97.45,4769,0,0.21171062222684964,0
2673-ZALNP,One year,Mailed check,No,19.9,2750,0,0.21162000564435346,0
7550-WIQVA,One year,Electronic check,Fiber optic,108.25,4972,0,0.21143287615069078,0
4049-ZPALD,Two year,Bank transfer (automatic),Fiber optic,99.0,5483,0,0.21108710768194705,0
4255-DDUOU,Month-to-month,Mailed check,No,20.5,2398,1,0.21087914255134693,0
9467-ROOLM,Month-to-month,Mailed check,No,19.05,2692,0,0.21085649957635713,0
6773-LQTVT,Month-to-month,Mailed check,DSL,35.65,4107,0,0.21078775978813746,0
1061-PNTHC,Month-to-month,Mailed check,Fiber optic,109.6,5012,0,0.21069614932952585,0
7501-VTYLJ,Month-to-month,Mailed check,DSL,51.55,4057,0,0.21051462893654313,0
7853-GVUDZ,Month-to-month,Credit card (automatic),No,20.15,4277,1,0.21018905298215548,0
7036-TYDEC,Two year,Electronic check,Fiber optic,104.0,5902,0,0.21003512425157594,0
8224-UAXBZ,One year,Electronic check,DSL,45.35,5137,0,0.21002379143859665,0
6543-JXSOO,One year,Mailed check,DSL,57.75,3794,0,0.20974696844483331,0
3354-OADJP,One year,Bank transfer (automatic),DSL,54.25,2237,0,0.20962780835276795,0
6508-NJYRO,One year,Mailed check,No,18.8,3977,0,0.20950478198063827,0
3115-JPJDD,One year,Credit card (automatic),Fiber optic,81.25,4709,0,0.20945072511081106,0
5195-KPUNQ,One year,Mailed check,Fiber optic,96.75,4766,0,0.20927049028138636,0
6171-ZTVYB,Month-to-month,Bank transfer (automatic),DSL,66.25,2168,0,0.20879541346459263,0
3739-YBWAB,One year,Mailed check,DSL,35.35,3314,0,0.20861703749484875,0
4256-ZWTZI,Month-to-month,Mailed check,DSL,51.0,2789,0,0.20851910211356112,0
8822-KNBHV,One year,Credit card (automatic),DSL,83.45,4250,0,0.20849682449207335,0
9405-GPBBG,Two year,Credit card (automatic),Fiber optic,110.5,5718,0,0.20840485236373238,0
5998-DZLYR,Two year,Bank transfer (automatic),Fiber optic,94.35,4676,0,0.20829899124059018,0
8812-ZRHFP,One year,Electronic check,Fiber optic,86.45,2923,0,0.20822232103547453,0
4508-OEBEY,One year,Credit card (automatic),DSL,75.5,5611,0,0.20725781943961596,0
1410-RSCMR,Month-to-month,Credit card (automatic),DSL,71.35,3459,0,0.2071727744696759,0
6838-YAUVY,Two year,Bank transfer (automatic),Fiber optic,95.1,4825,0,0.20716906712156935,0
6147-CBCRA,Month-to-month,Mailed check,No,20.05,5759,0,0.20700503182922514,0
1171-TYKUR,Month-to-month,Electronic check,No,25.4,3159,0,0.2069445957591956,0
4522-XRWWI,One year,Credit card (automatic),DSL,80.45,4397,0,0.2064440584175973,0
3865-QBWSJ,Month-to-month,Mailed check,Fiber optic,80.45,2926,0,0.20610129266037017,0
8231-BSWXX,One year,Credit card (automatic),Fiber optic,79.05,5466,0,0.20609752254052335,0
1684-FLBGS,Month-to-month,Credit card (automatic),DSL,69.5,2159,0,0.20579059366310393,0
5032-USPKF,One year,Bank transfer (automatic),DSL,84.1,2604,0,0.20574504952272016,0
1334-PDUKM,One year,Credit card (automatic),Fiber optic,86.45,4480,0,0.20564519977468515,0
7541-YLXCL,One year,Mailed check,DSL,65.4,5220,1,0.20563026137008353,0
9894-QMIMJ,One year,Bank transfer (automatic),DSL,55.8,2499,0,0.2051423498865654,0
6266-QHOJZ,One year,Electronic check,Fiber optic,89.85,6421,0,0.20511853132791796,0
0384-LPITE,One year,Credit card (automatic),DSL,62.05,2290,0,0.2050151513706555,0
5789-LDFXO,One year,Electronic check,No,24.6,5448,0,0.20497921179150905,0
2578-JQPHZ,Two year,Bank transfer (automatic),Fiber optic,100.1,4025,0,0.2048510501763497,0
2091-MJTFX,Month-to-month,Credit card (automatic),DSL,51.2,4568,1,0.20481073100103,0
2834-JRTUA,Two year,Electronic check,Fiber optic,108.05,5200,1,0.20480974641353913,0
4199-QHJNM,Two year,Bank transfer (automatic),Fiber optic,102.9,5869,0,0.20458165512194226,0
3154-CFSZG,Month-to-month,Electronic check,Fiber optic,90.05,3291,0,0.20452979712201338,0
7801-CEDNV,One year,Credit card (automatic),DSL,48.7,3560,0,0.20441802851176116,0
7100-FQPRV,One year,Credit card (automatic),DSL,71.9,4106,0,0.20409465872242977,0
5336-UFNZP,One year,Electronic check,Fiber optic,107.45,6211,0,0.20406696693072865,0
4098-NAUKP,Month-to-month,Electronic check,Fiber optic,84.65,6404,0,0.20396151287478503,0
7426-WEIJX,Month-to-month,Electronic check,Fiber optic,80.95,6214,0,0.20387672806315227,0
2323-ARSVR,Two year,Electronic check,Fiber optic,111.05,6103,0,0.20380000238921725,0
6878-GGDWG,Month-to-month,Bank transfer (automatic),No,19.4,3846,0,0.20375933916863698,0
8109-YUOHE,One year,Mailed check,DSL,56.1,5025,0,0.20338448121202457,0
8044-BGWPI,Month-to-month,Electronic check,No,21.15,5209,0,0.20330551169400102,0
3682-YEUWS,Month-to-month,Mailed check,No,24.4,4458,0,0.20315518489237974,0
3205-MXZRA,One year,Credit card (automatic),DSL,59.45,2074,0,0.20310166481947514,0
7266-GSSJX,Month-to-month,Electronic check,No,20.45,2606,0,0.20308943392087378,0
0187-WZNAB,Month-to-month,Mailed check,Fiber optic,74.4,4331,0,0.2030034535997646,0
2483-XSSMZ,One year,Electronic check,DSL,47.85,5531,0,0.20292745087930764,0
7931-PXHFC,One year,Mailed check,DSL,62.3,3818,1,0.20277986457659564,0
4328-VUFWD,One year,Electronic check,DSL,59.3,5843,0,0.20264140848244538,0
2651-ZCBXV,Two year,Credit card (automatic),Fiber optic,108.0,6370,0,0.2025290100510355,0
8076-FEZKJ,One year,Mailed check,No,19.5,5039,0,0.20244102257385602,0
6476-YHMGA,Month-to-month,Bank transfer (automatic),DSL,76.5,3851,0,0.20219491544114754,0
5748-RNCJT,Two year,Bank transfer (automatic),Fiber optic,106.5,4859,1,0.20200898493705058,0
5630-AHZIL,Month-to-month,Bank transfer (automatic),DSL,64.5,5613,0,0.20197736332341576,0
6231-WFGFH,Month-to-month,Mailed check,No,20.5,5053,0,0.20182741895110104,0
7841-FCRQD,One year,Credit card (automatic),DSL,53.75,3160,0,0.20147849676004537,0
9928-BZVLZ,Two year,Mailed check,DSL,49.85,3100,0,0.20131479937922905,0
4310-KEDTB,Month-to-month,Mailed check,DSL,29.8,3746,0,0.2009617168042539,0
9866-OCCKE,Two year,Mailed check,Fiber optic,109.75,6010,0,0.2006742148667445,0
2746-DIJLO,One year,Credit card (automatic),DSL,56.3,2994,0,0.20064468651748596,0
5844-QVTAT,One year,Mailed check,DSL,58.45,4276,0,0.20051922973829484,0
5297-MDOIR,One year,Credit card (automatic),Fiber optic,81.15,5294,0,0.2003560091193704,0
7872-RDDLZ,Month-to-month,Electronic check,DSL,54.9,4826,0,0.20031483122607735,0
9837-FWLCH,Month-to-month,Electronic check,No,19.2,3101,0,0.2002118211804573,0
5726-CVNYA,Two year,Mailed check,No,19.85,3260,0,0.2001228927254159,0
5827-MWCZK,Month-to-month,Credit card (automatic),Fiber optic,96.95,6484,0,0.1997730191580016,0
2546-KZAAT,One year,Mailed check,DSL,75.4,5211,0,0.19976347761247001,0
7722-CVFXN,One year,Electronic check,Fiber optic,105.2,5546,0,0.19949241809337678,0
8792-AOROI,Two year,Mailed check,DSL,65.5,2985,0,0.19946970494057342,0
5049-MUBWG,One year,Bank transfer (automatic),DSL,75.0,4705,0,0.19943636395839381,0
5203-XEHAX,One year,Electronic check,DSL,64.35,3445,0,0.19935765523405466,0
4501-UYKBC,One year,Credit card (automatic),DSL,69.1,3856,0,0.1992525974720138,0
2522-WLNSF,One year,Bank transfer (automatic),DSL,64.2,2225,0,0.19915037469567803,0
7619-ODSGN,Month-to-month,Electronic check,DSL,54.75,5699,1,0.1989231705369352,0
3229-USWAR,One year,Bank transfer (automatic),DSL,79.95,3570,0,0.19860598814449235,0
5414-OFQCB,Two year,Credit card (automatic),Fiber optic,90.45,5076,0,0.19823785988804818,0
8992-VONJD,Month-to-month,Electronic check,DSL,56.0,5156,0,0.19821349487368667,0
3541-ZNUHK,Month-to-month,Electronic check,Fiber optic,85.1,4026,0,0.1981187860661349,0
1150-WFARN,Two year,Credit card (automatic),Fiber optic,108.75,5516,1,0.19753746851492462,0
4174-LPGTI,One year,Bank transfer (automatic),DSL,66.5,2517,1,0.19740260541505295,0
7665-VIGUD,One year,Mailed check,No,20.35,4745,0,0.19728419888516696,0
7649-PHJVR,One year,Mailed check,No,19.5,5825,0,0.1971911657875803,0
4291-HYEBC,One year,Electronic check,DSL,39.1,2305,0,0.19716347873467976,0
9473-CBZOP,One year,Mailed check,DSL,59.0,4891,0,0.19706977182639382,0
0422-OHQHQ,One year,Mailed check,No,20.55,3009,0,0.19697631480964337,0
0201-MIBOL,Two year,Bank transfer (automatic),Fiber optic,102.4,4861,0,0.1968705113757714,0
4654-DLAMQ,One year,Bank transfer (automatic),Fiber optic,97.0,4053,0,0.19646654628865662,0
0820-FNRNX,Month-to-month,Mailed check,DSL,66.7,2814,0,0.1964553534656064,0
7989-VCQOH,Month-to-month,Electronic check,DSL,83.25,2065,0,0.19624356718615668,0
8573-JGCZW,One year,Bank transfer (automatic),No,19.65,4774,0,0.1962030803858605,0
3197-NNYNB,Two year,Credit card (automatic),Fiber optic,105.1,5649,0,0.1960582895817666,0
0164-APGRB,Two year,Electronic check,Fiber optic,114.9,4589,0,0.19551958458166427,0
0356-OBMAC,Two year,Bank transfer (automatic),Fiber optic,99.9,5840,0,0.19536983132307714,0
8680-CGLTP,One year,Electronic check,DSL,58.75,5198,0,0.19532858411760567,0
1915-OAKWD,One year,Bank transfer (automatic),No,19.3,2870,0,0.19520695383155703,0
2245-ADZFJ,Two year,Bank transfer (automatic),DSL,80.55,3491,0,0.19507548507949188,0
2434-EEVDB,Two year,Credit card (automatic),Fiber optic,94.6,5038,0,0.19506070223862335,0
8756-RDDLT,Month-to-month,Electronic check,DSL,44.95,5750,0,0.1949069859228684,0
5553-AOINX,One year,Electronic check,Fiber optic,104.9,4892,0,0.19450498775178354,0
1097-FSPVW,Month-to-month,Credit card (automatic),DSL,54.55,5387,0,0.19440992411219138,0
7707-PYBBH,Month-to-month,Mailed check,DSL,61.9,2520,0,0.1941271292109852,0
5846-QFDFI,Month-to-month,Credit card (automatic),Fiber optic,88.6,3648,0,0.19409455732813807,0
2680-XKKNJ,One year,Bank transfer (automatic),DSL,58.2,3325,0,0.19399083541782847,0
8777-MBMTS,Two year,Credit card (automatic),Fiber optic,105.85,4872,0,0.1937379276621774,0
0484-JPBRU,Month-to-month,Bank transfer (automatic),No,25.25,3461,0,0.19328866595444807,0
8976-OQHGT,Month-to-month,Mailed check,DSL,56.5,5758,1,0.19310621915984708,0
6050-FFXES,Two year,Bank transfer (automatic),Fiber optic,105.35,5268,0,0.1926485221708167,0
6682-VCIXC,One year,Bank transfer (automatic),DSL,51.25,5656,0,0.19263400532584868,0
9924-JPRMC,Two year,Electronic check,Fiber optic,118.2,4886,0,0.19249466560438383,0
9330-DHBFL,One year,Mailed check,DSL,66.25,2072,0,0.19224922833572228,0
4378-BZYFP,One year,Mailed check,No,20.5,2259,0,0.19223417862922865,0
9351-HXDMR,Two year,Credit card (automatic),Fiber optic,110.9,4938,0,0.1917480485650581,0
5135-GRQJV,Two year,Mailed check,Fiber optic,114.5,6051,0,0.19173240350675821,0
7088-FBAWU,Month-to-month,Mailed check,DSL,74.55,4451,0,0.1914268495126763,0
6993-YGFJV,Two year,Bank transfer (automatic),Fiber optic,112.55,5532,0,0.19099171770307902,0
5753-QQWPW,One year,Electronic check,DSL,59.9,4131,0,0.19085965683133801,0
5174-ITUMV,One year,Electronic check,Fiber optic,105.4,5666,0,0.1908493449106515,0
8984-HPEMB,Two year,Electronic check,Fiber optic,118.65,4296,0,0.19060688463603517,0
4377-VDHYI,One year,Electronic check,Fiber optic,90.8,2722,0,0.19052657766042996,0
2387-KDZQY,One year,Mailed check,No,20.1,2185,0,0.19032145364136918,0
6435-VWCCY,Two year,Credit card (automatic),Fiber optic,92.7,5205,0,0.19015140115014084,0
9154-QDGTH,One year,Credit card (automatic),Fiber optic,104.3,3927,0,0.1900991277463057,0
7191-ADRGF,Two year,Bank transfer (automatic),DSL,54.3,3222,0,0.1900464773261882,0
2469-DTSGX,Two year,Electronic check,Fiber optic,111.65,5388,0,0.1900123169915873,0
3410-MHHUM,One year,Electronic check,Fiber optic,94.4,5019,0,0.18995183389173045,0
1474-JUWSM,One year,Electronic check,DSL,68.4,5269,0,0.18995173119751324,0
8313-AFGBW,Two year,Electronic check,DSL,73.6,4795,0,0.18986544439536504,0
3224-DFQNQ,One year,Electronic check,Fiber optic,89.0,4488,0,0.18947434372502012,0
9750-BOOHV,One year,Mailed check,DSL,30.15,3585,0,0.18926628858966055,0
0516-OOHAR,One year,Bank transfer (automatic),Fiber optic,100.35,3411,0,0.18910747643580167,0
8595-SIZNC,One year,Bank transfer (automatic),No,25.6,2628,0,0.18909727035356025,0
7129-AZJDE,One year,Bank transfer (automatic),Fiber optic,78.95,2074,0,0.18799150857135086,0
7032-LMBHI,One year,Bank transfer (automatic),DSL,64.65,5255,0,0.18790521948809397,0
0619-OLYUR,Two year,Credit card (automatic),Fiber optic,111.9,6437,0,0.18783218019911482,0
1453-RZFON,Month-to-month,Mailed check,DSL,49.9,5969,0,0.18776478832024612,0
8734-FNWVH,Month-to-month,Bank transfer (automatic),DSL,59.7,2425,0,0.18759250989382648,0
8961-QDZZJ,One year,Electronic check,Fiber optic,95.0,6245,0,0.18754929596835399,0
7078-NVFAM,Month-to-month,Electronic check,DSL,35.15,3163,0,0.18743834510488896,0
9867-JCZSP,One year,Mailed check,No,20.75,3646,0,0.1873355504702155,0
9987-LUTYD,One year,Mailed check,DSL,55.15,3161,0,0.18718261333463201,0
8226-BXGES,One year,Bank transfer (automatic),Fiber optic,89.45,5519,0,0.18716047079618964,0
3705-RHRFR,Two year,Bank transfer (automatic),Fiber optic,99.15,5031,0,0.1871567852946572,0
2636-SJDOU,One year,Credit card (automatic),Fiber optic,84.3,5044,0,0.18712415647061267,0
5954-BDFSG,Two year,Credit card (automatic),Fiber optic,107.5,4708,0,0.18698450308348635,0
3090-LETTY,Month-to-month,Bank transfer (automatic),DSL,60.95,3172,0,0.18681801850580995,0
4430-YHXGG,Month-to-month,Mailed check,No,25.45,2616,0,0.1865960062496751,0
8329-GWVPJ,Month-to-month,Bank transfer (automatic),Fiber optic,69.75,4539,0,0.186146069664135,0
6500-JVEGC,One year,Bank transfer (automatic),Fiber optic,101.35,4941,0,0.18581727883292515,0
4115-BNPJY,Two year,Mailed check,DSL,75.55,5625,0,0.1857699190027375,0
3800-LYTRK,One year,Mailed check,DSL,55.7,4978,0,0.1853729388941704,0
8652-YHIYU,One year,Credit card (automatic),Fiber optic,79.5,5040,0,0.18520683062915605,0
9138-EFSMO,One year,Bank transfer (automatic),Fiber optic,78.95,4237,0,0.18514699681100164,0
7246-ZGQDF,Month-to-month,Electronic check,DSL,54.5,4359,0,0.18512601649025945,0
6075-QMNRR,Month-to-month,Bank transfer (automatic),DSL,49.75,6334,0,0.18509786937058198,0
5791-KAJFD,One year,Bank transfer (automatic),DSL,68.75,6198,0,0.18504497552367988,0
3920-HIHMQ,Month-to-month,Mailed check,DSL,49.5,4196,0,0.18492662291454695,0
8084-OIVBS,One year,Mailed check,No,20.0,3731,0,0.18490917142042274,0
8884-MRNSU,One year,Bank transfer (automatic),No,19.9,3526,0,0.1848510118787095,0
6497-TILVL,Month-to-month,Mailed check,DSL,50.7,3097,0,0.18479404143823308,0
8089-UZWLX,Two year,Bank transfer (automatic),Fiber optic,104.05,4113,0,0.1847721176865671,0
6408-OTUBZ,One year,Bank transfer (automatic),Fiber optic,104.55,4494,0,0.18462603395974297,0
8050-WYBND,One year,Credit card (automatic),DSL,49.45,5941,0,0.18458911573732317,0
2380-DAMQP,Two year,Electronic check,Fiber optic,115.15,4761,0,0.18437931068444555,0
9142-XMYJH,Month-to-month,Credit card (automatic),No,19.35,5227,0,0.18435209060264535,0
4567-AKPIA,One year,Bank transfer (automatic),Fiber optic,109.1,4854,0,0.18424157496888535,0
7156-MXBJE,One year,Credit card (automatic),DSL,85.1,2319,0,0.1842025958317911,0
9229-RQABD,One year,Mailed check,No,23.75,3076,0,0.18414607066499353,0
0907-HQNTS,Two year,Credit card (automatic),Fiber optic,113.0,4588,0,0.1840295744615842,0
9589-ABEPT,Two year,Mailed check,Fiber optic,92.45,4452,0,0.18401298794529422,0
8082-GHXOP,Month-to-month,Mailed check,DSL,44.0,5611,0,0.1838661811221259,0
2585-KTFRE,Month-to-month,Bank transfer (automatic),DSL,70.45,2706,0,0.1836806723455431,0
3280-MRDOF,Two year,Credit card (automatic),DSL,69.1,3415,0,0.18367180711789957,0
9386-LDCZR,One year,Credit card (automatic),Fiber optic,90.65,2496,0,0.1834176273945196,0
9766-HGEDE,One year,Mailed check,No,19.35,2185,0,0.18337711651605346,0
9442-JTWDL,One year,Credit card (automatic),No,20.05,5355,0,0.18324443132208038,0
3452-FLHYD,One year,Bank transfer (automatic),No,20.95,5682,0,0.18312894621382,0
2798-NYLMZ,Two year,Credit card (automatic),Fiber optic,108.55,4111,0,0.18307029761026586,0
3999-WRNGR,Month-to-month,Electronic check,DSL,49.75,6307,0,0.18304068910744425,0
2947-DOMLJ,Month-to-month,Mailed check,DSL,50.6,3677,1,0.1829107096148916,0
3090-HAWSU,Two year,Credit card (automatic),Fiber optic,111.6,4495,1,0.1829037945735866,0
3255-GRXMG,Month-to-month,Credit card (automatic),DSL,45.65,4403,0,0.18275487481028901,0
9553-DLCLU,Two year,Credit card (automatic),DSL,88.95,5407,0,0.18254246512070735,0
5914-XRFQB,Two year,Bank transfer (automatic),Fiber optic,115.8,6479,0,0.18251355163500088,0
4376-KFVRS,Two year,Credit card (automatic),Fiber optic,114.05,4842,0,0.18239442000252157,0
5278-PNYOX,Two year,Credit card (automatic),Fiber optic,100.65,5499,0,0.1822103042801146,0
7519-JTWQH,Two year,Bank transfer (automatic),Fiber optic,110.5,4803,0,0.18212941573275096,0
0201-OAMXR,One year,Credit card (automatic),Fiber optic,115.55,4838,1,0.18202479557067672,0
2988-QRAJY,Two year,Credit card (automatic),Fiber optic,110.05,5798,0,0.18199723617780889,0
5688-KZTSN,Month-to-month,Electronic check,No,20.0,4672,1,0.18182022443091403,0
9788-HNGUT,Two year,Credit card (automatic),Fiber optic,116.95,5949,0,0.18155683503734968,0
5451-YHYPW,Two year,Credit card (automatic),Fiber optic,115.75,6205,0,0.18112981300621592,0
6919-ELBGL,Two year,Bank transfer (automatic),Fiber optic,114.95,6268,0,0.1811215169293142,0
8975-SKGRX,Two year,Bank transfer (automatic),Fiber optic,116.1,5027,0,0.18102058866110907,0
1557-EMYVT,Two year,Credit card (automatic),Fiber optic,115.05,4115,0,0.18066026502414087,0
9432-RUVSL,Two year,Credit card (automatic),Fiber optic,102.5,3262,0,0.18051709528911325,0
4194-WHFCB,Month-to-month,Bank transfer (automatic),Fiber optic,96.65,5266,0,0.18045888819528616,0
7134-HBPBS,Two year,Bank transfer (automatic),Fiber optic,108.1,4474,0,0.1804269007178858,0
7838-LAZFO,One year,Bank transfer (automatic),DSL,78.8,4192,0,0.18033156397837247,0
8071-SBTRN,Two year,Mailed check,Fiber optic,111.15,4240,0,0.18013505017564085,0
1724-IQWNM,Month-to-month,Mailed check,No,19.3,4136,0,0.18003944453691023,0
1779-PWPMG,Two year,Bank transfer (automatic),Fiber optic,114.65,5408,0,0.17996950683006702,0
6746-WAUWT,One year,Credit card (automatic),No,19.7,4431,0,0.1797557489728801,0
1480-BKXGA,Two year,Bank transfer (automatic),Fiber optic,116.05,4404,0,0.17923686838081135,0
1429-UYJSV,One year,Mailed check,No,19.7,3423,0,0.17917968671452447,0
8097-VBQTZ,Month-to-month,Mailed check,DSL,69.9,6092,0,0.17906512409748473,0
5777-KJIRB,One year,Mailed check,DSL,50.25,2449,0,0.17902838101608634,0
5198-HQAEN,One year,Electronic check,Fiber optic,89.7,2775,0,0.1790000590881363,0
1735-XMJVH,Month-to-month,Mailed check,No,19.35,5416,0,0.17884583792484351,0
9861-PDSZP,Two year,Credit card (automatic),Fiber optic,108.05,5430,0,0.17872400196099741,0
4544-RXFMG,One year,Mailed check,DSL,43.45,4184,0,0.17836766769902038,0
3308-MHOOC,Month-to-month,Mailed check,No,19.2,3383,0,0.1781366656644863,0
2788-CJQAQ,One year,Mailed check,No,19.45,3799,0,0.1779181246682923,0
5602-BVFMK,One year,Mailed check,No,19.3,2868,0,0.17767412749832293,0
4686-GEFRM,Two year,Bank transfer (automatic),Fiber optic,98.7,5582,0,0.17763062823401027,0
9578-FOMUK,Month-to-month,Electronic check,No,24.8,3965,0,0.177625183604375,0
9537-VHDTA,Month-to-month,Mailed check,DSL,51.2,3699,0,0.17751867819201508,0
0369-ZGOVK,One year,Bank transfer (automatic),Fiber optic,70.4,5195,0,0.17747236385560053,0
7776-QGYJC,Month-to-month,Bank transfer (automatic),Fiber optic,81.5,2042,0,0.1773228409401243,0
9621-OUPYD,One year,Bank transfer (automatic),No,20.2,4129,0,0.1772815901840127,0
2388-LAESQ,Two year,Bank transfer (automatic),Fiber optic,114.85,4796,0,0.17715664781690832,0
9070-BCKQP,Two year,Credit card (automatic),Fiber optic,110.15,4498,0,0.1771467054943685,0
8029-XYPWT,Two year,Bank transfer (automatic),Fiber optic,115.05,4438,0,0.17705318190259361,0
5872-OEQNH,One year,Electronic check,DSL,44.45,4928,0,0.1770477701008068,0
6050-IJRHS,One year,Electronic check,Fiber optic,106.5,6319,0,0.17702332320384434,0
8853-TZDGH,Two year,Bank transfer (automatic),Fiber optic,111.6,5425,0,0.17697369453573653,0
5993-BQHEA,One year,Credit card (automatic),No,20.05,4018,0,0.1769443157651029,0
3696-XRIEN,One year,Credit card (automatic),DSL,82.5,5258,0,0.17650702286929557,0
5515-IDEJJ,Month-to-month,Mailed check,No,19.9,5441,1,0.1763427648915808,0
3259-QMXUN,Two year,Electronic check,DSL,86.1,5666,0,0.1762973591415538,0
1964-SVLEA,One year,Mailed check,No,19.7,2860,0,0.17602178042845687,0
5172-RKOCB,Two year,Credit card (automatic),Fiber optic,108.95,5758,0,0.17600789790577098,0
6048-UWKAL,Two year,Credit card (automatic),Fiber optic,105.4,5467,0,0.1759500135389134,0
4909-JOUPP,Two year,Credit card (automatic),Fiber optic,109.7,4319,0,0.17588156648170836,0
8065-QBYTO,One year,Credit card (automatic),Fiber optic,99.65,5448,0,0.17581498868641265,0
2325-ZUSFD,One year,Bank transfer (automatic),DSL,70.1,4669,1,0.17580549007668092,0
4137-JOPHL,Two year,Bank transfer (automatic),Fiber optic,89.7,5306,0,0.1756746886834059,0
3915-ODIYG,One year,Electronic check,DSL,71.75,4964,0,0.17558990867310337,0
4425-OWHWB,One year,Credit card (automatic),No,19.35,5811,0,0.17529173836462222,0
0716-BQNDX,Two year,Electronic check,Fiber optic,93.75,4276,0,0.17488031926213582,0
9680-NIAUV,Two year,Credit card (automatic),Fiber optic,109.7,5945,0,0.1742839890928616,0
9199-PWQVC,One year,Credit card (automatic),DSL,79.7,4010,0,0.174218536628892,0
5468-BPMMO,Month-to-month,Electronic check,No,19.6,5092,0,0.17421731735281576,0
1841-YSJGV,Two year,Credit card (automatic),Fiber optic,109.95,6258,0,0.17402811741566418,0
5038-ETMLM,Two year,Bank transfer (automatic),Fiber optic,113.65,5411,0,0.17399086174592238,0
7868-TMWMZ,Two year,Bank transfer (automatic),Fiber optic,110.0,4953,0,0.17393623020041402,0
1555-DJEQW,Two year,Bank transfer (automatic),Fiber optic,114.2,5947,1,0.17390118154398465,0
7833-PKIHD,One year,Bank transfer (automatic),DSL,76.4,6385,0,0.17375238933977732,0
9239-GZHZE,Two year,Credit card (automatic),Fiber optic,113.65,6469,0,0.17365759971370287,0
8383-SGHJU,One year,Electronic check,DSL,59.4,2853,0,0.17334636436481024,0
9962-BFPDU,Month-to-month,Mailed check,No,20.05,5811,0,0.17326510163883205,0
8267-KFGYD,Month-to-month,Mailed check,No,21.05,3389,0,0.1731970307095037,0
6421-SZVEM,One year,Bank transfer (automatic),Fiber optic,82.85,5802,0,0.17303883897839725,0
8630-QSGXK,Two year,Bank transfer (automatic),DSL,75.2,4708,0,0.17296454004985248,0
2364-UFROM,One year,Electronic check,DSL,70.4,3380,0,0.17269622528738415,0
5868-YTYKS,Month-to-month,Mailed check,No,20.25,2448,0,0.17267014919905793,0
8016-ZMGMO,One year,Bank transfer (automatic),DSL,70.85,5572,0,0.17265067011362156,0
8879-ZKJOF,One year,Bank transfer (automatic),DSL,79.85,5556,0,0.17264645867241035,0
3034-ZBEQN,One year,Mailed check,DSL,34.7,5995,1,0.17260890603280607,0
7244-QWYHG,One year,Bank transfer (automatic),DSL,44.45,5363,0,0.17250171429413405,0
4797-MIWUM,Month-to-month,Bank transfer (automatic),No,20.25,3149,0,0.1723168306111658,0
2061-VVFST,Month-to-month,Bank transfer (automatic),No,19.5,3924,0,0.17211275008849225,0
4664-NJCMS,Two year,Bank transfer (automatic),DSL,59.55,5980,0,0.17195446463555186,0
6650-BWFRT,Two year,Credit card (automatic),Fiber optic,117.15,4743,0,0.17179815616975513,0
2634-HCZGT,One year,Electronic check,DSL,60.05,5271,1,0.1716897002500758,0
8659-HDIYE,Month-to-month,Credit card (automatic),DSL,74.65,5113,0,0.17158978540286793,0
4092-OFQZS,One year,Mailed check,No,20.65,4147,0,0.17143768838380177,0
5155-AZQPB,Month-to-month,Mailed check,DSL,49.9,5250,0,0.1713609739006598,0
3373-YZZYM,Month-to-month,Mailed check,No,19.2,3007,0,0.17133576627889824,0
5504-WSIUR,One year,Bank transfer (automatic),Fiber optic,90.25,5327,0,0.17112962453336772,0
7445-WMRBW,One year,Bank transfer (automatic),DSL,73.85,4740,0,0.17110440836031035,0
5590-ZSKRV,Month-to-month,Mailed check,DSL,54.65,5614,0,0.17105291533046454,0
9412-ARGBX,Two year,Mailed check,Fiber optic,95.5,2459,1,0.1710079772271735,0
9298-WGMRW,Two year,Bank transfer (automatic),Fiber optic,115.5,4697,0,0.17100209352274812,0
9637-CDTKZ,Two year,Credit card (automatic),Fiber optic,114.1,4965,0,0.17077824433889222,0
0048-LUMLS,One year,Credit card (automatic),Fiber optic,91.2,5263,0,0.17068662151998917,0
9705-IOVQQ,One year,Electronic check,Fiber optic,99.0,5177,0,0.17049147141897528,0
2121-JAFOM,Two year,Credit card (automatic),Fiber optic,115.55,5076,0,0.1704091480956704,0
4106-HADHQ,One year,Credit card (automatic),DSL,80.0,2704,1,0.17039729138437326,0
7919-ZODZZ,One year,Mailed check,DSL,65.9,5289,0,0.17034574137467967,0
5944-UGLLK,One year,Credit card (automatic),DSL,54.9,5677,0,0.17032994897251966,0
5236-XMZJY,Month-to-month,Bank transfer (automatic),DSL,59.65,3048,0,0.1702078674061011,0
8628-MFKAX,Two year,Credit card (automatic),Fiber optic,116.75,5098,0,0.17013044323668614,0
1930-BZLHI,One year,Mailed check,No,20.35,3721,0,0.16997317302403464,0
5039-LZRQT,One year,Mailed check,No,20.2,2953,0,0.16989751256867552,0
5671-RQRLP,Two year,Credit card (automatic),Fiber optic,75.65,4181,0,0.16988038095284244,0
0595-ITUDF,Month-to-month,Electronic check,Fiber optic,91.8,5371,0,0.16976235272004614,0
3721-CNZHX,One year,Mailed check,No,19.8,5753,0,0.16962239118876743,0
8707-RMEZH,One year,Credit card (automatic),Fiber optic,87.3,4148,0,0.16958614238310674,0
6100-FJZDG,One year,Bank transfer (automatic),No,20.05,2403,0,0.16951734439695307,0
3506-LCJDC,Month-to-month,Bank transfer (automatic),No,19.95,4860,1,0.1693019417751928,0
5876-HZVZM,Month-to-month,Credit card (automatic),DSL,55.9,4914,1,0.16926644764218782,0
3982-DQLUS,Month-to-month,Electronic check,Fiber optic,85.75,4978,0,0.1692297695469586,0
2338-BQEZT,Month-to-month,Credit card (automatic),DSL,50.55,6250,0,0.1691713383481415,0
1345-ZUKID,One year,Mailed check,No,19.35,2400,0,0.1689665895136872,0
8106-GWQOK,Two year,Bank transfer (automatic),DSL,60.0,2187,0,0.16871197335805854,0
3669-WHAFY,Two year,Credit card (automatic),Fiber optic,115.15,4144,0,0.1686784123283471,0
2878-RMWXY,Two year,Credit card (automatic),Fiber optic,102.65,4680,0,0.16860743636818798,0
7813-TKCVO,One year,Mailed check,No,20.35,4390,0,0.1685268180256733,0
2592-HODOV,One year,Credit card (automatic),No,19.3,2823,0,0.1684469123017048,0
5499-ECUTN,One year,Credit card (automatic),DSL,66.05,3404,0,0.1684255880939199,0
9027-TMATR,Two year,Electronic check,DSL,78.8,3972,0,0.16841341969313844,0
9845-PEEKO,Two year,Credit card (automatic),Fiber optic,79.2,5400,0,0.1681922396272223,0
9558-IHEZX,Two year,Credit card (automatic),Fiber optic,106.75,5610,0,0.16811628256922276,0
1755-RMCXH,Month-to-month,Mailed check,No,20.3,5113,0,0.1680659478887339,0
7657-DYEPJ,One year,Credit card (automatic),DSL,70.15,2645,1,0.1680607179316385,0
3397-AVTKU,Two year,Electronic check,DSL,60.0,4614,0,0.16801980631772043,0
7607-QKKTJ,One year,Credit card (automatic),Fiber optic,95.0,2719,0,0.16794737844873928,0
2085-JVGAD,Month-to-month,Bank transfer (automatic),No,20.35,3078,0,0.16793205144048792,0
6734-FQAJX,Two year,Electronic check,Fiber optic,105.05,4143,0,0.16767411557838052,0
6211-WWLTF,Two year,Credit card (automatic),Fiber optic,99.7,5135,0,0.16760178690591818,0
6893-ODYYE,One year,Credit card (automatic),Fiber optic,90.1,6435,0,0.16758834710530118,0
8559-WNQZS,Two year,Mailed check,No,20.45,5925,0,0.16754407227502188,0
5832-EXGTT,Month-to-month,Mailed check,DSL,60.2,5517,0,0.16752712537295406,0
0247-SLUJI,Month-to-month,Mailed check,No,19.7,2004,0,0.1672635983274112,0
1430-SFQSA,One year,Mailed check,DSL,35.6,3898,0,0.16707367330314069,0
0807-ZABDG,Month-to-month,Mailed check,DSL,55.1,4412,1,0.16703637832532148,0
7817-OMJNA,One year,Bank transfer (automatic),No,20.4,5068,0,0.1669230911245994,0
2144-ESWKO,One year,Credit card (automatic),DSL,35.2,5268,0,0.16684759709378624,0
4760-XOHVN,Month-to-month,Mailed check,No,19.45,2865,1,0.16666704080807462,0
3803-KMQFW,Month-to-month,Mailed check,No,20.55,3797,1,0.1663833359987935,0
7672-VFMXZ,Month-to-month,Electronic check,DSL,55.7,4607,0,0.16631646418989532,0
6250-CGGUN,One year,Electronic check,Fiber optic,84.4,4154,0,0.16615345149924837,0
3572-UOLYZ,Month-to-month,Bank transfer (automatic),Fiber optic,84.8,5756,0,0.16608414904869917,0
4500-HKANN,Two year,Mailed check,DSL,59.7,3464,0,0.1658750320877448,0
5593-SUAOO,One year,Bank transfer (automatic),Fiber optic,83.15,2404,0,0.16584862715582913,0
2682-KEVRP,One year,Mailed check,No,20.05,4327,0,0.16572533948270962,0
8434-PNQZX,Two year,Credit card (automatic),DSL,78.45,3192,0,0.16572284999921466,0
9496-IVVRP,Month-to-month,Bank transfer (automatic),DSL,51.0,5777,0,0.16538685263868005,0
2080-SRCDE,Month-to-month,Mailed check,No,25.4,4556,0,0.16537959248890663,0
1448-CYWKC,One year,Credit card (automatic),Fiber optic,105.2,4605,0,0.16535294026327463,0
6990-YNRIO,Two year,Bank transfer (automatic),Fiber optic,108.65,6120,1,0.1652686431208545,0
8085-MSNLK,Two year,Mailed check,Fiber optic,113.95,6193,0,0.16522715565852167,0
0292-WEGCH,Month-to-month,Electronic check,DSL,86.2,6275,0,0.1651686658771751,0
8963-JLGJT,Month-to-month,Mailed check,DSL,55.9,4648,0,0.1651194963722956,0
1936-CZAKF,Two year,Credit card (automatic),DSL,49.65,4283,0,0.1650503450629128,0
3468-DRVQJ,One year,Electronic check,DSL,70.3,5496,0,0.16494979301176385,0
8763-KIAFH,One year,Mailed check,No,20.55,2269,0,0.16493842579317045,0
3948-FVVRP,Month-to-month,Mailed check,DSL,54.8,2848,0,0.16445310956626258,0
1325-USMEC,Two year,Credit card (automatic),Fiber optic,99.35,4120,0,0.16433843751517938,0
7995-ZHHNZ,One year,Credit card (automatic),DSL,56.1,5904,0,0.16429491589381934,0
6765-MBQNU,One year,Mailed check,No,26.0,2244,0,0.1642862775347033,0
8498-XXGWA,Month-to-month,Mailed check,DSL,55.15,6205,0,0.16416616248422802,0
8883-GRDWQ,One year,Mailed check,DSL,54.0,5090,0,0.16407542687671695,0
4710-NKCAW,Month-to-month,Credit card (automatic),DSL,64.4,3260,0,0.1637922321685626,0
5701-SVCWR,Month-to-month,Mailed check,No,24.0,2559,0,0.1635482043022824,0
8727-XDPUD,Two year,Credit card (automatic),DSL,35.8,5658,0,0.16344354523991914,0
3214-IYUUQ,One year,Bank transfer (automatic),Fiber optic,93.7,4300,0,0.1632734633377026,0
2073-QBVBI,One year,Mailed check,DSL,35.45,2954,0,0.16307846545058766,0
2959-EEXWB,Month-to-month,Bank transfer (automatic),DSL,50.9,3937,0,0.16306614146279352,0
2511-MORQY,One year,Bank transfer (automatic),DSL,54.9,4322,0,0.16290771284468306,0
5312-TSZVC,One year,Mailed check,No,19.65,4818,0,0.1628811795101412,0
3407-QGWLG,Month-to-month,Mailed check,No,20.05,2948,0,0.16267662819230239,0
7785-RDVIG,Month-to-month,Mailed check,No,19.3,5722,0,0.16247254776529726,0
6478-HRRCZ,One year,Mailed check,DSL,70.5,5870,0,0.16245231699348442,0
9796-MVYXX,Two year,Mailed check,DSL,39.7,3162,0,0.1619782327382988,0
2710-WYVXG,Two year,Mailed check,DSL,71.1,3501,0,0.161856141300943,0
2272-JKMSI,One year,Electronic check,Fiber optic,110.8,4306,0,0.16172936075322764,0
1135-HIORI,One year,Electronic check,Fiber optic,111.45,5129,0,0.16143937382547646,0
2190-PHBHR,Two year,Credit card (automatic),Fiber optic,94.45,5274,0,0.1613490704864301,0
4709-LKHYG,One year,Electronic check,No,20.0,3800,0,0.16127692261340393,0
3043-SUDUA,Month-to-month,Bank transfer (automatic),No,19.9,4374,0,0.16124233545693742,0
4277-UDIEF,Month-to-month,Bank transfer (automatic),DSL,81.0,3019,0,0.16086311307635287,0
8208-EUMTE,Two year,Mailed check,DSL,54.85,2136,0,0.1608400726896756,0
7753-USQYQ,One year,Electronic check,DSL,64.2,5151,0,0.16064602648032855,0
1623-NLDOT,One year,Mailed check,DSL,33.55,2044,1,0.16045356198437616,0
8777-PVYGU,One year,Mailed check,DSL,64.3,4405,0,0.16025885076985386,0
0620-XEFWH,Month-to-month,Mailed check,No,18.85,5279,0,0.16022074444129555,0
4472-VESGY,Month-to-month,Bank transfer (automatic),Fiber optic,98.15,5123,0,0.16019458587891178,0
2639-UGMAZ,One year,Electronic check,DSL,56.45,5372,0,0.16002420081662894,0
6176-YJWAS,Two year,Credit card (automatic),Fiber optic,97.95,4256,0,0.16000482119119103,0
8869-LIHMK,Two year,Bank transfer (automatic),Fiber optic,115.1,5213,0,0.15971538726109982,0
7923-IYJWY,Two year,Credit card (automatic),Fiber optic,116.1,5896,0,0.1597003206468789,0
1465-WCZVT,Month-to-month,Mailed check,No,19.65,4943,0,0.15969068902621714,0
9955-QOPOY,One year,Credit card (automatic),DSL,60.8,5683,0,0.15951964321753354,0
9617-UDPEU,One year,Mailed check,No,19.25,2691,0,0.15950208049404496,0
9885-MFVSU,Two year,Credit card (automatic),DSL,46.35,4577,0,0.1591371923818654,0
7163-OCEQI,One year,Mailed check,DSL,78.65,3571,0,0.15912358140054267,0
5315-CKEQK,One year,Electronic check,DSL,51.0,5195,0,0.15890630082444993,0
5855-EIBDE,Two year,Credit card (automatic),Fiber optic,106.65,5948,0,0.15884737766118573,0
3374-PZLXD,Month-to-month,Mailed check,No,19.7,4136,0,0.1586415313647396,0
1455-HFBXA,Two year,Credit card (automatic),Fiber optic,91.6,6069,0,0.15861697587699114,0
3340-QBBFM,One year,Credit card (automatic),DSL,54.1,4017,0,0.15858887471376507,0
0134-XWXCE,One year,Bank transfer (automatic),DSL,74.85,3253,0,0.15851795057076587,0
4598-ZADCK,One year,Electronic check,DSL,53.6,5183,0,0.1584440041894303,0
0307-BCOPK,One year,Mailed check,No,19.05,4336,0,0.15819565097811372,0
6082-OQFBA,One year,Mailed check,No,19.65,5460,0,0.15812250879057158,0
0813-TAXXS,Two year,Bank transfer (automatic),DSL,77.8,6483,0,0.15806996804868742,0
3272-VUHPV,Month-to-month,Bank transfer (automatic),DSL,56.3,3135,0,0.1580109701206229,0
0565-JUPYD,One year,Credit card (automatic),Fiber optic,104.5,4908,0,0.15787352410189315,0
7989-AWGEH,Month-to-month,Electronic check,DSL,39.2,4810,0,0.15784263750256483,0
1725-IQNIY,Two year,Bank transfer (automatic),Fiber optic,109.75,6274,1,0.1576753100253846,0
6174-NRBTZ,One year,Bank transfer (automatic),DSL,30.75,5646,0,0.15746770342441016,0
5639-NTUPK,Month-to-month,Credit card (automatic),DSL,52.1,4929,0,0.15723594677096664,0
2923-ARZLG,One year,Mailed check,No,19.7,4890,0,0.15715355643758872,0
2580-ASVVY,Two year,Electronic check,DSL,45.4,4051,0,0.15678490251901092,0
3639-XJHKQ,Month-to-month,Electronic check,DSL,60.6,2463,0,0.15666095257916918,0
5811-IWXYM,One year,Bank transfer (automatic),Fiber optic,101.25,5954,0,0.15665887292024158,0
4946-EDSEW,Month-to-month,Mailed check,No,19.25,5638,1,0.15665666240355086,0
3243-ZHOHY,One year,Mailed check,No,20.1,5052,0,0.1565924970623589,0
2321-OMBXY,One year,Credit card (automatic),DSL,80.3,2071,1,0.1565311971635653,0
4778-IZARL,Two year,Credit card (automatic),Fiber optic,110.1,6216,0,0.1564471416030442,0
6461-PPAXN,One year,Bank transfer (automatic),DSL,54.95,4858,0,0.15607869461284485,0
3178-CIFOT,One year,Credit card (automatic),No,19.65,5916,0,0.15602391855711661,0
0454-OKRCT,Two year,Bank transfer (automatic),Fiber optic,80.6,5542,0,0.15595584433379034,0
4611-ANLQC,One year,Electronic check,DSL,50.05,5493,0,0.1558049253389713,0
6574-MCOEH,One year,Electronic check,DSL,79.15,3555,0,0.15561987274447767,0
3422-WJOYD,One year,Mailed check,DSL,54.35,5105,0,0.15547648058518648,0
9720-JJJOR,One year,Bank transfer (automatic),DSL,60.3,4565,0,0.1554580794902763,0
9891-NQDBD,One year,Mailed check,No,25.55,3493,0,0.15535527071236174,0
5546-BYZSM,Month-to-month,Electronic check,No,20.45,2839,0,0.1552019347153595,0
0829-DDVLK,One year,Credit card (automatic),No,20.1,4359,0,0.15510144243501334,0
8570-KLJYJ,One year,Mailed check,DSL,54.45,4462,0,0.1550844844616973,0
0942-KOWSM,Two year,Bank transfer (automatic),DSL,80.8,4274,0,0.15501787633659922,0
4700-UBQMV,One year,Bank transfer (automatic),DSL,75.9,3503,0,0.15491231057914193,0
4184-VODJZ,One year,Electronic check,Fiber optic,91.35,4512,0,0.15482474617596767,0
2749-CTKAJ,One year,Mailed check,No,20.15,2173,0,0.15429004416121586,0
9297-FVVDH,Two year,Electronic check,DSL,84.5,5928,0,0.15415121147228303,0
5474-LAMUQ,One year,Mailed check,No,20.1,5689,0,0.15394500472763126,0
5756-OZRIO,One year,Bank transfer (automatic),DSL,64.05,4001,0,0.15346762674951048,0
0868-VJRDR,Two year,Credit card (automatic),Fiber optic,104.05,4337,0,0.1533160654720248,0
5312-IRCFR,One year,Electronic check,Fiber optic,92.85,5206,0,0.15322476312036676,0
4355-HBJHH,Two year,Electronic check,DSL,79.7,6289,1,0.15304742954066083,0
3298-QEICA,Two year,Mailed check,DSL,34.6,4445,0,0.15280047833122287,0
8461-EFQYM,One year,Electronic check,No,24.25,2997,0,0.1525666204328621,0
8898-KASCD,One year,Mailed check,DSL,35.55,3752,0,0.1524437197716955,0
0866-QLSIR,One year,Mailed check,DSL,64.4,5189,1,0.15220543121084723,0
7874-ECPQJ,Month-to-month,Bank transfer (automatic),No,20.05,4462,0,0.15215628856621563,0
4445-KWOKW,One year,Bank transfer (automatic),DSL,60.15,5988,0,0.15213879085024934,0
7299-GNVPL,Month-to-month,Mailed check,Fiber optic,84.4,2177,0,0.1521367499396723,0
8311-UEUAB,Two year,Electronic check,DSL,75.5,5420,0,0.15196975379987157,0
8421-WZOOW,Month-to-month,Credit card (automatic),Fiber optic,95.3,4912,0,0.151692602971406,0
8499-BRXTD,One year,Mailed check,No,20.1,5586,0,0.15162546561104995,0
2706-QZIHY,Two year,Mailed check,No,25.2,4411,0,0.1514634176082827,0
9000-PLFUZ,Two year,Credit card (automatic),DSL,49.45,4277,0,0.15129032172127826,0
8033-ATFAS,Month-to-month,Mailed check,DSL,59.85,3900,0,0.15117157200986778,0
9046-DQMTP,Month-to-month,Bank transfer (automatic),No,20.75,5876,0,0.1511601990148196,0
6214-EDAKZ,Month-to-month,Electronic check,DSL,55.15,5115,1,0.15115468383678415,0
4616-EWBNJ,One year,Bank transfer (automatic),No,20.1,4545,0,0.15111325150665814,0
4182-BGSIQ,Month-to-month,Bank transfer (automatic),No,19.8,3196,0,0.15103348100205058,0
4933-IKULF,One year,Mailed check,No,20.65,4086,0,0.15102046933451,0
7609-NRNCA,One year,Mailed check,No,19.55,4947,0,0.1509315343563501,0
5505-OVWQW,One year,Mailed check,No,20.15,4650,0,0.15073365900653474,0
8969-PRHFK,One year,Mailed check,No,19.65,4695,0,0.15071725010415682,0
9220-ZNKJI,Two year,Credit card (automatic),Fiber optic,88.8,4291,0,0.15068645699247557,0
1257-SXUXQ,Month-to-month,Mailed check,No,19.45,4573,0,0.15061678253900884,0
0254-KCJGT,One year,Credit card (automatic),DSL,81.4,4628,0,0.150369798197113,0
7690-KPNCU,One year,Credit card (automatic),DSL,73.05,4515,0,0.15036834810721048,0
9860-LISIZ,Month-to-month,Mailed check,No,20.35,2864,0,0.15034890549552507,0
7094-MSZAO,Month-to-month,Credit card (automatic),No,20.05,2049,0,0.1500909285995728,0
5641-DMBFJ,Two year,Electronic check,DSL,84.3,5724,0,0.14981985351349952,0
6635-MYYYZ,One year,Bank transfer (automatic),DSL,85.35,2313,1,0.14977127218391653,0
4853-RULSV,Two year,Credit card (automatic),Fiber optic,104.0,4544,1,0.14924104256067053,0
5876-QMYLD,One year,Mailed check,No,20.05,3742,0,0.1488081752059006,0
6416-JNVRK,One year,Credit card (automatic),DSL,55.65,2867,0,0.1488054595251537,0
8348-JLBUG,One year,Credit card (automatic),Fiber optic,80.3,4270,0,0.1485741565341202,0
4369-NYSCF,One year,Bank transfer (automatic),DSL,75.75,6487,0,0.14797744234407187,0
9207-ZPANB,One year,Electronic check,DSL,67.45,5042,0,0.14779393989042267,0
4404-HIBDJ,One year,Mailed check,DSL,74.3,5175,1,0.1476251179766373,0
9289-LBQVU,One year,Mailed check,DSL,70.15,5037,0,0.14754557041242464,0
7338-ERIVA,One year,Bank transfer (automatic),DSL,45.05,4003,0,0.14747878712172832,0
9847-HNVGP,One year,Mailed check,No,19.95,2221,0,0.14726915313703456,0
6510-UPNKS,One year,Credit card (automatic),No,24.8,4402,0,0.14714223212739647,0
0428-AXXLJ,One year,Bank transfer (automatic),No,19.5,4761,0,0.14674520963740434,0
9554-DFKIC,Month-to-month,Bank transfer (automatic),DSL,54.45,2613,0,0.14661294036017425,0
6999-CHVCF,Two year,Bank transfer (automatic),Fiber optic,102.1,5228,0,0.14658788412925464,0
4942-VZZOM,One year,Credit card (automatic),DSL,66.15,4703,0,0.14636110958620632,0
6034-ZRYCV,Two year,Electronic check,DSL,54.2,4481,1,0.14630757748319326,0
7219-TLZHO,Month-to-month,Mailed check,No,20.85,3172,0,0.14606744489354134,0
5186-PEIZU,Month-to-month,Bank transfer (automatic),No,19.25,4988,0,0.14594169859568903,0
9347-AERRL,One year,Credit card (automatic),No,19.3,2111,0,0.14572410821584017,0
1544-JJMYL,One year,Credit card (automatic),DSL,69.35,2450,0,0.14551359210445872,0
4304-TSPVK,Two year,Bank transfer (automatic),Fiber optic,114.9,5782,0,0.14547924774271562,0
5716-EZXZN,Two year,Credit card (automatic),Fiber optic,99.05,5878,0,0.14547451093407782,0
2368-GAKKQ,Two year,Bank transfer (automatic),Fiber optic,113.65,6424,0,0.14538361170971673,0
1641-BYBTK,Month-to-month,Mailed check,No,20.2,3478,0,0.1453684727022196,0
4957-TIALW,One year,Credit card (automatic),DSL,65.6,2976,0,0.14505383996963947,0
5256-SKJGO,Two year,Electronic check,DSL,54.6,4850,0,0.14501122060801921,0
4359-INNWN,One year,Credit card (automatic),No,20.05,4828,0,0.14499727108202196,0
6114-TCFID,One year,Credit card (automatic),DSL,39.5,5103,0,0.14477528134641257,0
4311-QTTAI,One year,Credit card (automatic),No,19.35,2017,0,0.1446664799318707,0
1661-CZBAU,One year,Bank transfer (automatic),DSL,70.95,2667,0,0.1437354774669747,0
9844-FELAJ,One year,Electronic check,Fiber optic,107.9,5899,0,0.1437188929614163,0
7929-SKFGK,Two year,Credit card (automatic),Fiber optic,114.3,4280,0,0.14367391555735887,0
6551-ZCOTS,One year,Bank transfer (automatic),No,24.9,5756,0,0.1436549672355272,0
1763-KUAAW,One year,Bank transfer (automatic),No,20.35,4713,0,0.14359199477103524,0
4316-XCSLJ,Month-to-month,Mailed check,DSL,50.3,3202,0,0.1433178574542464,0
3778-FOAQW,One year,Mailed check,No,20.15,3573,0,0.14322597728019465,0
2039-JONDJ,One year,Bank transfer (automatic),DSL,55.45,3616,0,0.1431502000080906,0
4450-MDZFX,Month-to-month,Bank transfer (automatic),Fiber optic,74.35,5100,0,0.14300305695670737,0
3752-CQSJI,Month-to-month,Mailed check,No,20.45,5417,0,0.14291825034357492,0
5150-LJNSR,One year,Bank transfer (automatic),Fiber optic,98.05,4524,0,0.1424979059874991,0
6164-HXUGH,Month-to-month,Mailed check,No,19.85,5060,0,0.14247153451069483,0
0727-BNRLG,Two year,Credit card (automatic),Fiber optic,97.65,5709,0,0.14216220894716738,0
1131-ALZWV,One year,Bank transfer (automatic),No,24.6,4147,0,0.14203758300417957,0
1133-KXCGE,One year,Mailed check,No,20.1,2910,0,0.14194826922243692,0
1337-BOZWO,One year,Credit card (automatic),DSL,46.4,4003,0,0.14189802285175393,0
3655-SNQYZ,Two year,Credit card (automatic),Fiber optic,113.25,5141,0,0.14181199829518612,0
0516-VRYBW,One year,Bank transfer (automatic),No,20.15,4931,1,0.14175300061296686,0
3724-UCSHY,Month-to-month,Mailed check,No,19.55,3072,0,0.1416375173638276,0
1576-PFZIW,Two year,Credit card (automatic),Fiber optic,105.35,5866,0,0.1414693457772515,0
5989-AXPUC,Two year,Mailed check,Fiber optic,118.6,4175,0,0.14146448485648294,0
0594-UFTUL,Month-to-month,Mailed check,No,19.85,2928,0,0.1414095626079677,0
5510-BOIUJ,Month-to-month,Mailed check,No,19.25,5437,1,0.140879995805621,0
3077-RSNTJ,Month-to-month,Mailed check,No,19.7,4293,0,0.14083048391511693,0
7005-CYUIL,Two year,Electronic check,Fiber optic,99.4,4964,0,0.14076159033974656,0
6617-WLBQC,One year,Credit card (automatic),Fiber optic,81.85,5939,0,0.1407369047393676,0
7544-ZVIKX,One year,Bank transfer (automatic),Fiber optic,105.05,5870,0,0.14054992558914597,0
0927-CNGRH,Month-to-month,Mailed check,No,19.55,5272,0,0.13981916411988407,0
7359-WWYJV,Two year,Credit card (automatic),Fiber optic,114.45,6274,0,0.13969508182480486,0
7279-NMVJC,One year,Bank transfer (automatic),No,19.9,2093,0,0.13969401019407932,0
7619-PLRLP,One year,Bank transfer (automatic),DSL,74.1,5136,0,0.13942124257296404,0
0013-SMEOE,Two year,Bank transfer (automatic),Fiber optic,109.7,5011,0,0.1393100972539406,0
4732-RRJZC,Month-to-month,Mailed check,No,20.25,4954,0,0.13921911373350623,0
5448-VWNAM,Month-to-month,Mailed check,DSL,75.9,4198,0,0.1390548553490785,0
7554-NEWDD,Two year,Bank transfer (automatic),No,25.7,3611,0,0.13888106482101037,0
7369-TRPFD,One year,Mailed check,No,18.8,2916,0,0.13887591379363554,0
7055-JCGNI,Two year,Credit card (automatic),Fiber optic,111.95,4182,0,0.13887360142074318,0
3259-KNMRR,Two year,Bank transfer (automatic),DSL,79.75,5371,0,0.13883166423938473,0
8788-DOXSU,One year,Bank transfer (automatic),DSL,61.35,6250,0,0.1388052872700089,0
0203-HHYIJ,One year,Bank transfer (automatic),No,25.3,3779,1,0.13868054756613474,0
0872-CASZJ,One year,Mailed check,DSL,69.1,4765,0,0.13862097890449557,0
6614-FHDBO,Two year,Bank transfer (automatic),Fiber optic,109.2,4551,0,0.13818178263686073,0
4291-HPAXL,Month-to-month,Mailed check,No,19.85,4840,0,0.13813934554824872,0
7196-LIWRH,Two year,Mailed check,No,19.55,5980,0,0.1380875381764489,0
9959-WOFKT,Two year,Bank transfer (automatic),Fiber optic,106.7,4479,0,0.1379972999309243,0
2200-DSAAL,Two year,Electronic check,DSL,80.65,5914,0,0.13782933603447206,0
1866-NXPSP,One year,Mailed check,DSL,75.55,3235,0,0.13776867744884294,0
3470-BTGQO,Month-to-month,Mailed check,DSL,45.65,5731,0,0.13737103024949873,0
5183-KLYEM,Two year,Credit card (automatic),Fiber optic,112.75,4927,0,0.1373573677927442,0
5473-KHBPS,One year,Credit card (automatic),Fiber optic,95.7,4415,0,0.13734715009633722,0
0840-DCNZE,One year,Bank transfer (automatic),DSL,86.95,5631,0,0.13726739092478127,0
1043-UXOVO,Two year,Credit card (automatic),Fiber optic,113.15,4955,0,0.1372455020123618,0
0254-FNMCI,Two year,Electronic check,Fiber optic,109.9,5234,0,0.1369939336739017,0
0042-JVWOJ,One year,Bank transfer (automatic),No,19.6,3722,0,0.1369803871831205,0
0906-QVPMS,Two year,Bank transfer (automatic),Fiber optic,115.15,5398,0,0.1367004389294187,0
4111-BNXIF,Two year,Electronic check,DSL,59.55,4478,0,0.1365543029239411,0
3594-BDSOA,One year,Credit card (automatic),No,20.4,3071,0,0.13642544791834793,0
4489-SNOJF,Month-to-month,Electronic check,DSL,72.25,5898,1,0.13638495147080823,0
2812-SFXMJ,Month-to-month,Mailed check,No,20.05,4221,0,0.1362617616548443,0
7777-UNYHB,Month-to-month,Credit card (automatic),No,20.1,2360,0,0.13604438449421005,0
1178-PZGAB,One year,Credit card (automatic),No,20.25,5586,0,0.13582029927704253,0
2320-TZRRH,One year,Mailed check,No,19.5,4700,0,0.1358028138358287,0
6648-INWPS,Month-to-month,Electronic check,No,20.15,5271,0,0.13579958818940538,0
6827-IEAUQ,One year,Mailed check,DSL,66.15,3213,0,0.1357701282700822,0
2361-FJWNO,One year,Credit card (automatic),DSL,36.0,5323,0,0.13552402947055672,0
2348-KCJLT,One year,Mailed check,DSL,61.5,2059,0,0.13546245666954831,0
1545-ACTAS,One year,Bank transfer (automatic),Fiber optic,99.7,5921,0,0.13532163712686932,0
7176-WRTNX,Two year,Bank transfer (automatic),Fiber optic,114.95,4511,0,0.1351738557984095,0
4418-LZMSV,Month-to-month,Bank transfer (automatic),DSL,61.8,4749,0,0.13514937500445035,0
0930-EHUZA,One year,Mailed check,DSL,76.35,4771,0,0.1351431063463408,0
5197-PYEPU,One year,Credit card (automatic),Fiber optic,94.45,5643,0,0.13507918819515477,0
1573-LGXBA,One year,Credit card (automatic),Fiber optic,97.55,5833,0,0.13502247803940523,0
5774-XZTQC,Month-to-month,Mailed check,No,20.45,4484,0,0.1347924617033332,0
1790-NESIO,Two year,Mailed check,No,20.4,4883,0,0.13464403914093437,0
1552-TKMXS,Month-to-month,Credit card (automatic),No,20.35,2127,0,0.13456684350649145,0
2969-WGHQO,One year,Electronic check,DSL,69.45,3334,0,0.1345622446952121,0
6904-JLBGY,Two year,Credit card (automatic),Fiber optic,117.35,4008,0,0.1344664007246791,0
7325-ENZFI,One year,Bank transfer (automatic),DSL,40.3,3424,0,0.13433522140978016,0
3156-QLHBO,Month-to-month,Mailed check,No,19.25,4725,0,0.13420682479123255,0
0670-ANMUU,One year,Credit card (automatic),Fiber optic,97.65,5319,0,0.13417690145320949,0
0657-DOGUM,One year,Bank transfer (automatic),DSL,60.6,4077,0,0.13413519443052613,0
1439-LCGVL,One year,Mailed check,No,19.2,3656,0,0.1340386055399029,0
1222-LRYKO,Month-to-month,Mailed check,No,26.35,2189,0,0.13403274284891836,0
8166-ZZTFS,Two year,Bank transfer (automatic),DSL,80.55,4400,1,0.13396824573607494,0
7375-WMVMT,Two year,Credit card (automatic),Fiber optic,95.5,6412,0,0.1339648804720358,0
4020-KIUDI,Month-to-month,Credit card (automatic),No,19.85,2186,0,0.13366692748581882,0
3244-CQPHU,Two year,Bank transfer (automatic),Fiber optic,110.1,5232,0,0.13364817293491055,0
3012-VFFMN,Month-to-month,Mailed check,No,20.65,4058,0,0.13358831591754605,0
9470-RTWDV,One year,Credit card (automatic),DSL,82.0,3973,0,0.13335331799416653,0
4717-GHADL,Two year,Mailed check,DSL,79.6,5592,0,0.13334132874453997,0
6869-FGJJC,One year,Credit card (automatic),Fiber optic,79.6,5210,0,0.13329924273371882,0
6849-WLEYG,Month-to-month,Mailed check,No,19.75,2611,1,0.13322148704336867,0
9534-NSXEM,One year,Credit card (automatic),No,20.65,2194,0,0.1330179564434975,0
8513-OLYGY,Two year,Credit card (automatic),Fiber optic,115.8,5130,0,0.1329973933094665,0
8746-BFOAJ,One year,Bank transfer (automatic),No,20.5,5766,0,0.1329964349146795,0
3474-BAFSJ,Two year,Bank transfer (automatic),DSL,57.5,4133,0,0.13297187624999113,0
5084-OOVCJ,Month-to-month,Credit card (automatic),DSL,55.35,5465,0,0.13294826193380374,0
4644-PIZRT,One year,Bank transfer (automatic),DSL,70.35,2704,0,0.13290824963743228,0
5906-CVLHP,One year,Credit card (automatic),DSL,54.15,2761,1,0.13289922603295468,0
3645-DEYGF,Month-to-month,Mailed check,No,20.75,3358,0,0.13278005633833687,0
5127-BZENZ,One year,Bank transfer (automatic),DSL,65.2,4775,0,0.1326550387733704,0
0945-TSONX,Two year,Credit card (automatic),DSL,85.3,5698,0,0.13250992964781783,0
3181-MIZBN,Month-to-month,Electronic check,No,19.75,3677,0,0.1323416165205502,0
8809-XKHMD,Two year,Bank transfer (automatic),Fiber optic,100.55,6082,0,0.13214677529974594,0
7951-VRDVK,One year,Bank transfer (automatic),DSL,85.85,4898,0,0.13181778903811392,0
5170-PTRKA,One year,Credit card (automatic),DSL,35.8,4865,0,0.1317054577532686,0
2054-PJOCK,One year,Credit card (automatic),DSL,80.55,4159,0,0.13132936434736683,0
4322-RCYMT,One year,Bank transfer (automatic),DSL,75.8,4903,1,0.13131097600682415,0
5014-WUQMG,One year,Electronic check,Fiber optic,96.1,5793,0,0.1311656234084062,0
5740-YHGTW,Month-to-month,Credit card (automatic),Fiber optic,97.55,4551,0,0.1311582539765724,0
2829-HYVZP,One year,Mailed check,No,19.8,5696,0,0.13093802672422022,0
6447-GORXK,Month-to-month,Credit card (automatic),DSL,25.0,4242,0,0.13089562787044862,0
7876-AEHIG,One year,Bank transfer (automatic),DSL,60.15,5404,0,0.13063704380658153,0
4859-ZSRDZ,Two year,Credit card (automatic),DSL,55.5,4080,0,0.13062432568885524,0
2898-MRKPI,One year,Credit card (automatic),Fiber optic,101.05,5570,0,0.1306221864937182,0
0479-HMSWA,Two year,Electronic check,Fiber optic,105.45,5980,0,0.130601173067292,0
9209-NWPGU,One year,Electronic check,DSL,65.4,5827,0,0.13022444143434686,0
3275-RHRNE,One year,Credit card (automatic),DSL,60.0,2797,0,0.1301443710325538,0
7605-BDWDC,Two year,Bank transfer (automatic),DSL,49.85,2539,0,0.12988906978398312,0
6252-DFGTK,One year,Credit card (automatic),DSL,68.1,2873,0,0.12986902900701314,0
3585-YNADK,One year,Bank transfer (automatic),DSL,74.6,4546,0,0.1296706726709795,0
9974-JFBHQ,Month-to-month,Credit card (automatic),Fiber optic,99.15,4590,0,0.12965519687252894,0
6726-NNFWD,Two year,Credit card (automatic),Fiber optic,89.45,6004,0,0.12951126348943537,0
6286-ZHAOK,Month-to-month,Bank transfer (automatic),No,25.55,3235,0,0.1294597063082891,0
1937-OTUKY,Two year,Bank transfer (automatic),Fiber optic,98.2,4332,0,0.12938028721133818,0
2466-NEJOJ,Month-to-month,Credit card (automatic),No,19.65,4535,0,0.129048316401584,0
3546-GHEAE,Two year,Mailed check,No,19.45,2600,0,0.12901150786284635,0
1159-WFSGR,Month-to-month,Electronic check,No,20.4,3990,0,0.12891878896890918,0
1752-OZXFY,One year,Mailed check,DSL,59.8,5488,0,0.12885410854535653,0
3128-YOVTD,Month-to-month,Bank transfer (automatic),Fiber optic,79.15,6321,0,0.12871269002695584,0
2294-DMMUS,Month-to-month,Credit card (automatic),DSL,70.45,5057,0,0.12863604297622447,0
3410-YOQBQ,Two year,Mailed check,DSL,79.2,4984,0,0.12844266413853522,0
5995-WWKKG,One year,Electronic check,No,19.8,5987,0,0.12818932806298247,0
7764-BDPEE,Month-to-month,Mailed check,No,20.85,5868,0,0.12812795840791028,0
9541-PWTWO,Two year,Bank transfer (automatic),DSL,80.95,4924,0,0.1278914007008471,0
2410-CIYFZ,Month-to-month,Mailed check,No,20.4,3000,0,0.12776807652364605,0
0257-KXZGU,Month-to-month,Bank transfer (automatic),DSL,62.45,5442,0,0.12772068696353067,0
3963-RYFNS,Two year,Bank transfer (automatic),Fiber optic,116.45,5567,0,0.12767883576469646,0
9150-KPBJQ,Two year,Credit card (automatic),No,19.65,3945,0,0.1276076607938836,0
8401-EMUWF,Month-to-month,Bank transfer (automatic),DSL,69.4,4701,0,0.12759889546059774,0
4776-XSKYQ,One year,Credit card (automatic),DSL,30.25,5988,0,0.1275696686287398,0
5327-XOKKY,Two year,Credit card (automatic),DSL,73.45,5540,0,0.1274224300893745,0
0580-PIQHM,One year,Bank transfer (automatic),Fiber optic,101.6,3275,0,0.12737009621460837,0
5847-MXBEO,One year,Mailed check,No,20.3,4510,0,0.12729458095118276,0
0378-CJKPV,Two year,Credit card (automatic),Fiber optic,112.1,4272,0,0.12717013984702072,0
7521-YXVZY,Month-to-month,Mailed check,No,19.95,4430,0,0.12680375633764954,0
8738-JOKAR,One year,Mailed check,DSL,67.7,5034,0,0.12676314263386637,0
9978-HYCIN,One year,Bank transfer (automatic),Fiber optic,84.95,3384,0,0.12664291736231198,0
4353-HYOJD,Month-to-month,Mailed check,DSL,49.85,5580,0,0.12661206588168145,0
7570-WELNY,Two year,Bank transfer (automatic),Fiber optic,84.7,5520,0,0.1265668898554672,0
7663-YJHSN,Two year,Bank transfer (automatic),Fiber optic,103.95,5096,0,0.12643336717629436,0
0939-EREMR,Month-to-month,Mailed check,DSL,53.45,4335,0,0.12639220093102177,0
4495-LHSSK,Month-to-month,Mailed check,DSL,57.65,3425,0,0.1260220837796793,0
2091-GPPIQ,Two year,Electronic check,DSL,78.95,5050,0,0.12596936019538868,0
9225-BZLNZ,Two year,Electronic check,DSL,85.25,6275,0,0.12584161533330568,0
9236-NDUCW,Two year,Mailed check,DSL,35.1,2991,0,0.12547566414390604,0
4973-RLZVI,One year,Credit card (automatic),DSL,74.65,5616,0,0.1249514366463585,0
3011-WQKSZ,Month-to-month,Electronic check,No,20.0,5188,0,0.1248382720861769,0
9146-JRIOX,Month-to-month,Mailed check,No,25.55,2080,0,0.12479222645695824,0
5566-SOEZD,One year,Credit card (automatic),Fiber optic,80.65,5856,0,0.12473436594028392,0
0946-FKYTX,One year,Mailed check,DSL,30.1,6290,0,0.12472202284365903,0
1245-HARPS,Two year,Mailed check,No,20.4,4556,0,0.12471042913270004,0
5386-THSLQ,One year,Bank transfer (automatic),DSL,45.55,6238,0,0.1246896953135406,0
3253-HKOKL,One year,Electronic check,Fiber optic,100.3,4811,0,0.12468610474946042,0
5781-BKHOP,Two year,Bank transfer (automatic),Fiber optic,100.65,6380,0,0.1241448179278972,0
5575-GNVDE,One year,Mailed check,DSL,56.95,3441,0,0.12390414898521865,0
5245-VDBUR,One year,Mailed check,DSL,35.45,5509,0,0.1238044053955898,0
9619-GSATL,One year,Electronic check,DSL,55.45,3350,0,0.1237994498352755,0
3186-AJIEK,Two year,Bank transfer (automatic),Fiber optic,105.65,5097,0,0.12365034708124834,0
0019-EFAEP,Two year,Bank transfer (automatic),Fiber optic,101.3,5513,0,0.12360885470274664,0
4816-OKWNX,One year,Bank transfer (automatic),Fiber optic,103.4,5437,0,0.12350182202889638,0
6691-CCIHA,Two year,Electronic check,DSL,84.95,6307,0,0.12343642808940372,0
4868-AADLV,One year,Electronic check,Fiber optic,116.25,4578,0,0.1232843728703355,0
4513-CXYIX,Two year,Credit card (automatic),Fiber optic,80.7,4583,0,0.12325021502104785,0
3378-AJRAO,One year,Electronic check,No,24.85,5331,0,0.12307053036412217,0
8216-AZUUZ,Two year,Electronic check,Fiber optic,100.4,3265,0,0.1230593233203142,0
2530-FMFXO,Two year,Electronic check,Fiber optic,103.2,4478,0,0.12300078436936306,0
5318-YKDPV,Two year,Credit card (automatic),DSL,79.15,3716,0,0.12293423448268102,0
7148-XZPHA,Month-to-month,Electronic check,Fiber optic,79.4,4162,0,0.12281992340429823,0
6981-TDRFT,One year,Electronic check,DSL,54.3,3423,0,0.12271981453943183,0
3482-ABPKK,One year,Mailed check,DSL,54.3,5271,0,0.12271311935859637,0
8433-WPJTV,One year,Bank transfer (automatic),Fiber optic,103.9,5669,0,0.12257675225436158,0
8022-BECSI,One year,Mailed check,No,19.6,2203,0,0.12254703589012327,0
9746-MDMBK,One year,Bank transfer (automatic),Fiber optic,113.45,3729,0,0.12247700406544096,0
0014-BMAQU,Two year,Credit card (automatic),Fiber optic,84.65,4604,0,0.12227539023834093,0
7217-JYHOQ,Month-to-month,Credit card (automatic),DSL,70.3,3359,0,0.12193463799772739,0
1389-WNUIB,One year,Bank transfer (automatic),DSL,76.0,4085,0,0.12191075517240899,0
2233-TXSIU,One year,Credit card (automatic),DSL,44.45,3522,0,0.12173522189978667,0
9030-QGZNL,Two year,Mailed check,No,20.85,4249,0,0.12146461878036457,0
0961-ZWLVI,One year,Credit card (automatic),Fiber optic,109.2,6005,0,0.12143408081168724,0
8996-ZROXE,One year,Electronic check,DSL,53.5,5521,0,0.12142409798401464,0
1017-FBQMM,One year,Credit card (automatic),Fiber optic,106.05,6361,0,0.12123507969393263,0
3658-QQJYD,One year,Credit card (automatic),DSL,74.3,5974,0,0.1207165394123042,0
3039-MJSLN,Month-to-month,Bank transfer (automatic),No,20.2,3594,0,0.12034336864111687,0
2017-CCBLH,Two year,Mailed check,No,20.0,3087,0,0.12027520957957001,0
5376-PCKNB,One year,Credit card (automatic),Fiber optic,104.45,4750,0,0.12005139101483633,0
8388-DMKAE,Two year,Mailed check,No,20.25,2653,0,0.11962498918231694,0
1682-VCOIO,One year,Mailed check,No,20.45,3434,0,0.11959816065666876,0
1163-ONYEY,Month-to-month,Credit card (automatic),DSL,74.55,2748,0,0.11959664009600267,0
2055-BFOCC,One year,Bank transfer (automatic),DSL,84.0,5688,0,0.11946842297398723,0
2234-XADUH,One year,Credit card (automatic),Fiber optic,103.2,5560,0,0.11931303252968754,0
1309-XGFSN,One year,Electronic check,DSL,80.85,6090,0,0.11899744456037369,0
3134-DSHVC,Two year,Credit card (automatic),Fiber optic,98.0,5989,0,0.11893099608062006,0
6778-EICRF,One year,Mailed check,DSL,74.8,5535,0,0.118665463247152,0
7812-FZHPE,Month-to-month,Mailed check,No,24.1,4648,1,0.11839917035499366,0
9926-PJHDQ,Two year,Bank transfer (automatic),DSL,76.8,5120,0,0.11836926481648476,0
3125-RAHBV,One year,Credit card (automatic),No,20.3,2768,0,0.1183077423156109,0
2796-UUZZO,Month-to-month,Credit card (automatic),Fiber optic,80.3,5157,0,0.11826655277994738,0
5555-RNPGT,Month-to-month,Credit card (automatic),No,24.8,5212,0,0.11812265375545529,0
6122-EFVKN,Two year,Mailed check,DSL,35.75,5531,0,0.11809786934554528,0
9294-TDIPC,Month-to-month,Mailed check,No,20.2,5169,0,0.11803046896406288,0
5616-PRTNT,Month-to-month,Electronic check,No,19.4,3785,1,0.11786008859331464,0
9309-BZGNT,One year,Credit card (automatic),DSL,29.8,5681,0,0.11780183239091607,0
5837-LXSDN,One year,Credit card (automatic),DSL,58.85,2845,0,0.1177592951685781,0
2188-SXWVT,One year,Mailed check,DSL,55.0,4027,0,0.11771293953879232,0
1045-LTCYT,Month-to-month,Credit card (automatic),No,21.05,2158,0,0.11768621504509882,0
4075-WKNIU,Two year,Mailed check,DSL,73.35,2342,0,0.11768410922973865,0
7247-XOZPB,One year,Bank transfer (automatic),DSL,77.4,5313,0,0.11768188973293205,0
0743-HNPFG,One year,Credit card (automatic),DSL,69.75,5628,0,0.11744989692162953,0
9194-GFVOI,Two year,Credit card (automatic),DSL,84.35,3363,0,0.1173589277365367,0
8849-PRIQJ,One year,Electronic check,Fiber optic,109.4,4103,0,0.11718551385358726,0
0022-TCJCI,One year,Credit card (automatic),DSL,62.7,2654,1,0.11683204594728402,0
8007-YYPWD,Two year,Bank transfer (automatic),No,25.05,5218,0,0.11670004404101947,0
7137-NAXML,One year,Bank transfer (automatic),No,20.15,4402,0,0.11664181373574634,0
6754-LZUKA,Two year,Bank transfer (automatic),DSL,80.9,4161,0,0.11647567304628802,0
0285-INHLN,Month-to-month,Credit card (automatic),DSL,54.75,3519,0,0.11645136101279029,0
8319-QBEHW,One year,Bank transfer (automatic),DSL,39.95,2715,0,0.11639851731398095,0
5762-TJXGK,Two year,Bank transfer (automatic),DSL,58.75,5122,0,0.11627057127778764,0
6194-HBGQN,One year,Credit card (automatic),DSL,81.15,4549,0,0.1161780610935836,0
9746-UGFAC,One year,Bank transfer (automatic),No,20.85,3171,0,0.11612438666561896,0
6559-ILWKJ,Two year,Electronic check,DSL,49.35,4879,1,0.1161116101018637,0
9995-HOTOH,Two year,Electronic check,DSL,59.0,5639,0,0.11577694762823756,0
0756-MPZRL,One year,Credit card (automatic),DSL,33.7,3007,0,0.11570801153776406,0
7446-SFAOA,One year,Bank transfer (automatic),No,19.85,5707,0,0.11563850951421373,0
5862-BRIXZ,Two year,Bank transfer (automatic),DSL,60.75,2694,0,0.1154238890406723,0
0696-UKTOX,Month-to-month,Electronic check,DSL,54.15,2496,0,0.11538280360098986,0
2904-GGUAZ,Two year,Bank transfer (automatic),Fiber optic,84.05,5515,0,0.11498797599052978,0
7061-OVMIM,One year,Bank transfer (automatic),No,19.55,5203,0,0.11496840621682147,0
4627-MIHJH,Two year,Credit card (automatic),Fiber optic,110.25,4948,0,0.11496371108226813,0
9880-TDQAC,Two year,Electronic check,DSL,60.0,5471,0,0.11492515722817415,0
9929-PLVPA,Month-to-month,Credit card (automatic),No,20.4,4929,0,0.11483542823785681,0
4504-YOULA,Month-to-month,Credit card (automatic),DSL,59.45,3682,0,0.11454589973172452,0
6698-OXETB,Two year,Mailed check,No,20.4,5397,0,0.11381143423122436,0
2773-MADBQ,Two year,Mailed check,DSL,53.1,2751,0,0.11380843696915448,0
1821-BUCWY,Two year,Mailed check,DSL,55.65,5445,0,0.1136124329044898,0
9053-JZFKV,Two year,Credit card (automatic),Fiber optic,116.2,4495,1,0.11359705299741527,0
1297-VQDRP,One year,Credit card (automatic),Fiber optic,107.15,4324,0,0.11353607965934835,0
9577-WJVCQ,Month-to-month,Mailed check,DSL,54.45,5310,0,0.11348782687611869,0
3508-CFVZL,Two year,Mailed check,Fiber optic,111.3,5957,0,0.1133984902324155,0
4063-EIKNQ,Month-to-month,Bank transfer (automatic),No,20.95,4075,0,0.1133693910582947,0
4054-CUMIA,Month-to-month,Mailed check,No,20.25,2429,0,0.11332857329269193,0
4884-TVUQF,Two year,Credit card (automatic),Fiber optic,101.3,4421,0,0.11330734032366592,0
0219-QAERP,One year,Credit card (automatic),No,19.8,4006,0,0.11297117350588663,0
3209-ZPKFI,Month-to-month,Electronic check,DSL,54.25,2320,0,0.11288857083277531,0
2453-SAFNS,One year,Mailed check,DSL,72.1,4277,0,0.11260526794176827,0
9127-QRZMH,One year,Bank transfer (automatic),DSL,59.85,5981,0,0.1120154557149559,0
8815-LMFLX,Month-to-month,Bank transfer (automatic),No,25.4,5250,0,0.11189690457575692,0
0536-ESJEP,Two year,Bank transfer (automatic),DSL,74.55,4544,0,0.11169635203411367,0
0377-JBKKT,Month-to-month,Mailed check,DSL,57.95,5036,0,0.11150039552583817,0
9086-YJYXS,One year,Bank transfer (automatic),DSL,77.2,3997,0,0.11145994184794043,0
2696-ECXKC,One year,Mailed check,Fiber optic,100.9,6153,0,0.11133598498947415,0
5020-ZSTTY,One year,Bank transfer (automatic),DSL,82.45,4149,1,0.11122853164433072,0
3181-VTHOE,One year,Bank transfer (automatic),DSL,51.05,4042,0,0.11117421603941237,0
0513-RBGPE,Two year,Credit card (automatic),DSL,62.8,5229,0,0.11112257300686712,0
3099-OONVS,Month-to-month,Electronic check,DSL,54.3,3971,0,0.11104630445716562,0
7244-KXYZN,One year,Credit card (automatic),No,20.45,4690,0,0.11070518357352405,0
1093-YSWCA,Two year,Credit card (automatic),No,19.55,5433,0,0.11055524230857658,0
6476-EPYZR,Month-to-month,Mailed check,No,20.5,2891,0,0.11049425433904081,0
5914-GXMDA,One year,Mailed check,No,19.3,5817,0,0.11031503777854909,0
4712-UYOOI,Month-to-month,Electronic check,No,20.0,3402,0,0.1102669102518278,0
4547-FZJWE,One year,Credit card (automatic),DSL,59.45,5712,0,0.11025574738023622,0
1492-QGCLU,Month-to-month,Electronic check,DSL,85.7,5957,0,0.11013935105733055,0
3985-HOYPM,One year,Mailed check,No,19.4,4602,0,0.1101112025964469,0
1810-MVMAI,Month-to-month,Electronic check,DSL,67.6,4104,0,0.1099365706623632,0
9074-KGVOX,Month-to-month,Credit card (automatic),DSL,39.45,6018,0,0.10993339616341966,0
5512-IDZEI,One year,Electronic check,No,24.9,2026,0,0.10986431398493116,0
3887-PBQAO,One year,Credit card (automatic),No,25.9,5741,0,0.10979606625809511,0
2739-CCZMB,Month-to-month,Credit card (automatic),No,20.35,3161,0,0.10979287133700028,0
8947-YRTDV,One year,Mailed check,Fiber optic,94.8,5288,0,0.10973340539481509,0
1271-UODNO,Two year,Credit card (automatic),DSL,53.85,2380,0,0.10972235318243673,0
1345-GKDZZ,Month-to-month,Mailed check,No,19.55,2309,0,0.1096663371473347,0
1206-EHBDD,Two year,Bank transfer (automatic),Fiber optic,80.3,6203,0,0.109637473937332,0
6837-HAEVO,Two year,Electronic check,Fiber optic,105.0,5436,0,0.10939368930885444,0
3230-IUALN,Two year,Mailed check,DSL,81.0,2934,0,0.10936894733424317,0
0128-MKWSG,Month-to-month,Mailed check,DSL,45.8,3287,0,0.10925138953977236,0
7623-HKYRK,Month-to-month,Mailed check,No,19.7,2276,0,0.10897799833534223,0
9143-CANJF,Month-to-month,Electronic check,DSL,55.15,2200,0,0.10878274146610017,0
4719-UMSIY,Month-to-month,Mailed check,No,19.65,2231,0,0.10876068537592452,0
8999-YPYBV,Two year,Mailed check,DSL,84.35,3403,0,0.10862788881361472,0
7305-ZWMAJ,One year,Credit card (automatic),No,20.7,2492,0,0.10860158797509673,0
6188-UXBBR,One year,Credit card (automatic),No,20.25,4411,0,0.10854253499279336,0
1282-IHQAC,One year,Credit card (automatic),DSL,44.05,4022,0,0.10846968865077618,0
8670-ERCJH,Two year,Bank transfer (automatic),Fiber optic,113.4,6347,0,0.10815666534796738,0
2282-YGNOR,One year,Credit card (automatic),DSL,58.0,2810,0,0.10812171175625111,0
2933-XEUJM,Two year,Mailed check,DSL,79.2,2007,0,0.10811330180741455,0
0396-UKGAI,Month-to-month,Bank transfer (automatic),DSL,55.3,4028,0,0.1081044254484419,0
2676-SSLTO,Two year,Bank transfer (automatic),DSL,66.15,6138,0,0.10756457307528801,0
0487-CRLZF,Two year,Bank transfer (automatic),DSL,74.45,4517,0,0.10755215598370725,0
2040-LDIWQ,Two year,Bank transfer (automatic),DSL,84.2,5256,0,0.10750577917027719,0
1642-HMARX,Two year,Electronic check,DSL,91.7,4113,0,0.10730595046443994,0
9906-NHHVC,Two year,Bank transfer (automatic),DSL,53.5,5693,0,0.10694151551837133,0
0208-BPQEJ,Month-to-month,Bank transfer (automatic),No,19.4,3713,0,0.10679065558080238,0
6994-FGRHH,One year,Electronic check,Fiber optic,106.15,4649,0,0.10672263748578101,0
1328-EUZHC,Two year,Mailed check,No,20.1,4329,0,0.10672164337422563,0
4830-FAXFM,Month-to-month,Credit card (automatic),No,24.1,2378,0,0.1066983259244214,0
6563-VRERX,One year,Mailed check,No,20.6,5212,0,0.10662343831148866,0
4355-CVPVS,One year,Bank transfer (automatic),Fiber optic,88.9,4170,0,0.10633445511926945,0
0997-YTLNY,Month-to-month,Mailed check,DSL,48.8,3749,0,0.10632918599460295,0
1936-UAFEH,Two year,Credit card (automatic),Fiber optic,110.25,5502,0,0.10631804847744498,0
8221-HVAYI,Two year,Credit card (automatic),DSL,69.15,3945,0,0.10616607152465403,0
3727-OWVYD,One year,Mailed check,DSL,61.2,2075,0,0.10603538947975354,0
6840-RESVB,One year,Mailed check,DSL,84.8,2140,0,0.10601366727077559,0
5469-NUJUR,Two year,Mailed check,No,19.95,2831,0,0.10588069458054421,0
4422-QVIJA,Month-to-month,Mailed check,DSL,50.15,5879,0,0.1058296716715254,0
8454-AATJP,Two year,Credit card (automatic),Fiber optic,115.05,5905,0,0.10580056559515587,0
0036-IHMOT,One year,Bank transfer (automatic),Fiber optic,103.7,5892,0,0.10574394117680364,0
0835-DUUIQ,One year,Bank transfer (automatic),No,21.05,2050,0,0.10572864159651818,0
4795-UXVCJ,One year,Credit card (automatic),No,19.8,5823,0,0.10572261812356104,0
0121-SNYRK,One year,Mailed check,DSL,35.4,5052,0,0.10568541820311068,0
2361-UPSND,One year,Mailed check,DSL,70.6,5433,0,0.1056782435412079,0
9839-ETQOE,Month-to-month,Electronic check,DSL,40.45,3176,0,0.10549364805502948,0
3633-CDBUW,One year,Electronic check,DSL,80.85,3913,0,0.10543568680782256,0
6933-VLYFX,One year,Electronic check,DSL,59.95,4337,0,0.10531142684316323,0
3387-PLKUI,Month-to-month,Mailed check,No,18.8,2333,0,0.10526354441562244,0
1154-HYWWO,One year,Mailed check,DSL,70.6,4993,0,0.10503587942390365,0
7107-UBYKY,Month-to-month,Electronic check,No,25.75,4194,0,0.10493438260675572,0
4694-PHWFW,Month-to-month,Mailed check,No,19.95,5919,0,0.10484709827914933,0
1998-VHJHK,One year,Mailed check,No,19.15,5606,0,0.10483024861307508,0
3865-YIOTT,One year,Bank transfer (automatic),Fiber optic,106.1,6283,0,0.10463565192102928,0
1525-LNLOJ,Two year,Bank transfer (automatic),DSL,63.3,4186,0,0.10463558259130845,0
8963-MQVYN,Month-to-month,Electronic check,No,20.55,3169,0,0.10443027091954352,0
6479-OAUSD,One year,Credit card (automatic),No,19.9,2130,0,0.1043559935574594,0
1697-BCSHV,Month-to-month,Bank transfer (automatic),DSL,66.8,6433,0,0.10434133415892907,0
3308-JSGML,Two year,Credit card (automatic),DSL,64.05,6306,0,0.10431627707365412,0
6352-GIGGQ,One year,Bank transfer (automatic),DSL,88.8,4081,0,0.10428120512619883,0
1850-AKQEP,Month-to-month,Mailed check,No,20.35,4577,0,0.10425183128259864,0
6061-PQHMK,One year,Credit card (automatic),No,19.9,3048,0,0.10396083275075836,0
3174-AKMAS,Two year,Credit card (automatic),DSL,64.2,4699,0,0.10379368809101915,0
3523-BRGUW,One year,Credit card (automatic),No,19.3,2269,0,0.10357951999074937,0
2150-UWTFY,Month-to-month,Mailed check,DSL,61.15,4626,1,0.10273441120412165,0
5214-CHIWJ,One year,Mailed check,No,20.3,3159,0,0.10261850652452126,0
7803-XOCCZ,Month-to-month,Bank transfer (automatic),Fiber optic,84.05,6099,0,0.102503433027664,0
8668-KNZTI,One year,Electronic check,DSL,53.75,5957,0,0.10249700777769088,0
8213-TAZPM,One year,Bank transfer (automatic),Fiber optic,108.75,5874,0,0.10239515661915291,0
5110-CHOPY,Two year,Electronic check,DSL,53.6,4173,0,0.10238860194415274,0
7951-QKZPL,Two year,Mailed check,No,24.5,5194,1,0.10212890875058712,0
5820-PTRYM,One year,Credit card (automatic),DSL,68.45,4368,0,0.101892167378964,0
8845-LWKGE,One year,Electronic check,DSL,64.5,2215,0,0.1017679356872517,0
9570-KYEUA,Two year,Credit card (automatic),Fiber optic,99.25,5213,0,0.10151842820641925,0
3547-LQRIK,One year,Electronic check,No,26.9,2382,0,0.10150034378743242,0
7501-IWUNG,Two year,Bank transfer (automatic),DSL,73.8,6301,0,0.10144299022014854,0
5495-GPSRW,Two year,Mailed check,No,19.7,2120,0,0.10142324911423567,0
8100-HZZLJ,Month-to-month,Electronic check,DSL,63.95,4205,0,0.10140977244499166,0
8024-XNAFQ,Two year,Bank transfer (automatic),Fiber optic,107.4,5294,0,0.10138464592188574,0
8292-FRFZQ,One year,Bank transfer (automatic),DSL,41.15,3445,0,0.10137579968944206,0
8561-NMTBD,One year,Credit card (automatic),Fiber optic,112.35,5427,0,0.10128613079855144,0
4801-KFYKL,Month-to-month,Bank transfer (automatic),No,19.45,4119,0,0.10118940960734987,0
6339-TBELP,Two year,Credit card (automatic),Fiber optic,86.4,4069,0,0.10117625523875148,0
3605-JISKB,One year,Credit card (automatic),DSL,60.0,4212,0,0.10096631611905306,0
5014-GSOUQ,Two year,Mailed check,No,19.95,2884,0,0.10086117066974405,0
6103-LIANB,Two year,Credit card (automatic),Fiber optic,99.5,4583,0,0.1008433163004678,0
6502-KUGLL,Month-to-month,Bank transfer (automatic),DSL,59.45,5723,0,0.10082771239526038,0
5129-HHMZC,Two year,Credit card (automatic),DSL,86.45,3110,0,0.1007089280656455,0
6016-NXBNJ,One year,Mailed check,No,19.15,4052,0,0.10068169621053379,0
6516-NKQBO,Two year,Credit card (automatic),DSL,81.0,3067,0,0.10056122748578157,0
3258-SYSWS,Two year,Bank transfer (automatic),Fiber optic,113.8,4598,0,0.10048728220985033,0
1090-ESELR,Two year,Bank transfer (automatic),Fiber optic,105.5,5534,0,0.1003262955063081,0
1839-UMACK,One year,Electronic check,No,25.05,3756,0,0.10032586597947878,0
0687-ZVTHB,One year,Credit card (automatic),DSL,72.45,4415,1,0.10018697581011891,0
5063-IUOKK,Two year,Mailed check,No,19.75,2016,0,0.10008413189752213,0
6823-SIDFQ,One year,Credit card (automatic),No,18.25,5327,0,0.10007516456888019,0
8871-JLMHM,Two year,Credit card (automatic),Fiber optic,90.2,4095,0,0.09998778973415517,0
4163-NCJAK,One year,Bank transfer (automatic),No,24.45,2438,0,0.09970507269153706,0
2690-DVRVK,One year,Electronic check,No,20.55,3629,0,0.09970417796905921,0
2150-OEGBV,One year,Bank transfer (automatic),No,20.1,3428,0,0.09945712589665988,0
8873-TMKGR,One year,Mailed check,No,19.1,5880,0,0.09943834072344084,0
8735-NBLWT,Month-to-month,Mailed check,No,20.4,4195,0,0.09915768043979963,0
7446-KQISO,Two year,Bank transfer (automatic),Fiber optic,109.75,4221,0,0.09889370941589874,0
1934-MKPXS,One year,Credit card (automatic),No,20.1,3636,0,0.09888198219006218,0
2717-HVIZY,Month-to-month,Mailed check,No,20.05,2675,0,0.09870920390879592,0
0853-TWRVK,Two year,Bank transfer (automatic),Fiber optic,105.6,5981,0,0.09868309050620241,0
1194-BHJYC,Two year,Mailed check,DSL,62.15,6427,0,0.098655504211789,0
8819-WFGGJ,Two year,Bank transfer (automatic),DSL,54.1,4601,0,0.09864613361214099,0
2123-VSCOT,Two year,Bank transfer (automatic),DSL,72.1,6225,0,0.09842851502579425,0
9495-REDIY,One year,Credit card (automatic),DSL,40.65,5079,0,0.09842687888360577,0
5384-ZTTWP,Month-to-month,Mailed check,No,19.8,4167,0,0.09840426700311969,0
3926-YZVVX,One year,Bank transfer (automatic),DSL,50.05,2157,0,0.09832114757932765,0
3280-NMUVX,One year,Credit card (automatic),No,19.6,4669,0,0.09831232953848947,0
9754-CLVZW,Month-to-month,Credit card (automatic),DSL,38.85,3970,0,0.09830907263932098,0
1022-RKXDR,One year,Mailed check,No,24.85,3089,0,0.09826438963841874,0
0305-SQECB,One year,Mailed check,DSL,36.05,4265,0,0.09806904995582859,0
2931-XIQBR,One year,Mailed check,Fiber optic,103.05,5905,0,0.09798816220029476,0
2167-FQSTQ,Two year,Electronic check,DSL,92.4,5527,0,0.09790194126138106,0
0104-PPXDV,One year,Credit card (automatic),DSL,50.3,5232,0,0.09787498169232765,0
4531-AUZNK,One year,Mailed check,Fiber optic,95.15,6492,0,0.09784218310899083,0
9251-WNSOD,One year,Mailed check,DSL,75.1,4931,0,0.0977635903989009,0
0023-UYUPN,One year,Electronic check,No,25.2,4015,0,0.09772236944845068,0
1395-OFUWC,Month-to-month,Credit card (automatic),DSL,29.3,4741,0,0.09767646762684623,0
7277-KAMWT,Two year,Credit card (automatic),No,20.0,3037,0,0.09727484082600396,0
7639-LIAYI,Two year,Credit card (automatic),DSL,79.75,4142,0,0.09725337273502875,0
8387-UGUSU,Month-to-month,Mailed check,No,20.05,3591,0,0.09720639546348085,0
0743-HRVFF,One year,Electronic check,DSL,56.15,4132,0,0.09719681926252827,0
5574-NXZIU,Two year,Credit card (automatic),Fiber optic,109.2,4273,0,0.09709628225584027,0
7994-XIRTR,One year,Bank transfer (automatic),DSL,65.25,6161,0,0.09699412845661044,0
3057-VJJQE,Two year,Mailed check,DSL,55.25,5498,0,0.09680534971397624,0
0334-ZFJSR,One year,Credit card (automatic),DSL,66.05,5501,0,0.0965310391658194,0
1488-SYSFC,Month-to-month,Electronic check,No,20.65,2990,0,0.09650362681105218,0
0916-KNFAJ,Two year,Mailed check,DSL,69.9,5117,0,0.0962270931856893,0
0078-XZMHT,Two year,Bank transfer (automatic),DSL,85.15,6322,0,0.09610623849416579,0
7670-ZBPOQ,One year,Bank transfer (automatic),DSL,61.05,4411,0,0.09566626537551345,0
0604-THJFP,Two year,Credit card (automatic),DSL,75.95,5446,0,0.09558601484666458,0
7322-OCWHC,Two year,Bank transfer (automatic),Fiber optic,93.05,4988,0,0.09550311934195173,0
3571-DPYUH,One year,Credit card (automatic),Fiber optic,94.7,5653,0,0.09525157001783907,0
5394-MEITZ,Two year,Bank transfer (automatic),DSL,80.6,5667,0,0.09524656692475898,0
6732-VAILE,Two year,Credit card (automatic),DSL,85.95,6354,0,0.09524384126619216,0
3705-PSNGL,One year,Electronic check,No,20.4,5398,1,0.09520378554382086,0
1872-EBWSC,One year,Mailed check,No,20.35,4840,0,0.09496977382178647,0
6234-RAAPL,Two year,Bank transfer (automatic),Fiber optic,99.9,5915,0,0.09493128552192973,0
2096-XOTMO,Month-to-month,Mailed check,No,19.35,4146,0,0.09492566033602504,0
3506-OVLKD,One year,Bank transfer (automatic),No,26.2,4419,0,0.09483493890969501,0
1265-BCFEO,Two year,Bank transfer (automatic),DSL,80.45,4518,0,0.09480305056069296,0
8908-SLFCJ,Two year,Credit card (automatic),No,20.85,5422,0,0.09477851314312094,0
5656-MJEFC,Two year,Credit card (automatic),DSL,48.15,2673,0,0.09463203450027938,0
9560-BBZXK,Two year,Bank transfer (automatic),DSL,31.05,4871,0,0.09457381716843441,0
0218-QNVAS,One year,Bank transfer (automatic),Fiber optic,100.55,5876,0,0.0944781374691955,0
2250-IVBWA,Month-to-month,Electronic check,Fiber optic,81.05,5168,0,0.09440288309023982,0
0689-DSXGL,Month-to-month,Bank transfer (automatic),Fiber optic,85.8,5494,0,0.09428893540940528,0
0083-PIVIK,One year,Electronic check,DSL,81.25,4761,0,0.0942104093363175,0
7173-TETGO,Two year,Bank transfer (automatic),Fiber optic,78.5,6072,0,0.09418632845026713,0
1131-SUEKT,One year,Bank transfer (automatic),Fiber optic,98.45,4000,0,0.09404547575542237,0
4716-MRVEN,One year,Mailed check,No,20.0,4128,0,0.09400425939043888,0
4116-IQRFR,One year,Credit card (automatic),No,24.1,4463,0,0.09394055501754973,0
0810-DHDBD,One year,Credit card (automatic),DSL,74.0,5806,0,0.09387844395423688,0
1265-HVPZB,One year,Credit card (automatic),DSL,66.4,6432,0,0.09383675175450877,0
0559-CKHUS,Two year,Mailed check,No,19.55,5758,0,0.09372946795879683,0
8465-SBRXP,Two year,Bank transfer (automatic),Fiber optic,94.9,2436,0,0.09370401182262564,0
6719-FGEDO,Two year,Bank transfer (automatic),Fiber optic,97.0,6302,0,0.09354827404787104,0
2999-AANRQ,Two year,Credit card (automatic),DSL,71.05,5138,0,0.09332256818181849,0
4024-CSNBY,Two year,Bank transfer (automatic),Fiber optic,94.25,6295,0,0.09330167644010767,0
0320-DWVTU,Two year,Mailed check,Fiber optic,99.5,4754,0,0.09326640790188538,0
7109-CQYUZ,Two year,Mailed check,DSL,89.25,4624,0,0.09321496330940371,0
2252-NKNSI,Two year,Mailed check,DSL,85.15,4322,0,0.09319553487537126,0
2519-TWKFS,One year,Mailed check,DSL,55.1,2499,0,0.09315570219587066,0
4525-VZCZG,One year,Electronic check,Fiber optic,105.85,5915,0,0.09314723870200597,0
9531-NSBMR,One year,Bank transfer (automatic),No,19.25,4904,0,0.09303537894696258,0
7233-PAHHL,Two year,Mailed check,DSL,84.0,5825,0,0.0929848505054912,0
4750-UKWJK,One year,Mailed check,No,19.6,5730,0,0.09271178824507952,0
3957-HHLMR,One year,Bank transfer (automatic),DSL,65.2,6316,0,0.09240785693229446,0
3841-NFECX,Two year,Credit card (automatic),Fiber optic,96.35,5309,0,0.0923853264534143,0
9824-QCJPK,One year,Mailed check,No,20.0,4175,0,0.0923480416268216,0
6166-YIPFO,Two year,Electronic check,DSL,64.7,6075,0,0.09231127665961325,0
3442-ZHHCC,One year,Credit card (automatic),DSL,76.9,5355,0,0.09221094495424652,0
4178-EGMON,Two year,Credit card (automatic),Fiber optic,88.0,4867,0,0.09217724182334389,0
4452-ROHMO,Two year,Mailed check,No,19.6,2722,0,0.09209124518119255,0
4950-HKQTE,Two year,Mailed check,No,26.25,5676,0,0.0919981407402574,0
6631-HMANX,Two year,Credit card (automatic),DSL,85.45,5641,0,0.09197255033798167,0
9063-ZGTUY,Month-to-month,Mailed check,No,19.4,4221,1,0.09189046554939748,0
3720-DBRWL,Two year,Credit card (automatic),DSL,83.85,5703,0,0.0917059362664811,0
9227-UAQFT,Two year,Mailed check,No,19.75,4272,0,0.0916674083151338,0
7026-YMSBE,One year,Mailed check,No,19.7,3302,0,0.09166544553445843,0
2126-GSEGL,Two year,Bank transfer (automatic),DSL,84.8,4032,0,0.09165844024029186,0
7110-BDTWG,Two year,Electronic check,DSL,47.05,6302,0,0.09163859393233856,0
4980-URKXC,One year,Bank transfer (automatic),No,20.85,5744,0,0.09145997999855097,0
0744-GKNGE,Month-to-month,Bank transfer (automatic),Fiber optic,86.8,4915,0,0.09136062196131534,0
6518-KZXCB,Two year,Mailed check,No,25.25,3403,0,0.09128993190781319,0
4648-YPBTM,Two year,Bank transfer (automatic),DSL,73.9,5644,0,0.09115135329911739,0
0076-LVEPS,Month-to-month,Mailed check,DSL,45.0,3290,0,0.09110878055914075,0
7564-GHCVB,Two year,Bank transfer (automatic),Fiber optic,79.05,4689,0,0.09102113006049238,0
7029-IJEJK,One year,Bank transfer (automatic),DSL,44.1,6205,0,0.0910159225343428,0
0310-SUCIN,One year,Bank transfer (automatic),DSL,84.8,5643,0,0.09097127091678686,0
4737-HOBAX,Two year,Credit card (automatic),DSL,79.8,4073,0,0.09094013098608031,0
5684-FJVYR,Two year,Bank transfer (automatic),Fiber optic,90.35,5794,0,0.09093452037189556,0
0731-EBJQB,One year,Electronic check,No,20.4,5482,0,0.0909200975874133,0
7779-ORAEL,Two year,Credit card (automatic),DSL,75.15,5837,0,0.09080767976023751,0
7940-UQQUG,One year,Bank transfer (automatic),Fiber optic,104.4,5133,0,0.09077558143656043,0
3982-JGSFD,One year,Credit card (automatic),No,20.35,3526,0,0.0906144153977579,0
0487-VVUVK,Month-to-month,Mailed check,No,19.15,3829,0,0.09058670375669163,0
7469-LKBCI,Two year,Credit card (automatic),No,18.95,4726,0,0.09045895820536226,0
4667-QONEA,One year,Credit card (automatic),DSL,74.85,5153,0,0.09035158986873962,0
0864-FVJNJ,One year,Electronic check,Fiber optic,113.35,4952,0,0.09019469356436909,0
2057-BOYKM,Two year,Bank transfer (automatic),Fiber optic,96.6,5153,0,0.08968041250920646,0
7581-EBBOU,One year,Credit card (automatic),DSL,70.15,4260,0,0.08952581248634268,0
5202-IVJNU,Month-to-month,Credit card (automatic),DSL,30.1,3106,1,0.08938559280910068,0
5197-LQXXH,Two year,Credit card (automatic),DSL,83.3,4264,0,0.0890787118008652,0
6603-YRDCJ,Two year,Mailed check,DSL,61.05,3215,0,0.08899785133795089,0
9795-NREXC,Two year,Credit card (automatic),DSL,85.0,5472,0,0.08876672978809538,0
6447-EGDIV,One year,Mailed check,No,20.95,5772,0,0.08864922049785562,0
6549-BTYPG,Two year,Credit card (automatic),DSL,60.8,5784,0,0.08845790982986902,0
5012-YSPJJ,Month-to-month,Mailed check,DSL,54.35,3615,0,0.08831481679602224,0
4139-SUGLD,Month-to-month,Bank transfer (automatic),DSL,35.4,2067,1,0.08829662634676085,0
9555-SAHUZ,Month-to-month,Electronic check,DSL,54.5,5499,0,0.08827612159778853,0
6437-UDQJM,Two year,Credit card (automatic),DSL,84.1,4999,0,0.08826335133669917,0
6418-HNFED,Two year,Credit card (automatic),DSL,83.25,5340,0,0.08824276888656984,0
1813-JYWTO,Two year,Bank transfer (automatic),Fiber optic,80.45,4202,0,0.08822282752065885,0
4419-UJMUS,Two year,Electronic check,Fiber optic,99.35,4637,0,0.08784096302088124,0
7795-CFOCW,One year,Bank transfer (automatic),DSL,42.3,4307,0,0.08767965835122564,0
5696-EXCYS,Two year,Credit card (automatic),No,19.45,5347,0,0.08748996387742618,0
4584-LBNMK,One year,Credit card (automatic),No,24.7,5644,0,0.08736336808075428,0
9919-FZDED,Two year,Credit card (automatic),DSL,84.1,4671,0,0.08728927151880048,0
3266-FTKHB,Two year,Mailed check,No,19.15,2717,0,0.08717367430126378,0
3055-VTCGS,One year,Credit card (automatic),DSL,58.55,6312,0,0.08701231299823513,0
0979-MOZQI,Two year,Bank transfer (automatic),DSL,39.0,4987,0,0.08700868207827517,0
6861-OKBCE,Month-to-month,Credit card (automatic),No,20.1,4500,1,0.08647917665774436,0
5307-UVGNB,Month-to-month,Bank transfer (automatic),DSL,48.7,4116,0,0.08639085252408676,0
3525-DVKFN,Two year,Mailed check,No,19.4,3561,0,0.08631686528014647,0
2239-CFOUJ,One year,Mailed check,No,20.4,4540,0,0.08626378575073201,0
3935-TBRZZ,One year,Mailed check,No,25.7,3037,0,0.08616583623167427,0
2088-IEBAU,Two year,Electronic check,DSL,88.15,5531,0,0.08613441557902397,0
0459-SPZHJ,Two year,Credit card (automatic),DSL,83.5,4652,0,0.08607346461494873,0
6319-QSUSR,Month-to-month,Credit card (automatic),No,19.7,3838,0,0.08595788598286251,0
0117-LFRMW,Month-to-month,Bank transfer (automatic),DSL,40.2,3627,1,0.08578530344534482,0
1536-YHDOE,One year,Mailed check,DSL,62.1,3937,0,0.08578478611679487,0
5232-NXPAY,Two year,Mailed check,DSL,74.45,3459,0,0.0857699912287753,0
6261-RCVNS,One year,Credit card (automatic),DSL,73.9,2774,1,0.08576058306517918,0
3458-IDMFK,Two year,Mailed check,No,20.75,5161,0,0.08574246971706195,0
2239-CGBUZ,One year,Bank transfer (automatic),DSL,60.5,4207,0,0.08571241149529456,0
1139-WUOAH,Two year,Credit card (automatic),DSL,53.35,5461,0,0.08570985219613235,0
4751-ERMAN,Two year,Bank transfer (automatic),DSL,75.4,4171,0,0.08569257982685317,0
1023-BQXZE,Two year,Bank transfer (automatic),DSL,74.35,5548,0,0.08566665165454877,0
7572-KPVKK,Two year,Electronic check,Fiber optic,104.05,5900,0,0.08556803659703786,0
5681-LLOEI,One year,Credit card (automatic),Fiber optic,91.25,5884,0,0.08552404431029197,0
5871-DGTXZ,One year,Mailed check,No,19.8,4636,0,0.08550556089524293,0
1187-WILMM,Two year,Credit card (automatic),DSL,89.4,5004,0,0.0854092190284712,0
3891-NLXJB,Two year,Mailed check,DSL,40.55,4050,0,0.08540453620087647,0
3552-CTCYF,Two year,Bank transfer (automatic),Fiber optic,104.8,4046,0,0.0852333243472047,0
6661-EIPZC,Month-to-month,Credit card (automatic),DSL,29.5,3194,0,0.08519666887603908,0
4000-VGMQP,One year,Credit card (automatic),DSL,78.95,2125,0,0.08502547533864373,0
9548-LERKT,Two year,Mailed check,No,19.75,3455,0,0.08499575884791728,0
0129-QMPDR,One year,Bank transfer (automatic),No,20.5,3093,0,0.0847113719762998,0
4713-ZBURT,Two year,Bank transfer (automatic),Fiber optic,99.7,3333,0,0.08428205331372957,0
0489-WMEMG,One year,Electronic check,DSL,49.45,5237,0,0.08421656603788692,0
8200-LGKSR,Two year,Electronic check,DSL,83.2,5350,0,0.08411575087503156,0
4367-NUYAO,Two year,Mailed check,No,25.75,4950,0,0.08409205591377855,0
0248-PGHBZ,Two year,Bank transfer (automatic),Fiber optic,92.45,5857,0,0.08395348911864553,0
3190-FZATL,Month-to-month,Mailed check,No,19.95,5770,0,0.08380918673615821,0
2129-ALKBS,Month-to-month,Electronic check,No,26.2,2211,0,0.08380165264831757,0
4423-JWZJN,One year,Credit card (automatic),Fiber optic,90.25,4799,0,0.08377090514626553,0
1088-CNNKB,One year,Credit card (automatic),DSL,80.0,5540,0,0.08370236632284155,0
9385-NXKDA,Two year,Credit card (automatic),DSL,82.65,4324,0,0.08366420857025915,0
2302-OUZXB,Two year,Bank transfer (automatic),DSL,82.15,4552,0,0.08365912616256557,0
9018-PCIOK,Two year,Mailed check,DSL,64.75,4634,0,0.08355462468288577,0
0455-ENTCR,Two year,Electronic check,DSL,85.25,5012,0,0.08354255489264982,0
6465-GSRCL,One year,Bank transfer (automatic),Fiber optic,106.6,5895,0,0.08353495463970732,0
3865-ZFZIB,Two year,Mailed check,No,19.65,5596,0,0.08353428107772452,0
7010-ZMVBF,Month-to-month,Mailed check,No,20.45,2047,0,0.08344626785138318,0
6872-HXFNF,One year,Bank transfer (automatic),DSL,58.35,5331,0,0.0831303613203654,0
6064-ZATLR,Two year,Bank transfer (automatic),DSL,52.85,2842,0,0.0830625398576809,0
1442-OKRJE,One year,Bank transfer (automatic),Fiber optic,103.15,4663,0,0.08301763674852101,0
6937-GCDGQ,One year,Bank transfer (automatic),DSL,48.95,2394,0,0.0829805351541057,0
5018-LXQQG,Month-to-month,Bank transfer (automatic),DSL,66.3,4631,0,0.082909524681448,0
6131-IUNXN,Month-to-month,Mailed check,No,20.2,3636,0,0.08289636620657992,0
0547-HURJB,Month-to-month,Credit card (automatic),No,21.05,4001,0,0.08282594361778048,0
7622-FWGEW,Two year,Bank transfer (automatic),DSL,85.65,6500,0,0.08279930602841826,0
1038-RQOST,Month-to-month,Mailed check,No,20.6,2276,0,0.08279051807199518,0
4835-YSJMR,Two year,Bank transfer (automatic),DSL,49.8,2202,0,0.0827324068936407,0
6242-FEGFD,Two year,Mailed check,Fiber optic,96.6,4454,0,0.08244279099953815,0
5917-RYRMG,One year,Credit card (automatic),No,19.8,3836,0,0.0824343930154306,0
3249-VHRIP,Two year,Credit card (automatic),DSL,43.6,4507,0,0.08221784045703565,0
3096-WPXBT,One year,Credit card (automatic),Fiber optic,100.7,4804,0,0.08221686754910909,0
7269-JISCY,One year,Bank transfer (automatic),DSL,45.05,4055,0,0.0821565486936903,0
8859-AXJZP,Two year,Mailed check,No,23.8,3970,0,0.0820413850791706,0
6993-YCOBK,Two year,Electronic check,Fiber optic,110.6,5756,0,0.08192718211329636,0
0164-XAIRP,Two year,Bank transfer (automatic),No,19.55,2511,0,0.08189615222412187,0
5260-UMPWX,Month-to-month,Credit card (automatic),No,20.25,5158,0,0.08170993282025077,0
3911-RSNHI,Two year,Credit card (automatic),DSL,61.4,5119,0,0.08157939233408783,0
5918-VUKWP,One year,Bank transfer (automatic),No,20.55,5358,0,0.08148016078608541,0
1121-QSIVB,One year,Mailed check,DSL,77.55,5044,0,0.0814758041315218,0
9715-WZCLW,Two year,Electronic check,Fiber optic,97.2,4603,0,0.08128674400259109,0
4565-EVZMJ,One year,Mailed check,DSL,58.9,5774,0,0.08128599559812356,0
4115-UMJFQ,One year,Bank transfer (automatic),DSL,35.75,4043,0,0.08125774983775813,0
7945-HLKEA,One year,Electronic check,DSL,64.75,6408,0,0.08120565800069611,0
8782-NUUOL,One year,Mailed check,DSL,79.0,4807,0,0.08113865461638853,0
2277-AXSDC,One year,Bank transfer (automatic),No,19.75,4691,0,0.08113572372914471,0
1866-DIOQZ,One year,Bank transfer (automatic),DSL,66.8,4698,0,0.08090596891657566,0
4254-QPEDE,Two year,Credit card (automatic),DSL,66.25,4275,0,0.08079941207812368,0
7401-JIXNM,Two year,Credit card (automatic),DSL,91.3,5907,0,0.08079224666967343,0
5153-LXKDT,Two year,Electronic check,Fiber optic,110.2,4108,0,0.08072518597155247,0
3213-VVOLG,Two year,Mailed check,No,25.35,2299,0,0.08072049935189335,0
2192-CKRLV,Two year,Electronic check,DSL,49.2,4700,0,0.08059666994615981,0
7328-OWMOM,One year,Credit card (automatic),No,20.1,3086,0,0.0805660243703414,0
1064-FBXNK,One year,Credit card (automatic),No,19.85,2618,0,0.08052343553111378,0
2775-SEFEE,Two year,Bank transfer (automatic),DSL,61.9,5188,0,0.08029512856682991,0
3486-KHMLI,Month-to-month,Mailed check,No,24.7,5403,0,0.08027742156208634,0
6242-SGYTS,One year,Credit card (automatic),Fiber optic,94.95,4262,0,0.08026200219837577,0
4827-LTQRJ,One year,Credit card (automatic),Fiber optic,110.6,5418,0,0.08021137060961928,0
4538-WNTMJ,One year,Mailed check,No,24.95,3979,0,0.08018687638931589,0
7432-FFVAR,One year,Bank transfer (automatic),Fiber optic,90.95,5187,0,0.08007420343389388,0
9822-BIIGN,Month-to-month,Electronic check,DSL,71.85,4903,0,0.07982697918631465,0
8512-WIWYV,One year,Credit card (automatic),No,20.35,2433,0,0.07946561935242104,0
8510-BBWMU,One year,Mailed check,No,19.75,5678,0,0.07946413403312766,0
0795-LAFGP,Two year,Electronic check,DSL,90.4,5633,0,0.07940184558080052,0
2333-KWEWW,Two year,Credit card (automatic),No,20.05,2782,0,0.07939409825647357,0
8515-OCTJS,Two year,Credit card (automatic),No,24.75,4931,1,0.07939145249060212,0
9013-AQORL,Month-to-month,Credit card (automatic),DSL,45.55,4106,0,0.07939130831035895,0
9565-FLVCG,Two year,Mailed check,DSL,69.55,5420,0,0.07934484777863289,0
5893-PYOLZ,Two year,Credit card (automatic),DSL,81.8,4399,0,0.07900466180022368,0
7136-IHZJA,Month-to-month,Mailed check,DSL,71.35,5807,0,0.07895943200435644,0
2495-TTHBQ,One year,Mailed check,No,20.4,5602,0,0.0789253159042187,0
1535-VTJOQ,Two year,Credit card (automatic),No,25.15,3904,0,0.07874797643073976,0
2612-PHGOX,Two year,Bank transfer (automatic),DSL,76.1,4222,0,0.07858575284691316,0
2164-SOQXL,Month-to-month,Mailed check,No,20.05,2698,0,0.07851877170554115,0
8610-ZIKJJ,One year,Mailed check,No,20.3,2843,0,0.07846001999699523,0
0519-DRGTI,Month-to-month,Mailed check,No,20.35,2522,0,0.07842615617525095,0
6048-NJXHX,Two year,Electronic check,No,19.75,2011,0,0.07839826491330067,0
8717-VCTXJ,One year,Mailed check,No,19.55,5293,0,0.07804559508097425,0
8707-HOEDG,Two year,Electronic check,Fiber optic,110.2,4098,0,0.07803631396270636,0
6195-MELTI,One year,Mailed check,DSL,54.65,4223,0,0.0780252132452207,0
4872-VXRIL,One year,Bank transfer (automatic),DSL,64.65,4656,0,0.07769734744975836,0
8681-ICONS,Month-to-month,Mailed check,No,20.65,4667,0,0.0776841628683103,0
6223-DHJGV,One year,Mailed check,No,20.65,5956,0,0.07746560404359938,0
2990-OGYTD,Two year,Bank transfer (automatic),DSL,86.15,5037,0,0.07732754834857423,0
5702-KVQRD,Two year,Electronic check,DSL,82.55,4668,0,0.07732328062044867,0
4702-HDRKD,One year,Bank transfer (automatic),DSL,49.35,5905,0,0.07727831168677508,0
0967-BMLBD,One year,Mailed check,No,20.0,5837,0,0.07713834951075053,0
3648-GZPHF,One year,Mailed check,DSL,36.25,2609,0,0.07713282921891856,0
5451-MHQOF,One year,Mailed check,No,24.45,5623,0,0.07712508438161636,0
5148-HKFIR,Two year,Mailed check,No,19.7,4404,0,0.07702108559408859,0
8100-PNJMH,Two year,Credit card (automatic),DSL,88.85,5228,0,0.07694040999810675,0
7138-GIRSH,Two year,Bank transfer (automatic),DSL,69.5,4145,0,0.07686629192078026,0
9805-FILKB,One year,Bank transfer (automatic),No,20.2,2325,0,0.07652201869154307,0
4560-WQAQW,One year,Bank transfer (automatic),DSL,68.7,4244,0,0.0762201182353866,0
7758-UJWYS,Two year,Electronic check,DSL,40.55,3897,0,0.075957773988545,0
5056-FIMPT,One year,Credit card (automatic),Fiber optic,106.0,3528,0,0.07593409765918006,0
6586-MYGKD,Two year,Credit card (automatic),DSL,76.95,6280,0,0.07591485634278208,0
3721-WKIIL,Two year,Mailed check,No,19.6,2896,0,0.0759028850970193,0
3530-VWVGU,Month-to-month,Mailed check,No,19.9,5657,0,0.07586581096514348,0
6339-RZCBJ,Two year,Credit card (automatic),DSL,78.9,4063,0,0.07575410004471284,0
9670-BPNXF,One year,Credit card (automatic),DSL,62.55,2935,0,0.07563329423962462,0
6258-PVZWJ,Two year,Credit card (automatic),DSL,90.8,4265,0,0.07559183648849326,0
4703-MQYKT,Two year,Mailed check,No,19.6,4562,0,0.07552727783138626,0
6506-EYCNH,Month-to-month,Bank transfer (automatic),No,19.55,3948,0,0.07545844578103506,0
5248-KWLAR,Two year,Electronic check,DSL,90.35,6483,0,0.07544232609098137,0
1096-ADRUX,One year,Bank transfer (automatic),Fiber optic,74.25,4395,0,0.07542719509497323,0
7596-IIWYC,Two year,Bank transfer (automatic),No,20.25,5250,0,0.0753623878836719,0
1568-LJSZU,Two year,Credit card (automatic),DSL,92.2,4451,0,0.07535720047025354,0
6810-VCAEX,One year,Credit card (automatic),DSL,39.65,4670,0,0.07533317448106973,0
6681-ZSEXG,Two year,Credit card (automatic),DSL,59.5,5477,0,0.07517875771964576,0
2521-NPUZR,Two year,Credit card (automatic),Fiber optic,101.0,5025,0,0.07514398852160263,0
8745-PVESG,One year,Credit card (automatic),DSL,41.1,5281,0,0.07505529415005388,0
8869-TORSS,One year,Credit card (automatic),DSL,60.35,2681,1,0.07504873330813279,0
7816-VGHTO,Two year,Mailed check,DSL,40.55,2866,0,0.07491790008592354,0
8958-JPTRR,One year,Electronic check,No,24.3,5052,0,0.07491357658462704,0
1293-HHSHJ,One year,Mailed check,No,21.1,5707,0,0.07474875258514739,0
9675-ICXCT,Two year,Electronic check,DSL,80.8,4689,0,0.07468952698233858,0
1301-LOPVR,One year,Credit card (automatic),DSL,55.35,5138,0,0.07467168809746604,0
7182-OVLBJ,Two year,Bank transfer (automatic),Fiber optic,101.15,5735,0,0.07457301747060135,0
5808-TOTXO,One year,Credit card (automatic),No,20.55,2774,0,0.0744474460064544,0
7641-TQFHN,Two year,Mailed check,Fiber optic,100.55,3124,0,0.07420971928888581,0
7579-KKLOE,Two year,Mailed check,DSL,91.25,5529,0,0.07418157542703945,0
4039-PIMHX,Two year,Mailed check,DSL,49.8,4306,0,0.07415560706493378,0
5924-SNGKP,One year,Credit card (automatic),No,20.25,3972,0,0.07393960554503766,0
7552-KEYGT,Two year,Bank transfer (automatic),No,19.55,4430,0,0.07393115372193915,0
8398-TBIYD,Two year,Bank transfer (automatic),Fiber optic,84.7,4520,0,0.0736671337395031,0
6963-EZQEE,Two year,Credit card (automatic),DSL,88.55,4097,0,0.07353710821584454,0
8672-OAUPW,One year,Credit card (automatic),DSL,47.85,4138,0,0.07339606243736396,0
2863-IMQDR,Two year,Electronic check,DSL,89.65,6149,0,0.07338793357502314,0
1431-CYWMH,Month-to-month,Bank transfer (automatic),No,19.05,4312,0,0.07338182905325559,0
0565-IYCGT,One year,Credit card (automatic),DSL,78.6,6230,1,0.07330509110342516,0
3898-BSJYF,One year,Credit card (automatic),DSL,73.55,4434,0,0.07308931047203504,0
1247-QBVSH,Month-to-month,Mailed check,DSL,50.2,5284,0,0.07298887413351646,0
3401-URHDA,One year,Credit card (automatic),DSL,59.9,5233,0,0.0728379949695861,0
2890-WFBHU,One year,Credit card (automatic),DSL,79.85,6041,0,0.07275441477676668,0
9509-MPYOD,One year,Mailed check,No,20.75,4261,0,0.07266640688759526,0
8331-ZXFOE,One year,Credit card (automatic),DSL,71.1,5395,0,0.07254935249804666,0
8098-TDCBU,Two year,Electronic check,No,25.25,3052,0,0.07250628187463815,0
2225-ZRGSG,Two year,Bank transfer (automatic),Fiber optic,93.9,6173,1,0.07249563728281236,0
2408-PSJVE,Month-to-month,Mailed check,DSL,61.9,4388,0,0.07247766294445716,0
7503-MIOGA,Two year,Bank transfer (automatic),DSL,89.85,5881,0,0.0723116753892836,0
4615-PIVVU,Two year,Credit card (automatic),DSL,66.5,4668,0,0.07216964459589315,0
5816-JMLGY,Two year,Bank transfer (automatic),DSL,80.4,6367,0,0.07215159703334337,0
6248-TKCQV,Two year,Bank transfer (automatic),DSL,80.6,5880,0,0.07214180596797629,0
5269-NRGDP,One year,Electronic check,DSL,73.15,2531,0,0.07206556954412525,0
8932-CZHRQ,One year,Credit card (automatic),DSL,76.75,5395,0,0.07196283809758418,0
2400-XIWIO,Two year,Electronic check,DSL,90.1,5054,0,0.07187550176833056,0
2000-DHJUY,Two year,Bank transfer (automatic),DSL,92.2,5264,0,0.07186586657031817,0
0123-CRBRT,Two year,Mailed check,DSL,88.1,5152,0,0.07184882737960632,0
3957-SQXML,Two year,Credit card (automatic),No,24.95,5408,0,0.07178387818018946,0
5446-DKWYW,One year,Electronic check,DSL,65.2,6238,0,0.07170696730918481,0
0788-DXBFY,One year,Electronic check,No,19.55,4801,0,0.07168424138572432,0
4385-ZKVNW,Month-to-month,Bank transfer (automatic),DSL,54.9,4412,0,0.07142419526677618,0
7131-ZQZNK,Two year,Credit card (automatic),DSL,59.85,5790,0,0.07140975655467265,0
8174-TBVCF,Two year,Credit card (automatic),DSL,94.8,5072,0,0.0712904162578604,0
3638-WEABW,Two year,Credit card (automatic),DSL,59.9,6407,0,0.0712868526730937,0
7021-XSNYE,Two year,Credit card (automatic),DSL,49.65,2750,0,0.07122650965705357,0
9253-VIFJQ,One year,Credit card (automatic),DSL,67.05,5224,0,0.07117408905397794,0
8884-FEEWR,One year,Bank transfer (automatic),No,20.6,2858,0,0.07103738828272946,0
9170-GYZJC,Month-to-month,Credit card (automatic),DSL,79.9,4734,1,0.07087177653500594,0
2292-XQWSV,One year,Mailed check,DSL,60.3,3724,0,0.07067869385757174,0
8144-DGHXP,Two year,Electronic check,DSL,80.6,4231,0,0.07064517964834909,0
6120-RJKLU,Two year,Credit card (automatic),DSL,79.95,6488,0,0.07059070734015478,0
2812-REYAT,One year,Bank transfer (automatic),No,20.05,5579,0,0.07052966810815042,0
7105-BENQF,One year,Mailed check,DSL,64.85,4442,0,0.0704703379468853,0
3908-MKIMJ,Two year,Electronic check,DSL,41.95,5607,0,0.07032080381525396,0
3146-MSEGF,Two year,Credit card (automatic),DSL,88.05,6102,0,0.07029121885704828,0
4526-RMTLL,Two year,Credit card (automatic),DSL,76.15,4457,0,0.07027772541476887,0
2226-ICFDO,Two year,Credit card (automatic),DSL,85.9,6361,0,0.07027470413527356,0
8661-BOYNW,Two year,Credit card (automatic),DSL,84.4,5046,0,0.07022195746389329,0
2877-VDUER,One year,Mailed check,DSL,40.9,5691,0,0.07020824134362852,0
0895-LNKRC,One year,Mailed check,No,19.45,3461,0,0.07003835686901372,0
9778-OGKQZ,Two year,Credit card (automatic),DSL,92.0,5883,0,0.0700306491146301,0
9073-ZZIAY,Two year,Electronic check,DSL,86.1,5769,0,0.06998335052257418,0
3324-OIRTO,One year,Bank transfer (automatic),Fiber optic,104.65,6101,0,0.06982056629803152,0
5578-NKCXI,One year,Credit card (automatic),Fiber optic,99.25,4098,0,0.06977692838432016,0
5393-HJZSM,Month-to-month,Bank transfer (automatic),DSL,76.3,5324,0,0.06976992986403763,0
9695-IDRZR,Two year,Credit card (automatic),Fiber optic,116.15,5104,0,0.06952695498170187,0
9308-ANMVE,Month-to-month,Electronic check,DSL,55.3,5491,0,0.06930041690276177,0
5980-BDHPY,Two year,Bank transfer (automatic),DSL,87.1,5993,0,0.0691763508831285,0
2830-LEWOA,One year,Credit card (automatic),Fiber optic,103.9,4079,0,0.06917177285546698,0
8125-QPFJD,Two year,Bank transfer (automatic),DSL,84.9,4447,0,0.06911089109003303,0
8184-WMOFI,One year,Credit card (automatic),DSL,71.4,5327,0,0.06896199411386816,0
1114-CENIM,Month-to-month,Credit card (automatic),DSL,55.0,5282,1,0.06889907667489163,0
9871-ELEYA,Two year,Credit card (automatic),DSL,67.65,4263,0,0.06886004658555926,0
7609-YBPXG,Two year,Bank transfer (automatic),DSL,87.1,5418,0,0.06883993641333289,0
8766-PAFNE,Two year,Credit card (automatic),DSL,79.1,5872,0,0.06879279431440487,0
6265-SXWBU,One year,Credit card (automatic),Fiber optic,95.75,5561,0,0.068792084484212,0
9339-FIIJL,Two year,Bank transfer (automatic),DSL,85.95,6450,0,0.06867990007943116,0
7762-ONLJY,One year,Mailed check,No,19.7,4122,0,0.06864548294101747,0
5313-FPXWG,One year,Bank transfer (automatic),No,24.6,4886,0,0.06864298255527405,0
0617-AQNWT,Two year,Electronic check,DSL,47.85,6347,1,0.06859257185861466,0
9477-LGWQI,Two year,Credit card (automatic),DSL,80.15,5715,0,0.06843941384902648,0
5003-XZWWO,Two year,Credit card (automatic),DSL,84.2,4753,0,0.06840472622139179,0
4826-DXMUP,One year,Mailed check,DSL,72.1,5510,0,0.06835038529204228,0
0661-KQHNK,One year,Credit card (automatic),No,19.0,5518,0,0.06834817460393249,0
1150-FTQGN,One year,Bank transfer (automatic),Fiber optic,94.15,6399,0,0.06822793905687305,0
4568-KNYWR,Two year,Credit card (automatic),DSL,63.25,6471,0,0.06820063221987768,0
2581-VKIRT,One year,Mailed check,DSL,65.5,5631,0,0.06811589544562707,0
6203-HBZPA,Two year,Credit card (automatic),DSL,63.9,5380,0,0.06801411290383598,0
3649-JPUGY,Two year,Bank transfer (automatic),DSL,88.6,5842,0,0.06797370184996929,0
0993-OSGPT,One year,Bank transfer (automatic),DSL,60.65,6418,0,0.06794262015399599,0
3796-ENZGF,Two year,Mailed check,DSL,67.25,6438,0,0.0679352277686498,0
8469-SNFFH,One year,Bank transfer (automatic),DSL,79.4,5991,0,0.0679074108195331,0
3486-NPGST,One year,Mailed check,No,19.55,2691,0,0.0678440526073791,0
8181-YHCMF,Two year,Credit card (automatic),DSL,60.3,4864,0,0.06777445175117548,0
8565-WUXZU,Two year,Credit card (automatic),Fiber optic,84.8,4240,0,0.06772053967487668,0
8390-FESFV,Two year,Bank transfer (automatic),DSL,84.5,5466,0,0.06764914737447411,0
1832-PEUTS,Two year,Credit card (automatic),Fiber optic,89.1,5995,0,0.06760353688391357,0
5997-OPVFA,Two year,Bank transfer (automatic),DSL,89.05,6212,0,0.06745763756285948,0
3398-GCPMU,Two year,Credit card (automatic),DSL,89.55,4993,0,0.06741199403157126,0
4890-VMUAV,One year,Electronic check,DSL,71.5,5342,0,0.06737871009497967,0
6701-YVNQG,Two year,Credit card (automatic),DSL,88.7,5764,0,0.0672816349279077,0
3372-CDXFJ,One year,Bank transfer (automatic),No,24.5,5077,0,0.06723904531020539,0
5676-CFLYY,Two year,Credit card (automatic),DSL,73.35,5124,0,0.06721049851796039,0
5062-CJJKH,One year,Mailed check,DSL,53.65,5854,0,0.06713653556043142,0
7508-KBIMB,One year,Credit card (automatic),DSL,56.25,3607,0,0.06713034298153735,0
0378-XSZPU,One year,Credit card (automatic),DSL,60.3,4026,1,0.0671187315188618,0
0980-FEXWF,One year,Mailed check,DSL,50.35,3386,0,0.06707972154394456,0
8327-WKMIE,One year,Credit card (automatic),No,20.15,4422,0,0.06707404852390224,0
1084-MNSMJ,Two year,Credit card (automatic),DSL,85.5,6261,0,0.06706639889665145,0
9479-HYNYL,Two year,Credit card (automatic),DSL,80.7,5617,0,0.06683966030160021,0
5514-YQENT,Two year,Electronic check,Fiber optic,111.15,5038,0,0.06679139476787659,0
4451-RWASJ,One year,Mailed check,No,19.5,5471,0,0.06669837468850537,0
5248-YGIJN,Two year,Credit card (automatic),DSL,90.25,5974,0,0.06662930558077619,0
1729-VLAZJ,One year,Mailed check,DSL,40.25,2876,0,0.06648737628718729,0
4774-HHGGS,Two year,Mailed check,No,19.05,2347,0,0.06642448922759697,0
4129-LYCOI,Two year,Electronic check,Fiber optic,104.0,4741,0,0.06642278877251327,0
9447-YPTBX,One year,Bank transfer (automatic),No,19.85,4358,0,0.06641918974715207,0
7190-XHTWJ,One year,Mailed check,No,19.3,4705,0,0.06634268677056403,0
0436-TWFFZ,Two year,Mailed check,DSL,85.25,6322,0,0.06634127598709362,0
1971-DTCZB,Two year,Bank transfer (automatic),DSL,90.95,6091,0,0.0663269589371849,0
0960-HUWBM,Two year,Bank transfer (automatic),Fiber optic,104.1,4024,0,0.06632574175598087,0
9548-LIGTA,Two year,Mailed check,DSL,81.05,4072,0,0.06621331210914909,0
2171-UDMFD,Month-to-month,Credit card (automatic),No,19.45,4363,0,0.06620317409357347,0
1227-UDMZR,Two year,Bank transfer (automatic),DSL,91.15,4311,0,0.06616486558042756,0
3654-ARMGP,Two year,Credit card (automatic),DSL,88.65,4730,0,0.06596723543372804,0
4072-IPYLT,Month-to-month,Credit card (automatic),DSL,51.05,2161,0,0.06596723195658709,0
0661-KBKPA,One year,Mailed check,DSL,78.75,5052,0,0.06570420711841377,0
3423-HHXAO,One year,Mailed check,No,19.5,2993,0,0.0655157291810328,0
2274-XUATA,Two year,Bank transfer (automatic),DSL,63.1,4933,0,0.06550763540466348,0
8197-BFWVU,Two year,Bank transfer (automatic),DSL,93.25,5197,0,0.06548747370927988,0
9677-AVKED,One year,Electronic check,DSL,84.6,4733,0,0.0654702214895887,0
1951-IEYXM,Two year,Credit card (automatic),DSL,90.6,4528,0,0.06542534572994284,0
1395-WSWXR,Two year,Mailed check,No,20.75,4117,0,0.06538565187574093,0
8060-HIWJJ,Two year,Credit card (automatic),DSL,86.55,4934,0,0.06535786199266502,0
0214-JHPFW,Two year,Bank transfer (automatic),DSL,57.8,5640,0,0.06534187791961826,0
1122-YJBCS,One year,Credit card (automatic),DSL,53.65,6092,0,0.0653291849353312,0
4121-AGSIN,One year,Credit card (automatic),No,24.5,4455,0,0.06524377100826144,0
8169-SAEJD,Two year,Credit card (automatic),DSL,56.55,4162,0,0.06521699559656208,0
9391-LMANN,One year,Electronic check,Fiber optic,95.95,4523,0,0.0651836734461358,0
9715-SBVSU,Two year,Bank transfer (automatic),DSL,61.4,3186,0,0.06515825278459965,0
6967-PEJLL,One year,Electronic check,DSL,40.2,2308,0,0.06514025746210932,0
9470-YFUYI,One year,Bank transfer (automatic),DSL,71.0,5247,0,0.06501241034909376,0
8345-MVDYC,Two year,Bank transfer (automatic),DSL,81.65,5937,0,0.06499887217721614,0
3108-PCCGG,Two year,Credit card (automatic),DSL,84.45,5856,0,0.06499116202532512,0
0909-SELIE,Two year,Bank transfer (automatic),DSL,80.8,4302,0,0.0648398361912851,0
7508-DQAKK,Two year,Credit card (automatic),DSL,86.4,6474,0,0.06463995555169594,0
2330-PQGDQ,One year,Bank transfer (automatic),Fiber optic,84.2,4952,0,0.06456819616293176,0
5458-CQJTA,Two year,Bank transfer (automatic),DSL,74.8,5207,1,0.06456552592965989,0
0902-RFHOF,One year,Mailed check,No,20.1,2907,0,0.06451561736402528,0
2520-SGTTA,Two year,Mailed check,No,20.0,3763,0,0.06442059504739753,0
0020-JDNXP,One year,Mailed check,DSL,61.25,3607,0,0.06439847192195719,0
9150-HEPMB,One year,Mailed check,DSL,52.7,4753,0,0.0643887742948519,0
8218-FFJDS,Two year,Bank transfer (automatic),DSL,86.4,6114,0,0.06436465824028359,0
5380-XPJNZ,One year,Mailed check,No,20.05,4539,0,0.06428084383445458,0
1004-NOZNR,One year,Credit card (automatic),Fiber optic,94.8,5693,0,0.06423912051031853,0
8204-YJCLA,Two year,Bank transfer (automatic),DSL,64.8,4886,0,0.06412777796623825,0
7644-OMVMY,Two year,Mailed check,No,19.85,2019,0,0.06408242306477988,0
3161-ONRWK,One year,Bank transfer (automatic),DSL,65.85,4053,0,0.0639584022338908,0
1755-FZQEC,One year,Mailed check,No,19.9,4041,0,0.06394801386891971,0
2192-OZITF,Two year,Mailed check,DSL,73.55,2280,0,0.0637662277887195,0
4616-ULAOA,Two year,Credit card (automatic),Fiber optic,110.8,6332,0,0.06333801110309378,0
5456-ITGIC,Two year,Credit card (automatic),DSL,64.45,5295,0,0.06320433713311067,0
6121-TNHBO,One year,Bank transfer (automatic),DSL,83.0,5428,0,0.06319971378187247,0
6616-AALSR,Two year,Credit card (automatic),Fiber optic,104.3,4997,0,0.06302965988485852,0
2845-KDHVX,Two year,Mailed check,DSL,68.3,5425,0,0.06301721199701787,0
8741-LQOBK,Month-to-month,Bank transfer (automatic),DSL,35.05,4829,0,0.06284229605044105,0
0114-IGABW,Two year,Bank transfer (automatic),DSL,58.25,5224,0,0.06280262327582166,0
2887-JPYLU,Month-to-month,Bank transfer (automatic),DSL,45.2,4418,0,0.06271726293424575,0
3441-CGZJH,One year,Credit card (automatic),DSL,60.4,2725,0,0.0626807567965055,0
3022-BEXHZ,Two year,Bank transfer (automatic),Fiber optic,111.2,6060,0,0.06259459608498776,0
9489-DEDVP,Two year,Credit card (automatic),DSL,69.2,4715,0,0.06250199352949662,0
0230-UBYPQ,One year,Bank transfer (automatic),DSL,36.1,5089,0,0.062382422595580515,0
6023-GSSXW,Two year,Credit card (automatic),DSL,61.45,4162,0,0.06232974421197982,0
3612-YUNGG,Two year,Credit card (automatic),Fiber optic,109.2,5543,0,0.06222893333561363,0
5442-BXVND,Month-to-month,Bank transfer (automatic),No,24.25,5531,0,0.06213117635884729,0
9362-MWODR,Month-to-month,Credit card (automatic),DSL,64.1,5056,0,0.06198489548003254,0
3315-IKYZQ,One year,Mailed check,DSL,50.8,3240,0,0.0619488805091883,0
4676-WLUHT,Two year,Bank transfer (automatic),DSL,46.2,6143,0,0.06191958709469477,0
9242-TKFSV,Two year,Credit card (automatic),DSL,65.1,4969,0,0.06191249923610537,0
1452-XRSJV,Month-to-month,Credit card (automatic),DSL,51.05,3154,0,0.061642735641072914,0
5317-FLPJF,Two year,Bank transfer (automatic),DSL,61.35,4824,0,0.06156224263509929,0
6701-DHKWQ,Two year,Credit card (automatic),DSL,51.35,4159,0,0.0612322564105537,0
2753-JMMCV,Two year,Credit card (automatic),DSL,74.2,4774,0,0.060991351758417196,0
9402-ROUMJ,One year,Bank transfer (automatic),Fiber optic,100.25,5588,0,0.06093820015823468,0
6434-TTGJP,Two year,Credit card (automatic),DSL,53.7,5671,0,0.06093556289536706,0
6504-VBLFL,Two year,Electronic check,DSL,58.6,6231,0,0.060878817963253284,0
1265-ZFOSD,Two year,Mailed check,DSL,81.3,5254,0,0.06084935727439574,0
7781-HVGMK,Two year,Credit card (automatic),DSL,65.2,5092,0,0.06082627055787946,0
7284-ZZLOH,Two year,Credit card (automatic),DSL,53.3,2929,0,0.060803635180473145,0
5275-PMFUT,Two year,Credit card (automatic),DSL,64.8,4036,0,0.06075648036601135,0
2977-CEBSX,Two year,Credit card (automatic),DSL,90.05,5813,0,0.060729578638655905,0
9359-UGBTK,One year,Bank transfer (automatic),DSL,72.35,4910,0,0.06070776839187912,0
0301-KOBTQ,Two year,Bank transfer (automatic),No,20.05,3398,0,0.06065118586062301,0
7054-DMVAS,Two year,Bank transfer (automatic),DSL,65.3,4556,0,0.06061672793650059,0
5986-WWXDV,One year,Bank transfer (automatic),No,19.35,2607,0,0.0606001251320932,0
5125-CNDSP,One year,Bank transfer (automatic),DSL,40.6,6406,0,0.0604531973974722,0
2724-FJDYW,One year,Bank transfer (automatic),DSL,54.85,3884,0,0.06043612191640391,0
4537-CIBHB,One year,Mailed check,No,20.25,4272,0,0.060434112079133996,0
9674-EHPPG,Two year,Credit card (automatic),DSL,40.4,2519,0,0.0603066249171614,0
0266-CLZKZ,Two year,Bank transfer (automatic),Fiber optic,105.65,6383,0,0.06030160208098775,0
0383-CLDDA,Two year,Credit card (automatic),DSL,85.35,6499,0,0.06019180757067137,0
3724-BSCVH,One year,Mailed check,No,20.45,4613,0,0.06016436288398297,0
9066-QRSDU,One year,Electronic check,No,26.3,5418,0,0.06016341961239975,0
1972-XMUWV,Two year,Credit card (automatic),DSL,59.8,6034,0,0.0601493804528618,0
5857-XRECV,One year,Bank transfer (automatic),No,20.5,4486,0,0.06013685915115621,0
4334-HOWRP,Two year,Credit card (automatic),DSL,64.95,4049,0,0.06007519599081876,0
6685-GBWJZ,One year,Credit card (automatic),DSL,70.8,5114,0,0.05987848104135372,0
7925-PNRGI,Month-to-month,Mailed check,DSL,81.3,3111,0,0.05987365191445795,0
9803-FTJCG,One year,Credit card (automatic),DSL,66.85,4117,0,0.05985530575307582,0
6974-DAFLI,One year,Electronic check,No,19.7,4888,0,0.059842470251470714,0
3363-DTIVD,Two year,Electronic check,Fiber optic,105.55,5010,0,0.05976545524524802,0
7975-JMZNT,Two year,Bank transfer (automatic),DSL,91.7,5453,0,0.05971980074016318,0
4597-ELFTS,One year,Electronic check,No,24.9,5327,1,0.05970598069525351,0
5642-MHDQT,One year,Bank transfer (automatic),No,19.85,4836,0,0.059605594967367746,0
4526-EXKKN,Two year,Mailed check,No,24.6,2601,0,0.059025552740379364,0
3079-BCHLN,One year,Bank transfer (automatic),No,19.9,5394,0,0.05892311652963732,0
2805-AUFQN,Two year,Credit card (automatic),No,19.8,3875,0,0.05890142215024267,0
0221-NAUXK,One year,Bank transfer (automatic),No,19.95,3044,0,0.058849990763057004,0
4381-MHQDC,Two year,Mailed check,DSL,65.0,3286,0,0.05884355390657481,0
3489-VSFRD,One year,Credit card (automatic),DSL,60.25,4835,0,0.058806879436276736,0
4825-FUREZ,Two year,Electronic check,No,20.25,5940,0,0.05857983731919714,0
6682-QJDGB,Month-to-month,Mailed check,DSL,55.25,2810,1,0.05857939812071148,0
5130-YPIRV,Two year,Credit card (automatic),DSL,72.0,6489,0,0.05847481136911025,0
2056-EVGZL,One year,Credit card (automatic),Fiber optic,105.75,4437,0,0.05840089081454958,0
5485-ITNPC,Two year,Bank transfer (automatic),DSL,85.9,5137,0,0.05817200181456839,0
7025-WCBNE,Two year,Bank transfer (automatic),DSL,59.6,3155,0,0.05812979379514477,0
7633-MVPUY,Two year,Electronic check,DSL,59.75,4012,0,0.0580392480547258,0
6427-FEFIG,Two year,Credit card (automatic),DSL,78.6,2939,0,0.057923259719679474,0
0323-XWWTN,Two year,Mailed check,No,26.4,4315,0,0.05783897011508899,0
4884-LEVMQ,Two year,Bank transfer (automatic),No,20.45,2165,0,0.0575913112820893,0
9711-FJTBX,One year,Mailed check,Fiber optic,85.85,5058,0,0.0573443663249182,0
3557-HTYWR,Two year,Mailed check,DSL,74.05,2831,0,0.05732985086586517,0
5975-BAICR,One year,Credit card (automatic),DSL,63.7,2504,0,0.05728330345700842,0
4057-FKCZK,Two year,Bank transfer (automatic),Fiber optic,82.5,4348,0,0.05723708842994367,0
5372-FBKBN,Month-to-month,Mailed check,No,20.75,2143,0,0.057112985674801504,0
9135-MGVPY,Two year,Mailed check,DSL,84.7,5345,0,0.05700435350139506,0
2324-AALNO,One year,Bank transfer (automatic),No,24.55,5517,0,0.05697396757276494,0
8015-IHCGW,Two year,Electronic check,Fiber optic,115.5,4017,0,0.056938880969628146,0
3638-VBZTA,Two year,Bank transfer (automatic),DSL,86.5,4280,0,0.05673258991501977,0
0839-JTCUD,Two year,Credit card (automatic),DSL,89.9,4082,0,0.05672379917202439,0
1163-VIPRI,Two year,Electronic check,Fiber optic,109.3,6087,0,0.05666809273601357,0
9127-FHJBZ,Two year,Electronic check,Fiber optic,114.0,4558,0,0.056604516393698526,0
9705-ZJBCG,One year,Bank transfer (automatic),DSL,54.15,4977,0,0.056531499627357824,0
4654-ULTTN,Two year,Credit card (automatic),DSL,74.8,6447,0,0.05650987449654178,0
4999-IEZLT,One year,Credit card (automatic),DSL,29.45,5112,0,0.05636478506610997,0
2346-CZYIL,Two year,Credit card (automatic),No,20.35,4962,0,0.056293923699920416,0
1036-GUDCL,Month-to-month,Credit card (automatic),DSL,79.05,5275,0,0.05626322209810447,0
8404-VIOMB,Two year,Bank transfer (automatic),DSL,62.5,4165,0,0.05625659879155525,0
0784-GTUUK,One year,Credit card (automatic),No,23.75,4811,0,0.05624725923147833,0
0862-PRCBS,Two year,Credit card (automatic),Fiber optic,103.75,4121,0,0.05597829584100621,0
9140-CZQZZ,Two year,Bank transfer (automatic),DSL,79.6,5601,0,0.05585406160405221,0
5982-PSMKW,Two year,Credit card (automatic),DSL,91.1,5991,0,0.05581405512419679,0
0771-CHWSK,Two year,Credit card (automatic),DSL,74.6,4838,0,0.05576939417873933,0
9068-VPWQQ,Two year,Credit card (automatic),DSL,75.35,6466,0,0.055608223404769924,0
7815-PDTHL,Two year,Mailed check,No,20.2,3481,0,0.055470625407938574,0
1402-PTHGN,One year,Mailed check,DSL,61.5,3479,0,0.055430236430710704,0
8591-TKMZH,Two year,Mailed check,Fiber optic,111.1,4952,0,0.05536722637542372,0
4893-GYUJU,One year,Mailed check,No,19.35,5247,0,0.055265323824672134,0
4188-PCPIG,Two year,Credit card (automatic),DSL,70.35,5779,0,0.05509435851884559,0
5494-WOZRZ,Two year,Credit card (automatic),DSL,82.0,5770,0,0.055072607253794474,0
8050-DVOJX,Two year,Credit card (automatic),DSL,81.35,4537,0,0.05502789262231983,0
1371-OJCEK,One year,Bank transfer (automatic),No,24.35,4200,0,0.05501279549927172,0
8690-UPCZI,One year,Bank transfer (automatic),DSL,69.05,4459,0,0.0549948069101646,0
5387-ASZNZ,One year,Credit card (automatic),DSL,63.85,4657,0,0.054979228779519176,0
4163-HFTUK,One year,Electronic check,No,19.1,4120,0,0.0549269346856839,0
6752-APNJL,Month-to-month,Mailed check,DSL,54.5,3449,0,0.054545511507552984,0
9313-CDOGY,Month-to-month,Electronic check,No,19.6,3854,0,0.05444522744751182,0
0827-ITJPH,Two year,Credit card (automatic),No,18.55,5703,0,0.05440596380529293,0
4018-KJYUY,Month-to-month,Credit card (automatic),No,20.15,2722,0,0.05438731538041201,0
4213-HKBJO,Two year,Credit card (automatic),No,25.7,3378,0,0.05425867808123779,0
3740-RLMVT,One year,Bank transfer (automatic),DSL,60.95,5792,0,0.05421834248566268,0
3500-NSDOA,Two year,Credit card (automatic),DSL,70.8,5540,0,0.05419417835798843,0
6586-PSJOX,One year,Credit card (automatic),DSL,55.2,3608,0,0.054188009433185524,0
1686-STUHN,One year,Bank transfer (automatic),No,19.8,3575,0,0.054129978558333174,0
3813-DHBBB,Two year,Bank transfer (automatic),DSL,50.95,6395,0,0.05412147051205714,0
1568-BEKZM,Two year,Credit card (automatic),DSL,90.05,4666,0,0.05400555474489255,0
5917-HBSDW,Month-to-month,Electronic check,No,19.35,2360,0,0.05397487895776849,0
0401-WDBXM,Two year,Bank transfer (automatic),Fiber optic,105.55,4331,0,0.05394835400011199,0
0420-TXVSG,Two year,Credit card (automatic),DSL,66.1,5933,0,0.053860487229631895,0
9102-OXKFY,Two year,Credit card (automatic),DSL,54.15,4293,0,0.053860070409826884,0
2430-RRYUW,One year,Mailed check,DSL,54.8,4621,0,0.05370611726408838,0
2868-LLSKM,One year,Bank transfer (automatic),Fiber optic,83.65,5958,0,0.053698356166808174,0
0230-WEQUW,Two year,Bank transfer (automatic),DSL,56.6,5500,0,0.053654256113920294,0
2332-TODQS,One year,Credit card (automatic),No,25.05,3642,0,0.053644727850696454,0
4323-ELYYB,One year,Mailed check,No,20.0,5651,0,0.05363969795706737,0
3521-HTQTV,Two year,Bank transfer (automatic),No,26.1,2026,0,0.053585799412991,0
7839-NUIAA,Month-to-month,Electronic check,DSL,59.8,5381,0,0.05358109204481326,0
1837-YQUCE,Two year,Bank transfer (automatic),DSL,58.35,4093,0,0.05356263486321601,0
2987-BJXIK,Two year,Mailed check,DSL,84.7,4180,0,0.05355465152675845,0
6953-PBDIN,Two year,Bank transfer (automatic),DSL,72.95,6466,0,0.053518715686964084,0
7971-HLVXI,Two year,Credit card (automatic),Fiber optic,84.5,6202,0,0.05345028492998437,0
8039-EQPIM,Two year,Bank transfer (automatic),DSL,60.25,5717,0,0.05341224660577053,0
6094-ZIVKX,One year,Credit card (automatic),DSL,54.45,6309,0,0.05337894020579208,0
1015-JPFYW,One year,Mailed check,No,19.45,5084,0,0.05333448595485838,0
5171-EPLKN,Two year,Credit card (automatic),No,19.85,2176,0,0.05326525601709983,0
2996-XAUVF,Two year,Mailed check,DSL,40.05,5055,0,0.0532381664735495,0
0379-DJQHR,Two year,Credit card (automatic),DSL,81.35,4219,0,0.05321689401780196,0
0674-GCDXG,Two year,Bank transfer (automatic),DSL,71.9,5816,0,0.053137024009162113,0
5214-NLTIT,Two year,Credit card (automatic),Fiber optic,90.8,6188,0,0.05311914015481152,0
4549-ZDQYY,One year,Credit card (automatic),DSL,57.95,6078,0,0.05309190801043341,0
3580-HYCSP,Two year,Bank transfer (automatic),Fiber optic,110.3,5780,0,0.05298430973749681,0
6152-ONASV,One year,Bank transfer (automatic),DSL,58.25,4620,0,0.05279594684784346,0
6814-ZPWFQ,One year,Bank transfer (automatic),No,25.0,5896,0,0.052780129162949066,0
8626-PTQGE,Two year,Bank transfer (automatic),DSL,60.05,5388,0,0.05257636662756363,0
2205-LPVGL,One year,Bank transfer (automatic),Fiber optic,89.85,5035,0,0.05257460719879544,0
3166-PNEOF,Two year,Credit card (automatic),DSL,86.45,4471,0,0.05249693785690578,0
5879-HMFFH,Two year,Bank transfer (automatic),DSL,88.05,6247,0,0.05242796776432022,0
6418-PIQSP,Two year,Mailed check,DSL,81.0,4684,0,0.05236275911726539,0
9297-EONCV,Two year,Bank transfer (automatic),DSL,91.35,5378,0,0.052355921952935286,0
6551-VLJMV,Two year,Credit card (automatic),No,20.05,2236,0,0.052327933416410906,0
7639-OPLNG,Two year,Bank transfer (automatic),DSL,79.25,5085,0,0.0523124505029577,0
8901-UPRHR,Two year,Bank transfer (automatic),Fiber optic,109.2,6130,0,0.05228494510076357,0
7255-SSFBC,Two year,Bank transfer (automatic),Fiber optic,112.25,4099,0,0.052247164935582756,0
0707-HOVVN,Two year,Bank transfer (automatic),DSL,75.5,6024,0,0.0522096153842497,0
0048-PIHNL,One year,Bank transfer (automatic),No,20.45,6061,0,0.05216663370409658,0
6509-TSGWN,Month-to-month,Mailed check,No,26.45,5359,0,0.05213702372885157,0
5792-JALQC,Two year,Bank transfer (automatic),DSL,59.85,5085,0,0.051908406816171884,0
1090-PYKCI,One year,Credit card (automatic),Fiber optic,105.1,4686,0,0.05187560607239379,0
1775-KWJKQ,Two year,Credit card (automatic),DSL,89.85,6046,0,0.05176341834512113,0
8099-MZPUJ,Two year,Credit card (automatic),Fiber optic,111.8,3922,0,0.051692507540373286,0
7073-QETQY,One year,Electronic check,No,20.35,4845,0,0.05168089954898088,0
4723-BEGSG,Two year,Credit card (automatic),DSL,86.65,5483,0,0.05166852338042819,0
6885-PKOAM,Two year,Credit card (automatic),DSL,85.75,4487,0,0.05159041691298297,0
9435-JMLSX,Two year,Bank transfer (automatic),DSL,86.1,6286,0,0.051567105750150145,0
3933-DQPWX,Two year,Credit card (automatic),DSL,39.7,5174,0,0.0515473798687351,0
0412-UCCNP,Two year,Electronic check,DSL,59.2,5162,0,0.05143924025329083,0
7649-SIJJF,Two year,Mailed check,DSL,80.1,6045,0,0.05142334840201111,0
6461-SZMCV,Two year,Bank transfer (automatic),DSL,87.95,4278,0,0.05137153222761752,0
7398-HPYZQ,Two year,Bank transfer (automatic),DSL,90.55,5007,0,0.05135826990077347,0
9732-OUYRN,One year,Credit card (automatic),No,19.0,4066,0,0.051240816371269364,0
7301-ABVAD,Two year,Bank transfer (automatic),DSL,86.6,4530,0,0.05121512094646094,0
3549-ZTMNH,Two year,Bank transfer (automatic),No,24.0,3705,0,0.05114684201693424,0
7765-LWVVH,Two year,Electronic check,Fiber optic,95.1,5584,0,0.05110638395235345,0
1414-YADCW,Two year,Bank transfer (automatic),Fiber optic,84.6,5679,0,0.05110224617155611,0
1459-QNFQT,Two year,Bank transfer (automatic),DSL,59.5,4031,0,0.05101123323940367,0
1970-KKFWL,Two year,Bank transfer (automatic),No,23.3,2416,0,0.050945805077185866,0
1627-AFWVJ,Two year,Mailed check,No,19.4,2265,0,0.05093871729944213,0
3902-MIVLE,Two year,Mailed check,DSL,75.7,5113,0,0.050884500438928476,0
8430-TWCBX,One year,Credit card (automatic),No,20.7,4074,0,0.050877588481132406,0
5061-PBXFW,Month-to-month,Bank transfer (automatic),DSL,61.4,2649,0,0.05085725988744125,0
1320-GVNHT,Two year,Credit card (automatic),Fiber optic,108.4,4419,0,0.05080198915467958,0
9845-QOMAD,One year,Mailed check,No,19.75,3958,0,0.05078484715809064,0
7691-KGKGP,Month-to-month,Credit card (automatic),DSL,65.0,5534,0,0.05077607038931681,0
4815-YOSUK,One year,Credit card (automatic),Fiber optic,104.9,4927,0,0.050666935257072485,0
1272-ILHFG,One year,Mailed check,No,19.65,5928,0,0.05064335511291791,0
3407-JMJQQ,Two year,Bank transfer (automatic),Fiber optic,109.0,4204,0,0.05057773154642146,0
2428-HYUNX,Two year,Credit card (automatic),No,19.35,4975,0,0.05057008131581395,0
2030-BTZRO,Two year,Credit card (automatic),No,20.4,4628,0,0.05042475919194494,0
3967-KXAPS,Two year,Credit card (automatic),DSL,92.3,5136,0,0.050297965768884303,0
2194-IIQOF,Two year,Credit card (automatic),DSL,89.3,4658,0,0.050240290639982324,0
3487-EARAT,One year,Credit card (automatic),DSL,74.1,6325,0,0.05022120409658828,0
7297-DVYGA,One year,Bank transfer (automatic),No,19.85,5089,0,0.050006394907552695,0
5377-NDTOU,Two year,Mailed check,DSL,91.05,4644,0,0.049968147250160036,0
4973-MGTON,Two year,Credit card (automatic),DSL,84.4,5619,0,0.04992609840081167,0
4291-YZODP,One year,Mailed check,No,20.05,3810,0,0.04988002232016292,0
3026-ATZYV,One year,Bank transfer (automatic),DSL,75.1,4131,0,0.04982685846585946,0
0017-DINOC,Two year,Credit card (automatic),DSL,45.2,5435,0,0.04981369721100261,0
1760-CAZHT,Month-to-month,Mailed check,No,20.8,3274,0,0.04978306744580783,0
7408-OFWXJ,Two year,Credit card (automatic),DSL,89.8,5762,0,0.04975659319528781,0
6867-ACCZI,Two year,Mailed check,DSL,52.5,3303,0,0.049677993597006274,0
6119-SPUDB,Two year,Mailed check,DSL,38.25,2653,0,0.04959765809471378,0
2122-SZZZD,One year,Credit card (automatic),No,19.5,4220,0,0.049590968086543716,0
0020-INWCK,Two year,Credit card (automatic),Fiber optic,95.75,4865,0,0.04955747799626345,0
3301-VKTGC,One year,Bank transfer (automatic),Fiber optic,85.5,4380,0,0.04947162241994401,0
7722-VJRQD,Two year,Bank transfer (automatic),DSL,60.95,4147,0,0.049313282184451135,0
6288-CHQJB,Two year,Bank transfer (automatic),DSL,69.95,5077,0,0.04911303208108328,0
7101-HRBLJ,Two year,Bank transfer (automatic),DSL,83.7,4592,0,0.04909186924692961,0
3219-JQRSL,Two year,Credit card (automatic),DSL,89.1,4627,0,0.049038212672344705,0
4782-OSFXZ,Two year,Bank transfer (automatic),DSL,82.7,5089,0,0.04902901525426887,0
2234-EOFPT,Two year,Bank transfer (automatic),DSL,79.35,4278,0,0.04897086398954978,0
8612-GXIDD,Two year,Bank transfer (automatic),No,25.4,2219,0,0.0489527393270145,0
6870-ZWMNX,Two year,Credit card (automatic),DSL,76.1,5115,0,0.048840621991286276,0
0336-KXKFK,Two year,Credit card (automatic),DSL,61.2,4085,0,0.04881895898983553,0
0056-EPFBG,Two year,Credit card (automatic),DSL,39.4,3899,0,0.04871631877008919,0
4291-TPNFG,Two year,Bank transfer (automatic),DSL,82.3,5219,0,0.04864063112843602,0
9798-OPFEM,Two year,Electronic check,No,21.1,4791,0,0.04862408529891009,0
7799-LGRDP,Two year,Credit card (automatic),No,25.7,2017,0,0.04860774677964289,0
3084-DOWLE,Two year,Bank transfer (automatic),DSL,92.0,6434,0,0.04858611228786739,0
3283-WCWXT,Two year,Mailed check,No,25.4,2882,0,0.048414241948725505,0
6265-FRMTQ,Two year,Bank transfer (automatic),No,20.4,5363,0,0.04838090359609535,0
4006-HKYHO,Two year,Bank transfer (automatic),DSL,86.7,5841,0,0.04835262710321467,0
7996-BPXHY,Two year,Bank transfer (automatic),No,25.0,4734,0,0.04833921412667904,0
0839-QNXME,Two year,Credit card (automatic),No,19.4,3986,0,0.048250656103614495,0
4312-GVYNH,Two year,Bank transfer (automatic),DSL,49.85,5460,0,0.04821466851728373,0
8400-WZICQ,Month-to-month,Electronic check,DSL,55.7,4149,0,0.04820275032694658,0
9046-JBFWA,Month-to-month,Mailed check,No,19.15,4004,0,0.04814002221560463,0
9938-TKDGL,Two year,Electronic check,Fiber optic,99.55,4319,0,0.04810771437153266,0
3766-EJLFL,Two year,Bank transfer (automatic),Fiber optic,109.05,6391,0,0.04804212723242866,0
8580-QVLOC,Two year,Credit card (automatic),DSL,92.45,5697,1,0.04797890900254798,0
4578-PHJYZ,One year,Electronic check,DSL,68.75,4172,0,0.04790646538016662,0
3779-OSWCF,Two year,Credit card (automatic),DSL,93.2,4493,0,0.047853305714449075,0
1904-WAJAA,Two year,Electronic check,DSL,64.35,5461,0,0.047834988979251564,0
5124-EOGYE,Two year,Mailed check,No,20.45,2598,0,0.047828710337320786,0
2649-HWLYB,Two year,Bank transfer (automatic),DSL,76.15,6177,0,0.04772192770863555,0
9610-WCESF,Two year,Electronic check,DSL,43.9,6344,0,0.04761770379608015,0
1222-KJNZD,Month-to-month,Bank transfer (automatic),No,20.4,5918,0,0.047611714354944636,0
4079-WWQQQ,Two year,Bank transfer (automatic),DSL,65.55,4266,0,0.047560500056933665,0
2535-PBCGC,Two year,Bank transfer (automatic),DSL,64.55,4858,0,0.04743371814402685,0
3572-UUHRS,One year,Bank transfer (automatic),No,18.85,2653,0,0.04730046779557784,0
1099-GODLO,Two year,Mailed check,No,20.35,4836,0,0.04727235610793463,0
8174-LNWMW,Two year,Credit card (automatic),No,20.9,5581,0,0.04726887199577943,0
3251-YMVWZ,One year,Bank transfer (automatic),No,24.05,4865,0,0.04717182832050562,0
9483-GCPWE,One year,Mailed check,No,20.1,3444,0,0.04714200303705824,0
1042-HFUCW,One year,Credit card (automatic),DSL,54.75,5136,0,0.04709882562268023,0
8316-BBQAY,Two year,Credit card (automatic),DSL,59.95,6251,0,0.04704207707820491,0
4849-PYRLQ,Two year,Bank transfer (automatic),DSL,73.25,4011,0,0.04702560027335031,0
5329-KRDTM,Two year,Credit card (automatic),DSL,77.35,6202,0,0.046869333815027905,0
7696-AMHOD,One year,Credit card (automatic),DSL,78.0,4200,0,0.046632672749248184,0
6741-QRLUP,Two year,Credit card (automatic),DSL,80.3,5554,0,0.046610093833997765,0
2796-NNUFI,Two year,Mailed check,No,19.95,5480,0,0.04654707271925748,0
0732-OCQOC,Two year,Bank transfer (automatic),No,25.05,5674,0,0.046543247085784875,0
6614-YOLAC,Two year,Mailed check,DSL,58.65,4151,0,0.0464447686772411,0
4967-WPNCF,Two year,Bank transfer (automatic),DSL,63.7,4921,0,0.046416236477759824,0
6244-BESBM,Two year,Credit card (automatic),Fiber optic,95.2,6166,0,0.046393560668933555,0
0357-NVCRI,Month-to-month,Credit card (automatic),No,20.05,2192,0,0.046214071080826806,0
7471-WNSUF,One year,Bank transfer (automatic),No,24.15,4501,0,0.046005136595212194,0
0530-IJVDB,Two year,Electronic check,Fiber optic,114.6,5414,0,0.04589656392208067,0
4803-LBYPN,Month-to-month,Mailed check,No,20.8,4985,0,0.04584153376590492,0
7253-UVNDW,Two year,Credit card (automatic),DSL,54.35,2793,1,0.0456993783040087,0
6016-LVTJQ,Month-to-month,Mailed check,No,20.65,5099,0,0.04568339429526262,0
9170-ARBTB,One year,Credit card (automatic),No,19.6,4848,0,0.04565336422791285,0
6115-ZTBFQ,Two year,Bank transfer (automatic),DSL,65.5,4119,0,0.04562259952356221,0
5148-ORICT,Two year,Mailed check,DSL,74.35,4781,0,0.04561582210020379,0
0440-EKDCF,Two year,Credit card (automatic),DSL,60.15,4404,0,0.0455596316929177,0
1087-GRUYI,Two year,Bank transfer (automatic),No,20.4,3756,0,0.04553313463720089,0
6916-HIJSE,Two year,Bank transfer (automatic),DSL,84.85,5434,0,0.04548070452503366,0
8908-NMQTX,Two year,Bank transfer (automatic),DSL,65.6,4369,0,0.04533405034841596,0
8413-YNHNV,Two year,Mailed check,DSL,90.65,6487,0,0.04516538798759465,0
3284-SVCRO,Two year,Mailed check,No,25.5,3146,0,0.04514271615825214,0
4825-XJGDM,One year,Credit card (automatic),DSL,43.7,4051,0,0.045115619268845275,0
6388-TABGU,One year,Bank transfer (automatic),DSL,56.15,4529,0,0.04509841413035276,0
0269-XFESX,One year,Mailed check,No,24.35,4031,0,0.04504654595086507,0
9742-XOKTS,One year,Electronic check,Fiber optic,89.55,6194,0,0.04493583678153929,0
6445-TNRXS,Two year,Bank transfer (automatic),Fiber optic,114.7,5671,0,0.04492103874713937,0
9451-WLYRI,One year,Credit card (automatic),No,19.05,6160,0,0.04491452386033469,0
1069-QJOEE,One year,Electronic check,No,19.9,4134,0,0.044724785619776386,0
0679-TDGAK,One year,Electronic check,DSL,75.5,5141,0,0.044644448597767214,0
6348-SNFUS,Two year,Credit card (automatic),DSL,55.45,4556,0,0.044630637739261875,0
5887-IKKYO,Two year,Bank transfer (automatic),Fiber optic,94.35,4777,0,0.044615466682366454,0
1741-WTPON,Two year,Mailed check,Fiber optic,115.85,4937,0,0.04453802983780361,0
0572-ZJKLT,Two year,Mailed check,Fiber optic,99.65,4736,0,0.04448812318384181,0
2927-CVULT,Two year,Bank transfer (automatic),Fiber optic,104.05,4190,0,0.044466425497591826,0
5003-OKNNK,One year,Credit card (automatic),No,20.35,3205,0,0.04435158113040054,0
4203-QGNZA,Month-to-month,Mailed check,No,20.25,4476,0,0.04434675682531572,0
6922-NCEDI,One year,Mailed check,No,21.2,6473,0,0.0443403736862901,0
4837-PZTIC,Two year,Mailed check,DSL,41.9,2540,0,0.044267545419507545,0
7321-ZNSLA,Two year,Mailed check,DSL,40.55,2898,0,0.04418606354903074,0
1303-SRDOK,Two year,Credit card (automatic),Fiber optic,69.05,4318,0,0.04415826324672338,0
9931-DCEZH,One year,Credit card (automatic),DSL,54.4,4711,0,0.0441367597901989,0
9968-FFVVH,One year,Bank transfer (automatic),DSL,68.8,5082,0,0.044122100705267175,0
8859-DZTGQ,Two year,Mailed check,No,20.35,2507,0,0.04406266846937,0
4671-VJLCL,Two year,Credit card (automatic),DSL,79.85,4595,0,0.04398514553853712,0
4139-DETXS,Two year,Bank transfer (automatic),DSL,64.45,5265,0,0.04385612854884349,0
1599-MMYRQ,One year,Credit card (automatic),Fiber optic,81.45,5179,0,0.0438482160007445,0
3082-YVEKW,Two year,Bank transfer (automatic),DSL,77.15,2572,0,0.043714441164711355,0
4086-ATNFV,One year,Mailed check,DSL,60.8,4522,0,0.04369969298651322,0
1407-DIGZV,Two year,Mailed check,No,19.1,3863,0,0.04354932297152008,0
3712-PKXZA,One year,Credit card (automatic),No,20.55,5110,0,0.043372500363747825,0
9620-QJREV,One year,Credit card (automatic),No,20.55,3313,0,0.04318391031700064,0
7319-ZNRTR,One year,Electronic check,No,19.6,2888,0,0.04308917603700409,0
4854-SSLTN,Two year,Mailed check,DSL,59.5,5613,0,0.0430522777003349,0
8046-DNVTL,Two year,Credit card (automatic),DSL,38.6,4558,0,0.043025208861813595,0
3617-XLSGQ,Two year,Bank transfer (automatic),Fiber optic,109.25,5865,0,0.042946964400808856,0
1401-FTHFQ,One year,Credit card (automatic),No,20.0,2170,0,0.04292954309345656,0
8859-YSTWS,One year,Bank transfer (automatic),No,19.95,4254,0,0.04277414760176007,0
0973-KYVNF,Two year,Credit card (automatic),DSL,70.65,5176,0,0.04272707558470796,0
4378-MYPGO,Two year,Bank transfer (automatic),Fiber optic,105.25,5795,0,0.042696546265712614,0
6532-YLWSI,One year,Bank transfer (automatic),No,20.8,4166,1,0.04262884501429742,0
7527-QNRUS,Two year,Mailed check,No,25.15,3931,0,0.042588738314187885,0
6527-PZFPV,One year,Credit card (automatic),No,20.8,4654,0,0.04254244585006944,0
8631-NBHFZ,Two year,Credit card (automatic),DSL,79.4,5910,1,0.042534730020497895,0
2223-GDSHL,Two year,Bank transfer (automatic),Fiber optic,116.05,6481,0,0.04244192704925236,0
5231-FIQPA,Two year,Mailed check,No,19.85,3523,0,0.04239951152122081,0
5680-LQOGP,Two year,Credit card (automatic),DSL,82.45,5308,0,0.04238758955393096,0
0442-TDYUO,Two year,Mailed check,No,20.05,2964,0,0.04233678022140521,0
0608-JDVEC,Two year,Electronic check,No,19.8,5914,0,0.04232856331823276,0
3726-TBHQT,Two year,Bank transfer (automatic),Fiber optic,114.0,5600,0,0.04224477466405155,0
7602-MVRMB,Two year,Bank transfer (automatic),Fiber optic,110.45,4754,0,0.04223272334964714,0
6374-AFWOX,Two year,Mailed check,DSL,65.65,2680,0,0.04223088520213946,0
8748-HFWBO,One year,Mailed check,No,19.9,5964,0,0.042147143840627795,0
7205-BAIAD,Two year,Bank transfer (automatic),No,20.6,3091,0,0.042101244940197735,0
9625-QNLUX,Two year,Credit card (automatic),Fiber optic,103.25,4751,0,0.04209761186050808,0
3795-CAWEX,Two year,Credit card (automatic),Fiber optic,116.55,6116,0,0.04205238729784761,0
1094-BKOSX,One year,Bank transfer (automatic),DSL,51.0,4534,0,0.042040915263651016,0
6368-TZZDT,Two year,Credit card (automatic),No,19.5,5390,0,0.04198891259311035,0
0602-DDUML,Two year,Mailed check,DSL,69.75,4487,0,0.041986595013685554,0
7560-QRBXH,One year,Mailed check,No,19.95,3396,0,0.04195381535314504,0
4933-BSAIP,Two year,Mailed check,No,19.1,2056,0,0.04189275228522748,0
5375-XLDOF,Two year,Bank transfer (automatic),Fiber optic,114.35,6082,0,0.04188745269528652,0
8328-SKJNO,One year,Bank transfer (automatic),DSL,40.65,5230,0,0.0418764585260658,0
1354-YZFNB,Two year,Credit card (automatic),No,19.55,5573,0,0.041855545615692304,0
8608-OZTLB,One year,Electronic check,DSL,74.05,5975,0,0.04169452447252974,0
4685-TFLLS,One year,Bank transfer (automatic),No,19.8,4808,0,0.04164297506654593,0
3396-DKDEL,Two year,Credit card (automatic),Fiber optic,115.15,4388,0,0.04154191131674333,0
7520-HQWJU,Month-to-month,Bank transfer (automatic),DSL,67.45,4172,0,0.041429561965231676,0
7037-MTYVW,Two year,Bank transfer (automatic),DSL,85.4,5292,0,0.041379035795615846,0
3892-NXAZG,Two year,Credit card (automatic),Fiber optic,114.05,6254,0,0.041322447502166515,0
8205-VSLRB,Two year,Credit card (automatic),DSL,77.3,6252,0,0.041276389110533065,0
7349-ALMUX,Two year,Bank transfer (automatic),DSL,65.6,3183,0,0.041241249127586234,0
8606-CIQUL,Two year,Credit card (automatic),Fiber optic,115.75,5168,0,0.04123843758055731,0
0859-YGKFW,One year,Bank transfer (automatic),No,20.05,4458,0,0.041214574547728276,0
3520-FJGCV,Two year,Credit card (automatic),Fiber optic,112.6,6486,0,0.04120549613786415,0
9110-HSGTV,Two year,Credit card (automatic),DSL,82.45,4631,0,0.041103495425686684,0
1298-PHBTI,Two year,Electronic check,Fiber optic,84.8,5952,0,0.041052608619017716,0
0754-EEBDC,Two year,Mailed check,No,19.9,2347,0,0.041032761901745186,0
9631-RXVJM,Two year,Mailed check,No,19.25,2682,0,0.04099135233343329,0
1561-BWHIN,One year,Mailed check,No,19.8,4464,0,0.04093638814953385,0
3938-YFPXD,Two year,Credit card (automatic),DSL,84.3,6012,0,0.040902027998055625,0
0675-NCDYU,Two year,Credit card (automatic),Fiber optic,116.4,6491,0,0.04088893803695834,0
6169-PGNCD,Two year,Credit card (automatic),DSL,74.3,5741,0,0.04085408661286285,0
1734-ZMNTZ,Two year,Mailed check,No,25.0,5409,0,0.040776820372557115,0
2683-JXWQQ,Month-to-month,Bank transfer (automatic),DSL,33.6,6495,0,0.04076839017094107,0
0234-TEVTT,One year,Credit card (automatic),DSL,45.0,5269,0,0.04071148940714981,0
6007-TCTST,Two year,Bank transfer (automatic),Fiber optic,115.8,5841,0,0.040687603973496585,0
5965-GGPRW,Two year,Bank transfer (automatic),Fiber optic,105.25,4427,0,0.04066848991584895,0
0556-FJEGU,Two year,Bank transfer (automatic),DSL,70.1,4474,0,0.040662430653657614,0
2176-LVPNX,Two year,Mailed check,DSL,89.85,4994,0,0.04043164673044561,0
6859-QNXIQ,Two year,Bank transfer (automatic),Fiber optic,113.1,5308,0,0.04035548725127241,0
9361-YNQWJ,One year,Bank transfer (automatic),No,24.4,5887,0,0.04034881017366349,0
7197-VOJMM,Two year,Credit card (automatic),DSL,69.2,4323,0,0.04032116369296534,0
0253-ZTEOB,Two year,Electronic check,DSL,79.65,3246,0,0.04029033412423842,0
8915-NNTRC,Two year,Credit card (automatic),Fiber optic,107.7,4351,0,0.040239023125254604,0
1043-YCUTE,Two year,Credit card (automatic),No,25.15,6484,1,0.040223320312606704,0
4701-LKOZD,Two year,Credit card (automatic),DSL,89.75,5150,0,0.04019970554495471,0
2296-DKZFP,Two year,Bank transfer (automatic),DSL,71.0,6308,0,0.040176488666884135,0
0936-NQLJU,Two year,Credit card (automatic),No,20.65,5062,0,0.04009908664601334,0
7710-JSYOA,Two year,Bank transfer (automatic),Fiber optic,93.3,5205,0,0.03998867509569901,0
7569-NMZYQ,Two year,Bank transfer (automatic),Fiber optic,118.75,5475,0,0.03988992401386724,0
7030-FZTFM,Two year,Credit card (automatic),Fiber optic,110.9,6444,0,0.03988138815105273,0
3870-SPZSI,Two year,Credit card (automatic),Fiber optic,113.05,4203,0,0.03976598682648755,0
0017-IUDMW,Two year,Credit card (automatic),Fiber optic,116.8,6252,0,0.039704759829009416,0
9702-AIUJO,One year,Bank transfer (automatic),DSL,44.8,6115,0,0.03969903404767415,0
9648-BCHKM,Two year,Credit card (automatic),No,24.65,5231,0,0.03965510378910626,0
2882-WDTBA,Two year,Bank transfer (automatic),DSL,75.75,5839,0,0.03964030755904294,0
5736-YEJAX,Two year,Credit card (automatic),DSL,79.45,5189,0,0.039614416558628525,0
1699-UOTXU,Two year,Electronic check,DSL,61.4,6209,0,0.039601533110687245,0
7168-HDQHG,Month-to-month,Bank transfer (automatic),No,19.2,3043,0,0.0395715540489157,0
0621-TSSMU,One year,Credit card (automatic),No,19.95,4838,0,0.03952826401593162,0
3258-ZKPAI,Two year,Bank transfer (automatic),Fiber optic,116.6,5227,0,0.03950041152538745,0
2197-OMWGI,Two year,Electronic check,DSL,53.0,5583,0,0.03947897253400373,0
5930-GBIWP,Two year,Credit card (automatic),DSL,81.5,5286,0,0.03946617768953701,0
0197-PNKNK,One year,Bank transfer (automatic),Fiber optic,84.45,5629,0,0.03946088803712766,0
0361-HJRDX,Two year,Credit card (automatic),DSL,64.35,4146,0,0.03935577439008602,0
8146-QQKZH,Two year,Bank transfer (automatic),DSL,81.85,4090,0,0.039296973503388274,0
7873-CVMAW,Two year,Credit card (automatic),DSL,88.55,6468,0,0.0392909885586598,0
0318-ZOPWS,Two year,Bank transfer (automatic),No,20.15,5422,0,0.03927851899149689,0
6177-PEVRA,Two year,Credit card (automatic),DSL,55.5,4975,0,0.03927053604526067,0
7945-PRBVF,Two year,Bank transfer (automatic),No,21.45,3967,0,0.039183933291921276,0
8374-UULRV,Two year,Credit card (automatic),DSL,86.05,5965,0,0.03911254000853805,0
9602-WCXPI,One year,Credit card (automatic),No,20.15,5249,0,0.039046289314966176,0
2587-YNLES,Two year,Mailed check,No,20.1,5874,0,0.039027614767750164,0
9624-EGDEQ,Two year,Mailed check,No,19.8,5336,0,0.038992314455790926,0
0266-GMEAO,Two year,Credit card (automatic),Fiber optic,114.3,5879,0,0.03896428497136064,0
3067-SVMTC,One year,Bank transfer (automatic),DSL,55.9,5160,0,0.03895025702292312,0
9184-GALIL,Month-to-month,Mailed check,No,20.45,5587,0,0.03893964497690381,0
6064-PUPMC,One year,Credit card (automatic),DSL,57.2,4021,0,0.03893155270564504,0
6047-SUHPR,One year,Electronic check,DSL,59.8,3093,0,0.03885329345627994,0
6670-MFRPK,Two year,Credit card (automatic),Fiber optic,79.2,4072,0,0.03881062626699456,0
4012-YCFAI,Two year,Mailed check,DSL,61.35,6174,0,0.03879981921826862,0
5766-FTRTS,Two year,Mailed check,DSL,84.45,6297,0,0.03866000336086163,0
1488-PBLJN,Two year,Bank transfer (automatic),Fiber optic,116.85,4055,0,0.038613409029140296,0
1352-HNSAW,Two year,Bank transfer (automatic),Fiber optic,115.6,5633,0,0.0385964945208984,0
0744-BIKKF,Two year,Bank transfer (automatic),DSL,86.65,4621,0,0.03856432644196256,0
2589-AYCRP,One year,Bank transfer (automatic),No,19.75,4934,0,0.0385277782664304,0
1221-GHZEP,Two year,Mailed check,DSL,65.1,5172,0,0.03851126001873531,0
6103-QCKFX,Month-to-month,Bank transfer (automatic),DSL,56.25,3918,0,0.03843714287487684,0
3810-DVDQQ,Two year,Bank transfer (automatic),Fiber optic,117.6,6173,0,0.03830228763793998,0
2995-YWTCD,Two year,Bank transfer (automatic),No,24.9,5396,0,0.03815690469815511,0
9281-CEDRU,Two year,Bank transfer (automatic),DSL,64.1,5553,0,0.03802511703930076,0
5846-NEQVZ,Two year,Credit card (automatic),DSL,70.85,5328,0,0.038019402903891664,0
5542-NKVRU,Two year,Bank transfer (automatic),No,20.75,2574,0,0.03801812852501707,0
5915-ANOEI,Two year,Mailed check,DSL,79.15,4408,0,0.038002864227390645,0
8480-PPONV,Two year,Bank transfer (automatic),Fiber optic,115.55,6349,0,0.03789624667762412,0
5176-OLSKT,Two year,Bank transfer (automatic),DSL,66.9,5546,0,0.037884717815901026,0
4102-HLENU,Two year,Mailed check,DSL,65.65,5441,0,0.03787257432955918,0
6848-YLDFR,One year,Credit card (automatic),DSL,75.2,4559,0,0.03779058447417824,0
9108-EQPNQ,Two year,Credit card (automatic),No,26.1,3179,0,0.03777898156831675,0
2990-IAJSV,Two year,Bank transfer (automatic),DSL,92.0,4200,0,0.037777347452312704,0
6598-KELSS,One year,Bank transfer (automatic),DSL,43.05,5409,0,0.037689332113798615,0
3533-UVMOM,Two year,Bank transfer (automatic),DSL,70.95,5036,0,0.03763726951385253,0
9802-CAQUT,Two year,Credit card (automatic),Fiber optic,109.55,5723,0,0.03760673975262823,0
4032-RMHCI,One year,Credit card (automatic),DSL,35.4,4375,0,0.037596266931836764,0
2466-FCCPT,One year,Bank transfer (automatic),No,19.7,4910,0,0.037556141352732955,0
8883-ANODQ,Two year,Credit card (automatic),Fiber optic,84.4,5045,0,0.03751923455355406,0
4707-YNOQA,One year,Credit card (automatic),No,25.6,5854,0,0.037360268465700494,0
7730-CLDSV,Two year,Bank transfer (automatic),Fiber optic,98.65,4616,0,0.03735717070724977,0
8917-FAEMR,Two year,Mailed check,No,19.85,3408,0,0.03734042108904595,0
8234-GSZYK,Two year,Bank transfer (automatic),No,26.45,3881,0,0.03732069366197584,0
1985-MBRYP,Two year,Bank transfer (automatic),No,19.65,3678,0,0.037289719978982304,0
7017-VFHAY,Two year,Credit card (automatic),Fiber optic,115.1,6090,0,0.0372881257384319,0
6695-AMZUF,Two year,Credit card (automatic),DSL,86.45,5950,0,0.037260167774902625,0
3078-ZKNTS,Two year,Bank transfer (automatic),No,19.75,4314,0,0.03716745716507488,0
2384-OVPSA,Two year,Mailed check,No,20.2,4947,0,0.03707131697287443,0
6481-LXPWL,One year,Credit card (automatic),DSL,36.1,5092,0,0.03705402407409329,0
5647-URDKA,Two year,Mailed check,No,19.7,5962,0,0.036997122128041626,0
5204-HMGYF,One year,Mailed check,DSL,87.2,4567,0,0.036948362908694715,0
2954-PIBKO,Two year,Credit card (automatic),DSL,64.15,5128,0,0.03687511239143055,0
9758-MFWGD,One year,Bank transfer (automatic),DSL,29.9,2617,0,0.03686159311597542,0
5044-XDPYX,Two year,Mailed check,No,25.5,5447,0,0.036853501208694905,0
9746-YKGXB,One year,Bank transfer (automatic),DSL,44.25,6340,0,0.03678958713791096,0
0582-AVCLN,Two year,Mailed check,No,20.3,5919,0,0.03675694008233141,0
5310-NOOVA,Two year,Electronic check,No,19.95,4006,0,0.03673253002147012,0
3850-OKINF,One year,Electronic check,DSL,66.2,4756,0,0.03670989035582099,0
9453-PATOS,Two year,Mailed check,DSL,85.1,4147,0,0.03669661643783126,0
8571-ZCMCX,Two year,Credit card (automatic),DSL,60.0,3248,0,0.036646520512997306,0
5781-RFZRP,Two year,Credit card (automatic),DSL,73.5,5431,0,0.036613238963938095,0
7898-PDWQE,Two year,Credit card (automatic),DSL,80.4,5228,0,0.03653508089514501,0
3882-IYOIJ,Two year,Credit card (automatic),Fiber optic,115.25,5328,0,0.03648773554598155,0
1074-WVEVG,One year,Mailed check,No,20.35,5757,0,0.03648563737533728,0
8779-YIQQA,One year,Mailed check,No,19.8,3243,0,0.03648485132785237,0
8314-HTWVE,Two year,Mailed check,No,19.85,3973,0,0.036421816552286365,0
9065-ZCPQX,Two year,Bank transfer (automatic),DSL,78.85,5091,0,0.03639937762630036,0
8191-XWSZG,One year,Mailed check,No,20.65,5186,0,0.03620105190649357,0
3399-BMLVW,Two year,Credit card (automatic),DSL,60.5,4994,0,0.03612004916259886,0
9500-IWPXQ,One year,Electronic check,DSL,79.4,4666,0,0.03609298124485423,0
7963-SHNDT,Two year,Mailed check,DSL,39.1,4247,0,0.03607342742030706,0
0343-QLUZP,Two year,Bank transfer (automatic),DSL,39.6,5544,0,0.03607203549700235,0
5306-BVTKJ,One year,Credit card (automatic),DSL,55.8,3446,0,0.03601926451028969,0
9091-WTUUY,Two year,Mailed check,DSL,69.25,4226,0,0.03598808341208229,0
2138-VFAPZ,Two year,Mailed check,No,19.7,2966,0,0.03598723680475875,0
8670-MEFCP,Two year,Credit card (automatic),DSL,92.9,3570,0,0.03598424269304105,0
5149-QYTTU,One year,Credit card (automatic),Fiber optic,95.15,5647,0,0.03585186296171059,0
9777-IQHWP,Two year,Bank transfer (automatic),Fiber optic,93.4,6249,0,0.03585113023628993,0
2251-PYLPB,Two year,Credit card (automatic),DSL,79.55,4766,0,0.035706743228380425,0
3230-JCNZS,Two year,Credit card (automatic),Fiber optic,99.0,4305,0,0.03560669441935811,0
0224-NIJLP,Two year,Mailed check,No,20.15,3899,0,0.03554879704044825,0
5073-RZGBK,One year,Bank transfer (automatic),DSL,80.05,5823,0,0.03552686026546926,0
8336-TAVKX,Two year,Bank transfer (automatic),DSL,78.45,4032,0,0.03540249394354403,0
7781-EWARA,One year,Electronic check,DSL,60.35,4122,0,0.0353622184869186,0
7472-EQOAV,One year,Bank transfer (automatic),Fiber optic,86.7,4485,0,0.035340791435476665,0
2790-XUYMV,One year,Credit card (automatic),Fiber optic,85.45,4777,0,0.035205291842520726,0
2005-DWQZJ,Two year,Mailed check,No,19.05,3153,0,0.03513356264159237,0
5197-YPYBZ,Two year,Credit card (automatic),No,25.25,2646,0,0.03494078141276701,0
2229-DPMBI,Two year,Mailed check,No,19.5,3598,0,0.03485961990012469,0
8242-PDSGJ,Two year,Credit card (automatic),DSL,39.15,5840,0,0.034845437277404974,0
8338-QIUNR,Two year,Credit card (automatic),DSL,66.5,4397,0,0.034832508941734314,0
9424-CMPOG,Two year,Mailed check,No,19.6,4406,0,0.034821513458984404,0
4940-KHCWD,Two year,Bank transfer (automatic),DSL,37.7,5148,0,0.03481319937765539,0
7337-CINUD,Two year,Bank transfer (automatic),No,19.5,5206,0,0.03466081619849557,0
4632-PAOYU,One year,Mailed check,No,19.95,2233,0,0.034655089962670686,0
9640-ZSLDC,One year,Credit card (automatic),DSL,60.6,4854,0,0.03449603060871072,0
4992-LTJNE,Two year,Bank transfer (automatic),DSL,55.3,6259,0,0.0344824244635176,0
2300-RQGOI,Two year,Mailed check,No,20.05,2295,0,0.034462081818780244,0
8639-NHQEI,Two year,Bank transfer (automatic),Fiber optic,95.9,4213,0,0.03442510643717016,0
6584-VQMYT,One year,Mailed check,DSL,56.2,5978,0,0.03440844345681785,0
4018-PPNDW,Two year,Mailed check,No,24.1,5970,0,0.03437200234325363,0
9993-LHIEB,Two year,Mailed check,DSL,67.85,4792,0,0.03435897238043078,0
6072-NUQCB,One year,Bank transfer (automatic),No,20.25,3339,0,0.03435082870377096,0
3719-TDVQB,Two year,Mailed check,No,18.95,5548,0,0.03430193763682424,0
2789-CZANW,Two year,Bank transfer (automatic),Fiber optic,110.3,5574,0,0.03425993861152753,0
8466-PZBLH,Two year,Bank transfer (automatic),Fiber optic,104.6,4743,0,0.034131469917966194,0
5057-RKGLH,Two year,Mailed check,No,20.35,5352,0,0.034069042664790064,0
4135-FRWKJ,One year,Electronic check,DSL,76.25,4319,0,0.03398429358511483,0
7359-SSBJK,Two year,Credit card (automatic),DSL,70.2,6080,1,0.03396924662702857,0
1834-ABKHQ,One year,Bank transfer (automatic),DSL,50.95,4298,0,0.03395637447437594,0
5176-LMJXE,Two year,Mailed check,No,20.55,5404,0,0.03371592719161075,0
1929-ZCBHE,One year,Electronic check,DSL,40.3,5040,0,0.03364025166789132,0
6463-MVYRY,Two year,Bank transfer (automatic),DSL,69.85,4759,0,0.03363705589171534,0
8148-WOCMK,Two year,Credit card (automatic),No,19.6,3214,0,0.03356947494922212,0
2027-DNKIV,One year,Mailed check,DSL,58.75,3483,0,0.0335060816556232,0
7274-CGTOD,Two year,Bank transfer (automatic),DSL,43.7,5254,0,0.03346511843409432,0
8659-IOOPU,Two year,Electronic check,Fiber optic,100.45,6171,0,0.033273194814166594,0
5803-NQJZO,Two year,Bank transfer (automatic),DSL,67.8,5242,0,0.03326300788614715,0
3071-MVJCD,Two year,Bank transfer (automatic),DSL,82.3,4162,0,0.0332587049046078,0
9710-NJERN,Two year,Mailed check,No,20.15,2007,0,0.03321992994871396,0
6980-CDGFC,One year,Bank transfer (automatic),No,20.85,5972,0,0.0331731198457632,0
9782-LGXMC,Month-to-month,Bank transfer (automatic),DSL,61.75,5511,0,0.03310913128430282,0
7860-KSUGX,Two year,Credit card (automatic),DSL,64.45,6330,0,0.033103899098708145,0
6925-BAYGL,Two year,Credit card (automatic),No,25.1,5295,0,0.033026219230491864,0
8821-KVZKQ,One year,Bank transfer (automatic),DSL,58.4,4117,0,0.03302561863975162,0
6625-IUTTT,Two year,Bank transfer (automatic),DSL,65.55,6035,0,0.032840759074893686,0
4735-BJKOU,Two year,Mailed check,No,20.15,3915,0,0.03272556067346471,0
3352-RICWQ,Two year,Mailed check,No,19.75,2427,0,0.032711536631526726,0
6000-UKLWI,Two year,Mailed check,No,20.15,4982,0,0.03265532724857204,0
5696-CEIQJ,Two year,Bank transfer (automatic),Fiber optic,103.15,4376,0,0.03264443947582302,0
6950-TWMYB,Two year,Bank transfer (automatic),Fiber optic,79.95,4387,0,0.03264176066397099,0
8194-PEEBY,One year,Mailed check,No,19.9,4158,0,0.03261708621612908,0
5055-BRMNE,Two year,Credit card (automatic),Fiber optic,106.7,4780,0,0.03256349491470698,0
3097-FQTVJ,Two year,Mailed check,No,20.0,5913,0,0.03255951407779487,0
2632-IVXVF,Two year,Credit card (automatic),Fiber optic,111.75,4967,0,0.032502549205635715,0
5095-ETBRJ,Two year,Mailed check,DSL,56.8,4702,0,0.032457925280009715,0
8402-OOOHJ,Two year,Mailed check,No,20.65,5918,0,0.03234693835151003,0
8966-OIQHG,One year,Bank transfer (automatic),No,20.75,2258,0,0.032287565054080626,0
2703-AMTUL,One year,Mailed check,DSL,53.65,4113,0,0.03223979716604463,0
6161-ERDGD,One year,Electronic check,DSL,85.45,5280,0,0.032193488077760055,0
5006-MXVRN,Two year,Credit card (automatic),No,20.7,3733,0,0.03203716830671107,0
8039-ACLPL,Two year,Credit card (automatic),DSL,68.75,4505,0,0.0319924550252487,0
9646-NMHXE,Two year,Mailed check,No,19.65,2021,0,0.03188507814016104,0
1834-WULEG,One year,Mailed check,No,20.25,3000,0,0.03188501281034791,0
3795-GWTRD,Two year,Credit card (automatic),DSL,75.55,4626,0,0.03178202335836469,0
9178-JHUVJ,Two year,Bank transfer (automatic),No,24.1,4634,0,0.031731726518774636,0
3400-ESFUW,Two year,Bank transfer (automatic),DSL,57.55,5463,1,0.03170735585585561,0
0362-RAOQO,Two year,Credit card (automatic),No,19.65,3878,0,0.0316816957876587,0
5840-NVDCG,Two year,Bank transfer (automatic),DSL,68.25,3559,0,0.031680339317633824,0
6322-HRPFA,Month-to-month,Credit card (automatic),DSL,59.6,4986,0,0.03167078388995231,0
1073-XXCZD,Two year,Bank transfer (automatic),No,25.7,6228,0,0.03161366446181572,0
1982-FEBTD,Two year,Credit card (automatic),No,25.6,5939,0,0.03155098012856964,0
9668-PUGNU,Two year,Electronic check,No,24.5,4058,0,0.03150011991798843,0
7524-VRLPL,Two year,Credit card (automatic),DSL,74.1,4204,0,0.03143766782990935,0
7560-QJAVJ,Two year,Bank transfer (automatic),DSL,79.6,5474,0,0.0314084460109886,0
6374-NTQLP,Two year,Credit card (automatic),Fiber optic,104.1,5092,0,0.03138280326091977,0
1063-DHQJF,Two year,Mailed check,Fiber optic,92.15,5817,0,0.03129981945002104,0
1494-EJZDW,Two year,Mailed check,No,20.15,2836,0,0.031293948169903725,0
2235-EZAIK,Two year,Credit card (automatic),DSL,79.2,4288,0,0.0312596207997201,0
0486-LGCCH,Two year,Mailed check,No,19.65,3372,0,0.031242262513510706,0
4981-FLTMF,Month-to-month,Bank transfer (automatic),DSL,65.2,4491,0,0.031110994207013735,0
9867-XOBQA,Two year,Mailed check,DSL,53.15,3461,0,0.03109981029461314,0
4056-QHXHZ,Two year,Mailed check,Fiber optic,107.45,5246,0,0.031072510516326517,0
5324-KTGCG,One year,Electronic check,No,20.85,4837,0,0.031023520391929862,0
5442-PPTJY,Two year,Mailed check,No,19.7,5104,0,0.0309878365503985,0
0019-GFNTW,Two year,Bank transfer (automatic),DSL,45.05,5795,0,0.030959832786435153,0
5093-FEGLU,Two year,Bank transfer (automatic),No,19.65,4159,0,0.030919869462109152,0
2664-XJZNO,Two year,Credit card (automatic),Fiber optic,104.9,5169,0,0.030863943061009726,0
9588-YRFHY,Two year,Credit card (automatic),No,19.9,5240,0,0.030804017665149067,0
5161-UBZXI,Two year,Credit card (automatic),Fiber optic,106.35,6315,0,0.030797428553936253,0
9530-GRMJG,Two year,Electronic check,DSL,84.1,5568,0,0.030756675915254297,0
8592-PLTMQ,One year,Mailed check,No,24.7,5655,0,0.030714973068654804,0
8028-PNXHQ,Two year,Bank transfer (automatic),No,24.25,4444,0,0.030621110347876988,0
9258-CNWAC,Two year,Credit card (automatic),Fiber optic,113.65,6208,0,0.030489357083650036,0
8207-DMRVL,Two year,Bank transfer (automatic),Fiber optic,114.55,6158,0,0.030484404604189663,0
5199-FPUSP,One year,Credit card (automatic),DSL,34.05,3044,0,0.030458945718540967,0
1047-RNXZV,Two year,Mailed check,No,19.55,4871,0,0.03045064799439158,0
3717-FDJFU,Two year,Mailed check,No,20.45,3353,0,0.030393201271585565,0
6695-FRVEC,Two year,Bank transfer (automatic),DSL,60.4,5356,0,0.03033032513220428,0
7601-DHFWZ,Two year,Credit card (automatic),No,24.0,3948,0,0.030286741620600514,0
4872-JCVCA,Two year,Bank transfer (automatic),DSL,47.6,4795,0,0.030270713581577763,0
1897-RCFUM,One year,Mailed check,No,24.2,3109,0,0.030113787852319954,0
4877-TSOFF,One year,Bank transfer (automatic),DSL,75.75,4489,0,0.03010510863446123,0
8780-YRMTT,Two year,Mailed check,DSL,47.4,6435,0,0.03009220547892305,0
1431-AIDJQ,Two year,Credit card (automatic),DSL,82.1,2281,0,0.030085309344742194,0
6425-JWTDV,Two year,Mailed check,No,19.25,2282,0,0.030054309242163152,0
4521-WFJAI,Two year,Bank transfer (automatic),No,25.95,4246,0,0.03005317594310292,0
3392-EHMNK,Two year,Credit card (automatic),Fiber optic,94.1,4803,0,0.03002193261854832,0
9739-JLPQJ,Two year,Credit card (automatic),Fiber optic,117.5,6009,0,0.02998639264364153,0
2451-YMUXS,Two year,Bank transfer (automatic),DSL,64.55,4494,0,0.02986886433995788,0
1051-EQPZR,Month-to-month,Mailed check,No,19.6,5584,0,0.029849997032037518,0
1862-QRWPE,Two year,Bank transfer (automatic),No,20.65,4124,0,0.029772180613523474,0
2984-TBYKU,Two year,Credit card (automatic),Fiber optic,104.9,6378,0,0.029754773533053284,0
7632-YUTXB,One year,Mailed check,No,20.05,2010,0,0.02971030121828461,0
6229-UOLQL,One year,Mailed check,DSL,52.0,5845,0,0.02965588386288554,0
1032-MAELW,One year,Electronic check,DSL,78.45,5071,0,0.02962118568577069,0
5906-DVAPM,One year,Credit card (automatic),DSL,75.0,5011,0,0.029560515159238604,0
5075-JSDKI,Two year,Electronic check,No,24.45,6196,0,0.02951781059774768,0
6556-DBKZF,Two year,Electronic check,Fiber optic,76.05,5841,0,0.02945876886884411,0
5356-KZCKT,Two year,Credit card (automatic),No,24.45,6490,0,0.029458561203993015,0
9174-IHETN,Two year,Credit card (automatic),Fiber optic,70.35,5521,0,0.02942587772715652,0
0181-RITDD,Two year,Mailed check,Fiber optic,108.15,5298,0,0.02940421173066707,0
5158-RIVOP,Two year,Credit card (automatic),No,20.9,5359,0,0.029398452758973615,0
4393-GEADV,Two year,Credit card (automatic),Fiber optic,114.75,5035,0,0.029371611461325494,0
1215-EXRMO,Two year,Mailed check,No,20.55,4745,0,0.029260328336083694,0
4530-NDRKU,One year,Electronic check,No,19.05,5091,0,0.029207615530994612,0
9224-VTYID,Two year,Mailed check,DSL,90.5,3413,0,0.029144961898535778,0
1092-WPIVQ,Two year,Mailed check,No,25.1,3675,0,0.029139977465161473,0
4114-QMKVN,One year,Bank transfer (automatic),DSL,68.75,6494,0,0.029124478674455934,0
6828-HMKWP,Two year,Bank transfer (automatic),No,21.05,4843,0,0.029051393737364088,0
2650-GYRYL,One year,Bank transfer (automatic),No,19.45,3470,0,0.02903962404374524,0
0526-SXDJP,Two year,Bank transfer (automatic),DSL,42.1,6091,0,0.029026476553242014,0
5993-JSUWV,Two year,Bank transfer (automatic),DSL,61.15,5133,0,0.028840468485821117,0
5614-DNZCE,Two year,Credit card (automatic),DSL,64.9,5040,0,0.02883581568295494,0
6080-LNESI,Two year,Mailed check,No,24.75,5080,0,0.028771775123219098,0
3831-YCPUO,Two year,Credit card (automatic),Fiber optic,109.5,6419,0,0.02873836834523201,0
8069-RHUXK,Two year,Credit card (automatic),DSL,35.7,5655,0,0.028721027812963876,0
0064-SUDOG,Two year,Bank transfer (automatic),No,20.3,5190,0,0.028687480525383,0
9795-SHUHB,Two year,Credit card (automatic),DSL,58.2,5313,0,0.028679683656064856,0
5322-TEUJK,Two year,Bank transfer (automatic),Fiber optic,114.6,4071,0,0.02867206255014166,0
3812-LRZIR,Two year,Electronic check,No,24.5,2645,0,0.028667366803237487,0
8097-OMULG,One year,Credit card (automatic),DSL,76.75,5918,0,0.028621533922593173,0
3129-AAQOU,Two year,Mailed check,No,25.6,5038,0,0.02861241200935494,0
7416-CKTEP,Two year,Bank transfer (automatic),No,19.6,6064,0,0.02853602173873107,0
2662-NNTDK,One year,Credit card (automatic),No,24.8,5826,0,0.028486523248413952,0
2040-XBAVJ,Two year,Bank transfer (automatic),Fiber optic,114.45,4700,0,0.028466097600586524,0
0848-SOMKO,Two year,Bank transfer (automatic),DSL,48.4,4483,0,0.028458090105687974,0
7636-PEPNS,One year,Mailed check,DSL,44.1,5040,0,0.028419609996662785,0
3512-IZIKN,Two year,Credit card (automatic),DSL,65.3,5591,1,0.028355702918667007,0
6292-TOSSS,Two year,Bank transfer (automatic),No,24.9,4297,0,0.028355082002905763,0
1053-MXTTK,Two year,Bank transfer (automatic),Fiber optic,108.65,5730,0,0.02833893024664252,0
1813-JLKWR,One year,Bank transfer (automatic),No,19.8,5384,0,0.028327892898355325,0
8259-DZLIZ,One year,Bank transfer (automatic),DSL,53.85,4954,0,0.028294400884016496,0
7473-ZBDSN,Two year,Mailed check,No,18.8,5751,0,0.028290990119615896,0
9755-JHNMN,Two year,Bank transfer (automatic),DSL,67.4,5075,0,0.028233524859926338,0
6898-RBTLU,Two year,Bank transfer (automatic),DSL,79.3,6366,0,0.02823350279526581,0
5208-FVQKB,Two year,Mailed check,DSL,67.95,5514,0,0.028172596575462318,0
6736-DHUQI,One year,Bank transfer (automatic),Fiber optic,84.8,6072,0,0.028146710758112016,0
6013-BHCAW,Two year,Bank transfer (automatic),DSL,81.0,4151,0,0.028112842967485886,0
8277-RVRSV,One year,Credit card (automatic),No,24.15,4501,0,0.02810370496921099,0
7998-WNZEM,Two year,Bank transfer (automatic),DSL,80.6,5447,0,0.028092877231667795,0
2878-DHMIN,One year,Electronic check,No,19.9,2334,0,0.027993102319298226,0
9661-JALZV,Two year,Credit card (automatic),No,24.7,5138,0,0.02790118828419898,0
2541-YGPKE,One year,Credit card (automatic),DSL,63.7,3764,0,0.02789032057347122,0
8990-YOZLV,Two year,Mailed check,DSL,66.9,5059,0,0.027731068589536563,0
8165-CBKXO,Two year,Credit card (automatic),DSL,56.75,5748,0,0.027725983967465437,0
0854-UYHZD,Two year,Mailed check,No,19.55,2816,0,0.027715623646889804,0
3200-MNQTF,Two year,Credit card (automatic),DSL,70.9,4361,0,0.027689270388695276,0
5995-LFTLE,Two year,Credit card (automatic),No,25.3,4477,0,0.027687592470525196,0
4304-XUMGI,Two year,Bank transfer (automatic),DSL,75.15,6084,0,0.027544461960230283,0
3170-NMYVV,Two year,Bank transfer (automatic),No,20.15,5849,0,0.02753030376960534,0
6725-TPKJO,Two year,Mailed check,No,20.05,2798,0,0.027494895609708237,0
2516-XSJKX,Two year,Electronic check,DSL,78.45,5468,0,0.02747383527544925,0
6407-GSJNL,Two year,Bank transfer (automatic),No,24.95,5458,0,0.027468884847060827,0
6519-ZHPXP,Two year,Bank transfer (automatic),Fiber optic,108.3,4183,0,0.027422998627993068,0
1843-TLSGD,Two year,Mailed check,No,20.85,3163,0,0.027287398186495296,0
0052-YNYOT,One year,Electronic check,No,20.55,5462,0,0.02722559608124872,0
6061-GWWAV,One year,Mailed check,DSL,70.2,5365,0,0.027160189747848167,0
8896-RAZCR,Two year,Mailed check,No,19.9,2809,0,0.027019376615455306,0
3133-PZNSR,Two year,Credit card (automatic),Fiber optic,97.75,4054,0,0.026993758697409248,0
2077-DDHJK,Two year,Credit card (automatic),DSL,70.9,4114,0,0.0269132608164818,0
7471-MQPOS,One year,Bank transfer (automatic),DSL,72.9,6404,0,0.026859389394934072,0
8042-RNLKO,One year,Bank transfer (automatic),No,25.45,4163,0,0.026826247666255864,0
9830-ECLEN,One year,Mailed check,DSL,50.0,4704,0,0.026793595041858517,0
2969-VAPYH,One year,Credit card (automatic),DSL,60.5,4363,0,0.026781836319490774,0
1452-UZOSF,Two year,Credit card (automatic),Fiber optic,106.1,4890,0,0.026668540523246496,0
1676-MQAOA,Two year,Bank transfer (automatic),DSL,75.1,6284,0,0.026554061512591348,0
1776-SPBWV,One year,Bank transfer (automatic),No,20.1,2272,0,0.026540454153683047,0
6729-FZWSY,One year,Mailed check,No,19.45,5343,0,0.02653668269258462,0
5825-XJOCM,One year,Bank transfer (automatic),DSL,64.4,2545,0,0.02653432284355255,0
2819-GWENI,One year,Mailed check,No,19.9,2987,0,0.02647669132318178,0
0885-HMGPY,Two year,Bank transfer (automatic),DSL,69.4,6469,0,0.026378849853375085,0
0336-PIKEI,Two year,Bank transfer (automatic),DSL,74.4,5590,0,0.026360375622043544,0
4227-OJHAL,One year,Credit card (automatic),DSL,73.0,4156,0,0.02633611176868437,0
8760-ZRHKE,One year,Electronic check,DSL,69.2,5546,0,0.026290397921276173,0
3785-KTYSH,Two year,Mailed check,No,24.6,4610,0,0.02626027457975328,0
4625-LAMOB,Two year,Credit card (automatic),No,20.4,2404,0,0.02621513753557644,0
6384-VMJHP,Two year,Credit card (automatic),DSL,73.0,5127,0,0.026212552278738224,0
2266-FUBDZ,Two year,Mailed check,No,19.35,2742,0,0.025992686899611987,0
9801-NOSHQ,One year,Mailed check,No,19.8,3058,0,0.025873591885465366,0
1960-UOTYM,Two year,Electronic check,DSL,79.2,4509,0,0.025860593320324005,0
4636-OLWOE,One year,Electronic check,DSL,61.0,5594,0,0.025829816876156056,0
1266-NZYUI,Two year,Bank transfer (automatic),DSL,66.85,6264,0,0.025668445732509048,0
3389-KTRXV,Two year,Mailed check,No,23.85,5945,0,0.02561973042298454,0
8143-ETQTI,Two year,Mailed check,No,19.65,4896,0,0.02544779581174055,0
6463-HHXJR,Two year,Bank transfer (automatic),Fiber optic,100.5,4080,0,0.025435379399438112,0
1699-TLDLZ,Two year,Mailed check,No,19.7,5293,0,0.025344836003459062,0
6609-MXJHJ,Two year,Mailed check,No,25.1,5851,0,0.025340239349838378,0
6754-WKSHP,One year,Bank transfer (automatic),No,25.35,5915,0,0.025303706697439577,0
0804-YGEQV,One year,Bank transfer (automatic),No,24.45,5119,0,0.025296209409168748,0
3154-HMWUU,Two year,Bank transfer (automatic),No,20.5,5848,0,0.02522001507481065,0
6614-YWYSC,Two year,Bank transfer (automatic),No,25.0,6421,0,0.02518375113831113,0
2143-LJULT,Two year,Credit card (automatic),No,25.25,5887,0,0.02512592042799883,0
2351-BKRZW,Two year,Bank transfer (automatic),DSL,75.2,3976,0,0.025049044397133242,0
2176-OSJUV,Two year,Bank transfer (automatic),DSL,65.15,4384,0,0.02500699151712457,0
3662-FXJFO,Two year,Mailed check,No,20.5,5946,0,0.02498747555483067,0
9372-TXXPS,Two year,Bank transfer (automatic),DSL,59.85,4029,0,0.02495858202727548,0
6164-HAQTX,Two year,Bank transfer (automatic),DSL,53.95,4094,0,0.02493344636882016,0
6087-YPWHO,Two year,Mailed check,DSL,68.15,4613,0,0.024867524730616347,0
0757-WCUUZ,Two year,Credit card (automatic),DSL,63.35,4232,0,0.024789582467833676,0
3460-TJBWI,Two year,Mailed check,No,24.2,5865,0,0.024777004766091234,0
8241-JUIQO,One year,Bank transfer (automatic),No,19.45,4559,0,0.02464861896930034,0
4891-NLUBA,Two year,Bank transfer (automatic),DSL,61.45,5063,0,0.02459221013882971,0
3764-MNMOI,Two year,Credit card (automatic),No,19.2,2776,0,0.024566685093952184,0
2068-WWXQZ,Two year,Bank transfer (automatic),No,20.05,2942,0,0.02448688751046482,0
1657-DYMBM,Two year,Credit card (automatic),No,19.9,4157,0,0.024479047431485292,0
6696-YDAYZ,Two year,Mailed check,No,20.5,2856,0,0.02439038275530437,0
6693-DJWTY,One year,Credit card (automatic),DSL,55.6,5964,0,0.02438747424113107,0
2404-JIBFC,Two year,Bank transfer (automatic),DSL,85.1,5661,0,0.02437048758511999,0
5583-EJXRD,Two year,Credit card (automatic),DSL,54.05,4896,0,0.024328786652693342,0
1241-EZFMJ,Two year,Bank transfer (automatic),No,25.45,6015,0,0.0243117386165722,0
9499-XPZXM,Two year,Bank transfer (automatic),DSL,64.75,4675,0,0.02417039962668013,0
5529-GIBVH,Two year,Mailed check,No,20.15,2618,0,0.024133789530714416,0
5519-TEEUH,One year,Mailed check,No,20.15,5759,0,0.024079907657084842,0
0932-YIXYU,Two year,Credit card (automatic),No,20.25,5134,0,0.024051925194334245,0
2335-GSODA,Two year,Mailed check,DSL,40.1,2327,0,0.024037445238156395,0
6961-MJKBO,Two year,Bank transfer (automatic),No,20.45,4342,0,0.02402017456075292,0
9639-BUJXT,One year,Mailed check,No,20.5,5997,0,0.02399930765043789,0
4785-FCIFB,Two year,Mailed check,No,24.4,4900,0,0.02391418104709004,0
4883-KCPZJ,Two year,Credit card (automatic),No,25.25,4386,0,0.023908825555616364,0
9359-JANWS,Two year,Credit card (automatic),DSL,58.9,5657,0,0.02390876803435144,0
1089-XZWHH,Two year,Mailed check,No,19.7,3594,0,0.023862789757990825,0
5227-JSCFE,Two year,Credit card (automatic),DSL,46.35,5421,0,0.023847232845789886,0
6522-OIQSX,Two year,Credit card (automatic),DSL,54.95,4175,0,0.02384412761096187,0
0562-KBDVM,Two year,Bank transfer (automatic),DSL,44.6,4442,0,0.023755248047600385,0
3569-VLDHH,One year,Electronic check,DSL,75.1,6123,0,0.02367710257145049,0
2405-LBMUW,One year,Bank transfer (automatic),DSL,50.7,5024,0,0.023666916954496284,0
1619-YWUBB,Two year,Credit card (automatic),No,24.95,6146,0,0.023628398909963693,0
3896-ZVNET,Two year,Mailed check,No,24.7,5302,0,0.023500545926614942,0
4994-OBRSZ,Two year,Bank transfer (automatic),DSL,76.1,2045,0,0.02332203195174848,0
4335-BSMJS,Two year,Credit card (automatic),No,25.8,6201,0,0.023320411634824283,0
2808-CHTDM,Two year,Mailed check,No,25.1,2267,0,0.023268336844452297,0
6370-ZVHDV,Two year,Bank transfer (automatic),No,25.3,4501,0,0.023169537985827174,0
8207-VVMYB,Two year,Bank transfer (automatic),No,26.0,6170,0,0.02312754414702206,0
7921-BEPCI,Two year,Bank transfer (automatic),DSL,59.75,4515,0,0.02312667381855513,0
8587-XYZSF,Two year,Bank transfer (automatic),DSL,50.55,6064,0,0.02308970898213207,0
4737-AQCPU,Two year,Credit card (automatic),DSL,72.1,4658,0,0.023083845070057625,0
4361-FEBGN,Two year,Credit card (automatic),No,20.15,4399,0,0.023013319706935507,0
6901-GOGZG,Two year,Electronic check,DSL,84.95,4104,0,0.023006850170053866,0
8540-ZQGEA,Two year,Credit card (automatic),No,20.05,4212,0,0.022691287958269524,0
7596-ZYWBB,Two year,Mailed check,DSL,59.6,4372,0,0.0226453476355184,0
3948-KXDUF,Two year,Bank transfer (automatic),DSL,68.75,5454,0,0.022634752901620123,0
6217-KDYWC,Two year,Mailed check,No,19.6,4393,0,0.02256345307992365,0
9916-AYHTC,Two year,Credit card (automatic),No,19.85,3779,0,0.022549432190757824,0
4804-NCPET,Two year,Mailed check,No,20.2,4821,0,0.022544813286624176,0
8067-NIOYM,Two year,Credit card (automatic),No,21.1,4368,0,0.022520584654052527,0
8510-TMWYB,Two year,Bank transfer (automatic),DSL,59.8,5898,0,0.022513241040128196,0
1080-BWSYE,Two year,Credit card (automatic),No,25.65,6469,0,0.022480407379691553,0
4299-OPXEJ,Two year,Bank transfer (automatic),No,19.55,5764,0,0.022440604169637904,0
5321-NTRKC,Two year,Bank transfer (automatic),DSL,79.85,6236,0,0.022373279362231976,0
2632-TACXW,Two year,Bank transfer (automatic),No,23.65,4671,0,0.0222006329435116,0
3148-AOIQT,Two year,Credit card (automatic),No,24.95,4106,0,0.02214181288117061,0
2599-CIPQE,Two year,Credit card (automatic),Fiber optic,109.3,5737,0,0.02210773126549802,0
1498-NHTLT,Two year,Electronic check,DSL,86.75,5020,0,0.022101989045559964,0
9945-PSVIP,Two year,Mailed check,No,18.7,2289,0,0.0220915893137548,0
9067-YGSCA,One year,Credit card (automatic),No,26.05,4467,0,0.022025365352337654,0
0191-EQUUH,Two year,Bank transfer (automatic),DSL,35.05,2754,0,0.022013073567480192,0
4293-ETKAP,Two year,Bank transfer (automatic),DSL,79.4,4023,0,0.021999905181174832,0
0281-CNTZX,Two year,Bank transfer (automatic),No,19.95,5151,0,0.02197268724301835,0
2606-PKWJB,One year,Mailed check,DSL,40.25,4288,0,0.021944497065670757,0
2892-GESUL,Two year,Mailed check,No,19.35,2269,0,0.021930887685433286,0
5859-HZYLF,Two year,Credit card (automatic),No,19.15,4347,0,0.02187610441499442,0
5472-CVMDX,Two year,Mailed check,DSL,38.9,5278,0,0.021871747801113194,0
0071-NDAFP,Two year,Credit card (automatic),No,25.5,5230,0,0.021860207008049207,0
5788-YPOEG,Two year,Mailed check,DSL,84.75,2020,0,0.021857395954751342,0
8999-EXMNO,Two year,Mailed check,No,20.15,4246,0,0.02176229789105533,0
8701-DGLVH,Two year,Mailed check,No,20.45,6097,0,0.02175691519604525,0
5666-MBJPT,Two year,Bank transfer (automatic),No,25.1,5449,0,0.021643817598315383,0
4573-JKNAE,Two year,Bank transfer (automatic),No,19.35,2558,0,0.021636301039411755,0
2817-LVCPP,Two year,Credit card (automatic),No,19.4,6233,0,0.021617846934872086,0
2550-AEVRU,One year,Electronic check,DSL,53.45,5660,0,0.02152558781838486,0
9286-BHDQG,Two year,Credit card (automatic),DSL,45.25,5041,0,0.021448158994823056,0
1223-UNPKS,Two year,Mailed check,No,20.05,4328,0,0.021412845247829444,0
3913-RDSJZ,Two year,Mailed check,No,25.55,4312,0,0.02136786698599564,0
8645-KOMJQ,Two year,Bank transfer (automatic),DSL,81.95,6182,0,0.021361343761894833,0
5296-PSYVW,Two year,Electronic check,No,24.55,4169,0,0.021223601965058646,0
6734-PSBAW,Two year,Bank transfer (automatic),No,23.55,5901,0,0.021160703514162472,0
8606-OEGQZ,Two year,Credit card (automatic),No,25.3,3416,0,0.021134579426224546,0
1403-LKLIK,One year,Mailed check,No,20.1,3342,0,0.021122553748750536,0
1231-YNDEK,Two year,Bank transfer (automatic),No,19.15,6339,0,0.02112104917814705,0
7014-ZZXAW,Two year,Credit card (automatic),No,24.25,5409,0,0.020978735597993337,0
4458-KVRBJ,Two year,Mailed check,No,25.0,5537,0,0.02096140100149279,0
5605-XNWEN,Two year,Bank transfer (automatic),No,25.0,4055,0,0.02076954674711054,0
2452-MRMZF,Two year,Credit card (automatic),No,25.7,5079,0,0.020755514353016834,0
2193-SFWQW,Two year,Bank transfer (automatic),Fiber optic,111.95,4004,0,0.02068137093941967,0
1241-FPMOF,Two year,Mailed check,No,19.65,5157,0,0.020601959491751698,0
8361-LBRDI,Two year,Credit card (automatic),No,24.35,6190,0,0.020587704205366132,0
6625-FLENO,Two year,Mailed check,No,20.75,4927,0,0.02054030517438673,0
3027-YNWZU,Two year,Credit card (automatic),No,25.0,5538,0,0.02052896054799455,0
2961-VNFKL,Two year,Credit card (automatic),No,25.95,5072,0,0.020496657877345444,0
9964-WBQDJ,Two year,Credit card (automatic),No,24.4,4412,0,0.02049135956108181,0
9958-MEKUC,Two year,Credit card (automatic),Fiber optic,103.95,4495,0,0.020472271805637217,0
6917-FIJHC,Two year,Mailed check,No,26.0,5374,0,0.020467329620718833,0
5849-ASHZJ,One year,Credit card (automatic),No,20.05,2400,0,0.020457368877080752,0
0374-FIUCA,Two year,Credit card (automatic),No,20.4,5368,0,0.020448575227665865,0
3612-YVGSJ,Two year,Credit card (automatic),No,24.45,4742,0,0.020415421883292328,0
9581-GVBXT,One year,Mailed check,DSL,34.8,6300,0,0.020398629202429023,0
4565-NLZBV,Two year,Bank transfer (automatic),No,24.65,4015,0,0.02038912956143812,0
3653-NCRDJ,One year,Mailed check,No,19.2,5594,0,0.020360722059893536,0
0626-QXNGV,Two year,Credit card (automatic),No,24.15,5613,0,0.02030506402152475,0
3021-VLNRJ,One year,Credit card (automatic),DSL,70.8,4798,0,0.020300386717640777,0
9717-IOAAF,Two year,Credit card (automatic),No,25.85,2682,0,0.02021121126223804,0
5453-YBTWV,Two year,Credit card (automatic),Fiber optic,101.1,4226,0,0.020153779003604703,0
5821-MMEIL,Two year,Bank transfer (automatic),No,19.9,4408,0,0.020071769096481142,0
0263-FJTQO,Two year,Credit card (automatic),DSL,70.5,4022,0,0.020067845796665755,0
1240-HCBOH,Two year,Mailed check,No,26.1,6466,0,0.02006722065272078,0
4698-KVLLG,Two year,Credit card (automatic),No,19.6,4224,0,0.0200665544849668,0
8008-OTEZX,One year,Mailed check,No,19.65,3739,0,0.020051092373612713,0
7996-MHXLW,Two year,Credit card (automatic),No,25.15,6141,0,0.01999149800326977,0
1955-IBMMB,Two year,Bank transfer (automatic),No,20.2,5216,0,0.01997875434370027,0
1926-QUZNN,Two year,Bank transfer (automatic),No,25.25,4551,0,0.019969150783001623,0
1757-TCATG,One year,Bank transfer (automatic),No,20.05,3942,0,0.019923830901913377,0
9087-EYCPR,Two year,Mailed check,No,25.0,6355,0,0.01977643316393579,0
4807-IZYOZ,Two year,Bank transfer (automatic),No,20.65,4725,0,0.019763816818914405,0
6546-OPBBH,One year,Mailed check,No,23.95,5895,0,0.019755252118702216,0
4962-CHQPW,One year,Mailed check,No,19.85,2941,0,0.019693172040256664,0
1460-UZPRJ,Two year,Mailed check,No,19.95,5971,0,0.019633362266863044,0
4342-HFXWS,One year,Bank transfer (automatic),DSL,69.7,3442,0,0.019613164456452573,0
5668-MEISB,Two year,Credit card (automatic),Fiber optic,106.1,5146,0,0.01958426647994276,0
5696-JVVQY,Two year,Credit card (automatic),DSL,70.1,5476,0,0.01946951030567914,0
5627-TVBPP,One year,Credit card (automatic),No,20.1,3726,0,0.019467208851172552,0
9507-HSMMZ,Two year,Mailed check,No,20.0,6094,0,0.019453337052378433,0
0607-DAAHE,Two year,Bank transfer (automatic),No,19.75,6265,1,0.019431546332636475,0
3212-KXOCR,Two year,Bank transfer (automatic),No,21.0,4158,0,0.019343784846541846,0
5622-UEJFI,Two year,Credit card (automatic),No,25.4,5070,0,0.01933277407756897,0
9548-ZMVTX,Two year,Bank transfer (automatic),Fiber optic,90.45,4461,0,0.01929059296411517,0
8265-HKSOW,Two year,Credit card (automatic),Fiber optic,107.45,4505,0,0.0192809777554432,0
3429-IFLEM,Two year,Credit card (automatic),DSL,77.35,4846,0,0.01921179620461839,0
8441-SHIPE,Two year,Bank transfer (automatic),No,25.6,5183,0,0.019178591539920676,0
7711-YIJWC,One year,Bank transfer (automatic),DSL,84.9,4413,0,0.019156139984426335,0
9814-AOUDH,Two year,Credit card (automatic),No,19.5,5625,0,0.01907445058708089,0
7688-AWMDX,Two year,Bank transfer (automatic),DSL,54.5,4957,0,0.01903294013873279,0
0621-CXBKL,Two year,Mailed check,No,18.7,4116,0,0.01902754070093373,0
2675-IJRGJ,Two year,Bank transfer (automatic),No,19.65,5878,0,0.019024571082721792,0
8590-YFFQO,Two year,Credit card (automatic),DSL,64.95,5669,0,0.018965090726628255,0
2146-EGVDT,Two year,Credit card (automatic),No,19.3,4149,0,0.018940321141920943,0
9950-MTGYX,Two year,Credit card (automatic),No,20.3,2948,0,0.018851416875297438,0
0298-XACET,Two year,Mailed check,DSL,50.2,5396,0,0.018797027426634968,0
2498-XLDZR,Two year,Mailed check,DSL,73.6,4343,0,0.018767268188672855,0
6349-JDHQP,Two year,Credit card (automatic),No,19.85,6338,0,0.018730168677743336,0
9504-YAZWB,Two year,Mailed check,No,20.25,4218,0,0.018696412298473176,0
3873-WOSBC,Two year,Credit card (automatic),No,25.6,4879,0,0.018591143203147857,0
2228-BZDEE,Two year,Mailed check,No,20.1,5755,0,0.01853440035463732,0
9764-REAFF,Two year,Bank transfer (automatic),No,18.4,4375,0,0.018523655177850727,0
4295-YURET,Two year,Credit card (automatic),DSL,72.6,6357,0,0.018478664910951084,0
2560-WBWXF,Two year,Bank transfer (automatic),No,24.15,5987,0,0.018406837191622533,0
6923-AQONU,Two year,Mailed check,No,20.9,4076,0,0.01839868457687196,0
5751-USDBL,Two year,Mailed check,DSL,81.0,4280,0,0.01836701931554087,0
7665-NKLAV,Two year,Credit card (automatic),DSL,40.65,2564,0,0.018209709471329102,0
1167-OYZJF,Two year,Bank transfer (automatic),No,20.05,4934,0,0.018199258046107333,0
0969-RGKCU,One year,Credit card (automatic),No,19.8,5137,0,0.018163685586493655,0
2725-IWWBA,One year,Mailed check,DSL,56.9,4258,0,0.018150994958745472,0
7973-DZRKH,Two year,Credit card (automatic),Fiber optic,90.95,6204,0,0.01811367888261525,0
0354-VXMJC,Two year,Credit card (automatic),No,19.6,4617,0,0.018069075654781414,0
3768-VHXQO,Two year,Credit card (automatic),No,24.85,4833,0,0.01805512861597346,0
5126-RCXYW,Two year,Credit card (automatic),DSL,46.0,4451,0,0.018050822586554483,0
0229-LFJAF,Two year,Bank transfer (automatic),DSL,69.65,4262,0,0.018016240540505418,0
7427-AUFPY,Two year,Credit card (automatic),No,19.65,5708,0,0.018008928185485724,0
1897-OKVMW,Two year,Mailed check,DSL,90.6,5240,0,0.017946059165850195,0
6134-KWTBV,Two year,Bank transfer (automatic),No,23.4,5822,0,0.017846564026763153,0
1534-OULXE,One year,Bank transfer (automatic),DSL,49.7,4577,0,0.01784459180297011,0
2137-DQMEV,One year,Mailed check,DSL,44.8,4112,0,0.01783938032535611,0
1177-XZBJL,One year,Bank transfer (automatic),DSL,64.15,5570,0,0.01778084569107458,0
0016-QLJIS,Two year,Mailed check,DSL,90.45,5509,0,0.01776288498174331,0
3070-FNFZQ,Two year,Bank transfer (automatic),No,20.4,4698,0,0.017761513489256493,0
0654-PQKDW,One year,Bank transfer (automatic),DSL,70.75,4133,0,0.017743546756044982,0
2072-ZVJJX,Two year,Bank transfer (automatic),No,25.25,4571,0,0.01771016818570201,0
5322-ZSMZY,Two year,Mailed check,No,25.75,5472,0,0.017678005371842172,0
8173-RXAYP,Two year,Mailed check,No,19.7,4642,0,0.017671972277757842,0
6199-IPCAO,Two year,Mailed check,No,26.1,2828,0,0.017664025211396518,0
8590-OHDIW,One year,Mailed check,No,20.3,4686,0,0.017643741466635676,0
9888-ZCUMM,Two year,Bank transfer (automatic),DSL,60.05,4120,0,0.017637192885133643,0
3118-UHVVQ,Two year,Credit card (automatic),No,25.8,4747,0,0.017637018480662518,0
8232-CTLKO,Two year,Electronic check,DSL,59.75,5979,0,0.01755517195042907,0
1930-QPBVZ,Two year,Bank transfer (automatic),Fiber optic,95.1,5748,0,0.017503929302220275,0
1552-CZCLL,Month-to-month,Credit card (automatic),No,20.0,4277,0,0.01746732451202617,0
0739-UUAJR,Two year,Credit card (automatic),DSL,53.8,4954,0,0.017463419647446528,0
3566-CAAYU,Two year,Electronic check,DSL,49.85,5644,0,0.01742652038402144,0
8450-LUGUK,Two year,Bank transfer (automatic),No,24.1,3753,0,0.01741151867726481,0
5699-BNCAS,Two year,Mailed check,No,24.65,4788,0,0.017409338681687977,0
0704-VCUMB,Two year,Credit card (automatic),No,20.25,5974,0,0.017400511822633972,0
1172-VIYBP,Two year,Bank transfer (automatic),DSL,69.7,4975,0,0.017382947185763144,0
8619-IJNDK,Two year,Credit card (automatic),DSL,64.05,4374,0,0.0173717776023566,0
8838-GPHZP,Two year,Mailed check,No,20.6,6469,0,0.017362576263281616,0
1705-GUHPV,Two year,Mailed check,No,24.2,4948,0,0.017339521275005362,0
8434-VGEQQ,Two year,Credit card (automatic),No,20.55,4446,0,0.017331984808000918,0
7452-FOLON,One year,Bank transfer (automatic),No,25.45,5986,0,0.017329909883404715,0
3544-FBCAS,Two year,Credit card (automatic),DSL,83.6,4116,0,0.01728564728896781,0
2696-RZVZW,Two year,Credit card (automatic),No,25.05,4187,0,0.017102552987736226,0
9953-ZMKSM,Two year,Mailed check,No,25.25,4530,0,0.01709264914744273,0
4487-ZYJZK,One year,Credit card (automatic),No,19.6,4623,0,0.017085031078856304,0
7267-FRMJW,Two year,Mailed check,No,20.1,5306,0,0.01706144360536732,0
3635-QQRQD,Two year,Credit card (automatic),No,20.05,4568,0,0.017008328941809932,0
5406-KGRMX,Two year,Electronic check,No,24.55,4555,0,0.01694859739394777,0
6762-QVYJO,Two year,Mailed check,DSL,59.75,4678,0,0.01684115216084246,0
6010-DDPPW,Two year,Bank transfer (automatic),No,25.15,4279,0,0.01677021856282468,0
1830-GGFNM,Two year,Credit card (automatic),Fiber optic,94.55,4603,0,0.01671567088476629,0
8857-CUPFQ,Two year,Mailed check,No,19.25,4538,0,0.01669916354676022,0
2256-YLYLP,Two year,Bank transfer (automatic),DSL,72.95,4499,0,0.01669273043320001,0
3970-XGJDU,Two year,Credit card (automatic),No,19.2,4937,0,0.016688644310443604,0
1506-YJTYT,Two year,Credit card (automatic),DSL,73.85,5264,0,0.016684229826359594,0
1635-HDGFT,Two year,Mailed check,No,20.5,4855,0,0.016684149374233896,0
4990-ALDGW,Two year,Mailed check,No,20.75,6271,0,0.016582793101055787,0
0277-ORXQS,Two year,Bank transfer (automatic),DSL,50.55,4652,0,0.01657491781285314,0
0971-QIFJK,Two year,Bank transfer (automatic),No,24.25,4884,0,0.01656742825588683,0
7153-CHRBV,One year,Mailed check,DSL,59.3,6287,0,0.016557702992987634,0
3745-HRPHI,Two year,Bank transfer (automatic),DSL,54.65,4051,0,0.016556732472291447,0
5996-EBTKM,Two year,Bank transfer (automatic),DSL,69.9,6079,0,0.016522919951332805,0
2900-PHPLN,Two year,Credit card (automatic),No,19.55,5209,0,0.016514142924049957,0
7706-YLMQA,One year,Bank transfer (automatic),No,19.7,6072,0,0.016491968207192575,0
1333-PBMXB,One year,Bank transfer (automatic),No,24.75,6466,0,0.016471619770815633,0
3836-FZSDJ,Two year,Bank transfer (automatic),No,24.85,4367,0,0.016410640785362515,0
9227-YBAXE,Two year,Bank transfer (automatic),DSL,82.5,5314,0,0.01640803686939211,0
8464-EETCQ,Two year,Credit card (automatic),No,18.8,6466,0,0.016381360075207532,0
6772-WFQRD,One year,Bank transfer (automatic),No,20.4,3200,0,0.016360258731686388,0
4589-IUAJB,Two year,Bank transfer (automatic),No,24.25,4118,0,0.01624241870191352,0
7161-DFHUF,Two year,Mailed check,No,23.85,6166,0,0.01623017665704395,0
7771-CFQRQ,Two year,Bank transfer (automatic),DSL,63.8,5144,0,0.016173990368232718,0
1131-QQZEB,Two year,Bank transfer (automatic),No,23.95,4329,0,0.01617391801058012,0
5334-AFQJB,Two year,Credit card (automatic),No,25.1,5751,0,0.016083036777589623,0
2097-YVPKN,Two year,Mailed check,No,25.75,5707,0,0.016068224138080987,0
1088-AUUZZ,Two year,Credit card (automatic),DSL,75.85,5314,0,0.01604374196156592,0
9541-ZPSEA,Two year,Credit card (automatic),Fiber optic,80.35,5954,0,0.01603699501147346,0
1635-NZATJ,Two year,Credit card (automatic),No,25.45,5341,0,0.015989009481817765,0
3646-ITDGM,Two year,Bank transfer (automatic),No,19.7,4831,0,0.01598743343025993,0
6139-ZZRBQ,Two year,Bank transfer (automatic),No,20.05,4309,0,0.01596130441456282,0
8295-KMENE,Two year,Mailed check,DSL,76.45,5978,0,0.015901587199575663,0
8148-NLEGT,Two year,Electronic check,No,22.95,4650,0,0.015860755686920032,0
1987-AUELQ,Two year,Credit card (automatic),No,25.05,6334,0,0.015855699966053776,0
6369-MCAKO,Two year,Bank transfer (automatic),DSL,89.05,5001,0,0.015824086411559912,0
7493-GVFIO,Two year,Credit card (automatic),No,20.55,4565,0,0.015806444180118,0
8774-GSBUN,Two year,Mailed check,No,25.4,6011,0,0.015788213040131387,0
3978-YNKDD,Two year,Credit card (automatic),No,20.85,2654,0,0.0157773702758188,0
5249-QYHEX,Two year,Mailed check,No,24.8,3021,0,0.015760779934016006,0
1767-CJKBA,Two year,Mailed check,No,25.1,6025,0,0.015740953610372088,0
7969-FFOWG,Two year,Mailed check,No,19.9,6312,0,0.015702379827491147,0
4609-KNNWG,Two year,Mailed check,No,19.9,4870,0,0.01564473065850808,0
5846-ABOBJ,Two year,Bank transfer (automatic),No,24.45,4766,0,0.015644614091506658,0
5498-IBWPI,One year,Credit card (automatic),DSL,49.4,5232,0,0.01564444052230747,0
9084-OAYKL,Two year,Mailed check,No,20.8,4758,0,0.015644230184176544,0
8749-TZYEC,Two year,Credit card (automatic),No,24.8,6251,0,0.015554677498773923,0
4443-EMBNA,Two year,Bank transfer (automatic),No,24.75,4642,0,0.015472610602329944,0
0780-XNZFN,Two year,Bank transfer (automatic),No,20.65,4193,0,0.015411821043283404,0
6656-GULJQ,Two year,Credit card (automatic),DSL,83.55,5940,0,0.015395356540405632,0
3774-VBNXY,Two year,Mailed check,No,20.2,4557,0,0.015387011697311884,0
2169-RRLFW,Two year,Credit card (automatic),No,25.6,5063,0,0.015361572864006903,0
4312-KFRXN,Two year,Mailed check,No,25.4,5512,0,0.015356253705155806,0
7850-THJMU,Two year,Credit card (automatic),No,19.65,4184,0,0.015345316280040254,0
0057-QBUQH,Two year,Electronic check,No,25.1,4797,0,0.015336639658750647,0
9028-LIHRP,Two year,Credit card (automatic),Fiber optic,100.2,5502,0,0.015317688390425695,0
4518-FZBSX,One year,Mailed check,No,20.25,4439,0,0.015230955678962288,0
7977-HXJKU,Two year,Mailed check,No,19.6,2447,0,0.01509185606067363,0
6323-AYBRX,Two year,Mailed check,No,19.35,5084,1,0.015055578628955612,0
4707-MAXGU,Two year,Credit card (automatic),No,25.85,5514,0,0.015033954053936064,0
8735-SDUFN,Two year,Bank transfer (automatic),No,24.3,4397,0,0.015026831303499105,0
9385-EHGDO,Two year,Mailed check,No,19.85,4177,0,0.015014354755564075,0
5774-QPLTF,One year,Mailed check,No,20.35,6391,0,0.015007016501331507,0
4836-WNFNO,Two year,Credit card (automatic),No,25.0,6126,0,0.014992536279344352,0
6848-HJTXY,Two year,Credit card (automatic),No,19.45,5628,0,0.014980222061600648,0
9153-BTBVV,Two year,Bank transfer (automatic),No,25.0,4066,0,0.014964875101220134,0
4231-LZUYM,Two year,Bank transfer (automatic),No,25.65,5613,0,0.014940025784746756,0
9415-ZNBSX,Two year,Bank transfer (automatic),DSL,89.0,5650,0,0.014910759927385981,0
8347-GDTMP,Two year,Credit card (automatic),No,19.45,5113,0,0.014884864653155703,0
7115-IRDHS,Two year,Bank transfer (automatic),No,24.65,5065,0,0.01487848717043724,0
5397-NSKQG,Two year,Credit card (automatic),DSL,50.9,5281,0,0.014877456048795545,0
6892-BOGQE,Two year,Bank transfer (automatic),No,20.9,4030,0,0.014859833077499222,0
7941-RCJOW,Two year,Credit card (automatic),No,19.55,4309,0,0.014855142706347595,0
7216-KAOID,One year,Bank transfer (automatic),No,19.5,2446,0,0.014851086824330114,0
6332-FBZRI,One year,Credit card (automatic),DSL,69.35,5589,0,0.014752018353343159,0
4176-RELJR,Two year,Credit card (automatic),No,25.1,6388,0,0.014739577761926666,0
2509-TFPJU,Two year,Credit card (automatic),No,25.75,4413,0,0.01471940811946943,0
4077-HWUYD,Two year,Bank transfer (automatic),DSL,87.55,5341,0,0.014708969069929363,0
6122-LJADA,Two year,Credit card (automatic),DSL,90.15,5824,0,0.014693911083630528,0
5567-GZKQY,Two year,Credit card (automatic),No,20.3,4335,0,0.014692829117728632,0
6408-WHTEF,Two year,Mailed check,DSL,89.4,6044,0,0.014674832736876864,0
4827-DPADN,Two year,Bank transfer (automatic),DSL,83.3,4505,0,0.01466266279499718,0
5982-XMDEX,Two year,Bank transfer (automatic),No,26.5,4404,0,0.014661511161793253,0
8747-UDCOI,Two year,Bank transfer (automatic),No,19.35,5076,0,0.014643288628576152,0
7096-ZNBZI,Two year,Credit card (automatic),No,26.45,5534,0,0.014629969569436591,0
5248-RPYWW,Two year,Bank transfer (automatic),DSL,90.15,4606,0,0.014602943574690408,0
2725-TTRIQ,Two year,Bank transfer (automatic),DSL,84.2,5598,0,0.01455695663471113,0
8237-ULIXL,Two year,Credit card (automatic),No,24.85,4067,0,0.014515577477181817,0
2211-RMNHO,Two year,Bank transfer (automatic),DSL,85.3,4732,0,0.014480781305257446,0
2511-ALLCS,Two year,Bank transfer (automatic),No,24.3,5998,0,0.014446909598696453,0
7167-PCEYD,Two year,Mailed check,No,19.8,4260,0,0.014347188936864987,0
6484-LATFU,Two year,Mailed check,No,24.55,6042,0,0.014335938124845625,0
2661-GKBTK,Two year,Bank transfer (automatic),DSL,76.95,5053,0,0.014240713603220581,0
4955-VCWBI,One year,Mailed check,No,20.0,4882,0,0.014232649299563785,0
4896-CPRPF,Two year,Bank transfer (automatic),No,25.45,4873,0,0.014158911972255434,0
3454-JFUBC,Two year,Credit card (automatic),No,20.0,6136,0,0.014105110847351467,0
1492-KGETH,One year,Bank transfer (automatic),DSL,78.35,4422,0,0.013926869028283726,0
9348-ROUAI,Two year,Credit card (automatic),DSL,90.3,4617,0,0.01385241562363545,0
1270-XKUCC,Two year,Mailed check,No,19.7,5045,0,0.013793983930334592,0
4641-FROLU,Two year,Mailed check,No,19.3,4453,0,0.01374827635069207,0
1945-XISKS,Two year,Mailed check,No,19.65,4994,0,0.013747742811481847,0
7114-AEOZE,Two year,Bank transfer (automatic),No,19.85,6213,0,0.013745982228493013,0
3508-VLHCZ,Two year,Credit card (automatic),DSL,90.55,6009,0,0.013609898317864183,0
4718-WXBGI,Two year,Credit card (automatic),DSL,91.95,4403,0,0.013606155953352293,0
0625-AFOHS,Two year,Mailed check,No,20.2,2784,0,0.013605888424797121,0
0254-WWRKD,One year,Credit card (automatic),DSL,50.55,5122,0,0.013583934399557629,0
3373-DIUUN,Two year,Mailed check,No,21.25,3047,0,0.013545665561728731,0
4656-CAURT,Two year,Bank transfer (automatic),No,23.95,6059,0,0.013486257934174966,0
3696-DFHHB,Two year,Bank transfer (automatic),No,25.5,5182,0,0.013480712679703787,0
5177-RVZNU,One year,Bank transfer (automatic),No,20.3,4186,0,0.013450878789134806,0
5727-MYATE,Two year,Credit card (automatic),DSL,90.8,5028,0,0.01343911332889909,0
2525-GVKQU,Two year,Mailed check,No,20.6,4192,0,0.01342033624673164,0
1335-MXCSE,Two year,Credit card (automatic),DSL,55.25,5821,0,0.013352833530650848,0
5707-ZMDJP,Two year,Mailed check,DSL,69.7,4590,0,0.01333842870979455,0
8966-KZXXA,Two year,Credit card (automatic),No,25.1,3040,0,0.013310929148948344,0
3308-DGHKL,Two year,Bank transfer (automatic),No,19.3,5028,0,0.013254682469355903,0
1269-FOYWN,One year,Bank transfer (automatic),No,20.0,3743,0,0.013246576650177982,0
0567-XRHCU,Two year,Credit card (automatic),DSL,43.95,4479,0,0.013169795385662656,0
9500-WBGRP,Two year,Mailed check,No,19.1,4535,0,0.013160919661032127,0
5480-XTFFL,Two year,Mailed check,No,21.0,5225,0,0.013152289186001252,0
4335-UPJSI,Two year,Mailed check,No,19.75,2639,0,0.013033091913023667,0
4635-EJYPD,Two year,Mailed check,No,18.95,4735,0,0.013000504962511603,0
6345-FZOQH,Two year,Mailed check,No,19.9,5570,0,0.012977085985088153,0
9067-SQTNS,One year,Bank transfer (automatic),No,20.6,2471,0,0.012957845928267207,0
0301-FIDRB,Two year,Bank transfer (automatic),DSL,63.8,6107,0,0.012931391168969445,0
7103-ZGVNT,One year,Credit card (automatic),DSL,73.7,4268,0,0.012926738783956886,0
9418-RUKPH,Two year,Mailed check,No,19.95,3614,0,0.012889651999405219,0
2824-DXNKN,Two year,Bank transfer (automatic),DSL,71.45,5656,0,0.012878674112184598,0
5266-PFRQK,One year,Credit card (automatic),No,20.85,4886,0,0.012878110216893904,0
8050-XGRVL,One year,Credit card (automatic),DSL,54.75,5010,0,0.012840221105277173,0
8874-EJNSR,Two year,Mailed check,No,25.2,5453,0,0.012792996507195944,0
5656-JAMLX,Two year,Bank transfer (automatic),No,19.85,4278,0,0.012672767880364833,0
9055-MOJJJ,One year,Mailed check,DSL,65.8,4754,0,0.012623290831953115,0
9397-TZSHA,Two year,Credit card (automatic),No,24.6,5294,0,0.012572063043063391,0
8577-QSOCG,Two year,Mailed check,No,20.2,2631,0,0.012560549454290193,0
5360-XGYAZ,Two year,Bank transfer (automatic),DSL,65.65,4934,0,0.012479091939281641,0
8902-ZEOVF,One year,Mailed check,No,20.05,5183,0,0.012462231265865077,0
5743-KHMNA,Two year,Bank transfer (automatic),No,25.55,6305,0,0.012429929040474097,0
2616-FLVQC,Two year,Mailed check,No,19.55,6036,0,0.012391040772506117,0
9650-VBUOG,Two year,Credit card (automatic),No,25.05,3772,0,0.012365802681510114,0
9443-JUBUO,Two year,Credit card (automatic),DSL,65.25,6412,0,0.012311645764741393,0
2160-GPFXD,Two year,Credit card (automatic),DSL,65.65,5725,0,0.01230239016746183,0
8292-ITGYJ,Two year,Bank transfer (automatic),No,24.65,3043,0,0.012296137098938955,0
2885-HIJDH,Two year,Bank transfer (automatic),DSL,86.9,4667,0,0.012288390637004478,0
9585-KKMFD,Two year,Mailed check,No,20.0,5743,0,0.0122395234046676,0
8414-OOEEL,Two year,Credit card (automatic),DSL,79.5,4285,0,0.012219785000195426,0
2984-RGEYA,Two year,Bank transfer (automatic),No,19.75,5325,0,0.012203974829264268,0
3227-WLKLI,Two year,Bank transfer (automatic),DSL,91.55,4921,0,0.012141690420370022,0
7164-BPTUT,Two year,Mailed check,DSL,89.55,4260,0,0.012064497427243229,0
6813-GZQCG,Two year,Credit card (automatic),No,24.65,2194,0,0.012051134315554244,0
3704-IEAXF,Two year,Credit card (automatic),DSL,53.65,5498,0,0.011990171498414434,0
1839-FBNFR,Two year,Bank transfer (automatic),No,19.85,3032,0,0.01198147125089691,0
0795-XCCTE,Two year,Bank transfer (automatic),No,25.4,6141,0,0.011945733295883403,0
1116-FRYVH,Two year,Mailed check,DSL,39.4,5701,0,0.011841635120541809,0
6060-QBMGV,Two year,Credit card (automatic),No,19.85,4442,0,0.011730571104092955,0
3769-MHZNV,Two year,Mailed check,No,20.1,3700,0,0.011729786982125866,0
8690-ZVLCL,Two year,Credit card (automatic),DSL,88.0,5436,0,0.011702329654555524,0
5320-BRKGK,Two year,Mailed check,DSL,75.8,4292,0,0.011677954017434404,0
8544-JNBOX,Two year,Mailed check,No,20.8,4626,0,0.011670775542652535,0
9392-XBGTD,Two year,Mailed check,No,20.6,2924,0,0.011667519229128388,0
3950-VPYJB,One year,Mailed check,DSL,59.6,4778,0,0.011641296118371908,0
3973-SKMLN,Two year,Credit card (automatic),No,19.9,5308,0,0.011622095216437612,0
8966-SNIZF,Two year,Bank transfer (automatic),No,19.45,5540,0,0.011570215457685907,0
7602-DBTOU,Two year,Mailed check,No,19.6,4890,0,0.011535402553575522,0
8092-NLTGF,Two year,Bank transfer (automatic),No,24.75,5398,0,0.011519200021728085,0
0505-SPOOW,Two year,Bank transfer (automatic),No,19.8,4500,0,0.011491445453665827,0
7018-FPXHH,Two year,Bank transfer (automatic),DSL,59.8,4964,0,0.011448121305396871,0
2595-KIWPV,Two year,Credit card (automatic),No,19.7,4052,0,0.011393944875211967,0
7606-BPHHN,Two year,Credit card (automatic),No,19.8,5368,0,0.011381063712681636,0
3050-RLLXC,Two year,Credit card (automatic),DSL,81.25,5907,0,0.011377449110171764,0
0363-SVHYR,Two year,Bank transfer (automatic),DSL,86.85,6452,0,0.011184551360752935,0
3472-QPRCH,Two year,Credit card (automatic),No,25.25,3217,0,0.011175118596185288,0
8285-ABVLB,Two year,Credit card (automatic),No,19.85,4311,0,0.011155100274050984,0
2545-LXYVJ,Two year,Bank transfer (automatic),No,20.7,6317,0,0.011131991697653753,0
7340-KEFQE,Two year,Bank transfer (automatic),DSL,34.2,6404,0,0.011115649964815387,0
7601-GNDYK,Two year,Mailed check,No,19.6,3764,0,0.011087364112624632,0
0404-AHASP,Two year,Credit card (automatic),No,19.7,6436,0,0.011082182509498004,0
5845-BZZIB,Two year,Mailed check,No,20.1,4517,0,0.01107298318061568,0
2729-VNVAP,Two year,Credit card (automatic),No,19.8,2635,0,0.010955942802168286,0
3910-MRQOY,Two year,Bank transfer (automatic),No,19.4,5398,0,0.010928820253451996,0
5598-IKHQQ,Two year,Credit card (automatic),No,25.45,4118,0,0.01090127738235791,0
2378-YIZKA,Two year,Credit card (automatic),DSL,85.0,6221,0,0.010872822048578432,0
0825-CPPQH,Two year,Credit card (automatic),No,19.1,4241,0,0.010867444745828007,0
1302-TPUBN,Two year,Bank transfer (automatic),No,19.35,5637,0,0.010812854327381948,0
2569-WGERO,Two year,Bank transfer (automatic),No,21.15,5306,0,0.010808337986885711,0
1927-QEWMY,Two year,Credit card (automatic),No,20.5,6302,0,0.01079755956562803,0
3451-VAWLI,Two year,Credit card (automatic),No,19.7,5636,0,0.010771685612014338,0
2848-YXSMW,Two year,Credit card (automatic),No,19.4,5234,0,0.010752833695957932,0
1209-VFFOC,Two year,Mailed check,DSL,56.4,4556,0,0.010742900283969995,0
2208-NKVVH,Two year,Mailed check,No,24.25,4432,0,0.010739897215516447,0
1591-XWLGB,Two year,Credit card (automatic),No,19.85,4121,0,0.010708751982381783,0
2580-ATZSQ,One year,Bank transfer (automatic),DSL,61.35,6354,0,0.010690353062142543,0
6479-SZPLM,Two year,Credit card (automatic),No,19.45,5745,0,0.01065835247474014,0
1027-LKKQQ,Two year,Bank transfer (automatic),DSL,80.45,4480,0,0.010620902627501866,0
5730-DBDSI,Two year,Bank transfer (automatic),No,19.7,4601,0,0.010557760750194725,0
6439-PKTRR,Two year,Electronic check,DSL,80.7,4412,0,0.010509814549323928,0
7463-IFMQU,Two year,Bank transfer (automatic),No,20.05,4747,0,0.010499861320840164,0
4674-HGNUA,Two year,Credit card (automatic),DSL,89.9,4444,0,0.010478324273775649,0
5146-YYFRZ,Two year,Bank transfer (automatic),No,19.95,6212,0,0.010462543832806663,0
4915-BFSXL,Two year,Credit card (automatic),DSL,68.95,4858,0,0.010456933928397017,0
2263-SFSQZ,Two year,Mailed check,No,24.95,5461,0,0.010409733147479684,0
0730-BGQGF,Two year,Credit card (automatic),DSL,90.3,6291,0,0.010401766049437927,0
5787-KXGIY,Two year,Credit card (automatic),No,19.3,4035,0,0.010395637823295787,0
8722-PRFDV,Two year,Credit card (automatic),DSL,77.55,5097,0,0.010384699209995641,0
3262-EIDHV,Two year,Credit card (automatic),DSL,84.7,6375,0,0.010375325756747197,0
5117-ZSMHQ,Two year,Bank transfer (automatic),DSL,89.9,5835,0,0.010351782206789834,0
2925-VDZHY,Two year,Credit card (automatic),DSL,88.7,4641,0,0.010347183861018367,0
5181-OABFK,Two year,Credit card (automatic),DSL,61.3,4173,0,0.010332523180642967,0
6169-PPETC,Two year,Bank transfer (automatic),No,20.5,2009,0,0.010316844565836387,0
0244-LGNFY,Two year,Bank transfer (automatic),DSL,92.65,6342,0,0.010282509505013825,0
8249-THVEC,One year,Mailed check,No,19.4,4025,0,0.010280568127444985,0
0397-ZXWQF,Two year,Bank transfer (automatic),No,20.5,4416,0,0.010255810342252668,0
4475-NVTLU,Two year,Electronic check,No,19.2,3451,0,0.010245030768150863,0
1716-LSAMB,Two year,Bank transfer (automatic),DSL,54.65,5083,0,0.010183106679826907,0
9489-JMTTN,Two year,Credit card (automatic),DSL,89.75,5096,0,0.010180719087715452,0
2642-MAWLJ,Two year,Bank transfer (automatic),No,20.25,5272,0,0.010171323951750627,0
3569-JFODW,Two year,Credit card (automatic),DSL,90.95,5096,0,0.010076405970620742,0
5795-BKOYE,One year,Bank transfer (automatic),DSL,59.1,5846,0,0.010000210546228476,0
8468-FZTOE,Two year,Electronic check,DSL,74.35,4874,0,0.009941117815372023,0
3274-NSDWE,Two year,Credit card (automatic),No,19.6,6161,0,0.009940696075348272,0
3727-OVPRY,One year,Credit card (automatic),No,25.7,5517,0,0.009823619034508166,0
5848-FHRFC,Two year,Bank transfer (automatic),No,20.05,5740,0,0.009767597106416665,0
0238-WHBIQ,Two year,Credit card (automatic),DSL,89.7,4193,0,0.009730574028066678,0
4632-XJMEX,One year,Credit card (automatic),DSL,62.85,6281,0,0.009716161485928134,0
4652-ODEVH,Two year,Mailed check,No,24.45,3586,0,0.009583154983572057,0
9823-EALYC,Two year,Bank transfer (automatic),DSL,80.85,6067,0,0.009576100223437517,0
7696-CFTAT,Two year,Bank transfer (automatic),No,19.8,2745,0,0.009564428140698814,0
8219-VYBVI,Two year,Mailed check,No,25.0,4295,0,0.00956422023829061,0
4194-FJARJ,Two year,Bank transfer (automatic),DSL,60.0,4798,0,0.009518779300756338,0
0206-OYVOC,Two year,Mailed check,No,19.25,5596,0,0.009460029778024825,0
7321-KKSDU,Two year,Mailed check,No,20.5,3114,0,0.009456988263313355,0
1599-EAHXY,One year,Credit card (automatic),No,23.95,5449,0,0.009437564019964286,0
2208-MPXIO,Two year,Bank transfer (automatic),No,20.0,5169,0,0.009402740364353368,0
7695-PKLCZ,Two year,Credit card (automatic),No,20.5,4201,0,0.009377233589622667,0
9488-FVZCC,Two year,Bank transfer (automatic),DSL,79.5,4390,0,0.009334720024180588,0
5296-BFCYD,Two year,Mailed check,No,20.1,3392,0,0.009293849652750485,0
7515-LODFU,Two year,Credit card (automatic),No,20.3,4042,0,0.009293411779549782,0
1722-LDZJS,One year,Credit card (automatic),No,20.2,6050,0,0.009268238132322519,0
0774-RMNUW,Two year,Bank transfer (automatic),DSL,59.7,6420,0,0.009264419151439251,0
8232-UTFOZ,Two year,Credit card (automatic),No,19.95,4328,0,0.009236098623565244,0
0506-YLVKJ,Two year,Mailed check,No,20.2,3136,0,0.00919277779517821,0
5135-RDDQL,Two year,Bank transfer (automatic),DSL,50.65,4847,0,0.00913675739038264,0
5804-JMYIO,Two year,Mailed check,No,19.75,3944,0,0.009060905577023066,0
5338-YHWYT,Two year,Credit card (automatic),DSL,61.45,5447,0,0.009003957388646708,0
7599-NTMDP,Two year,Bank transfer (automatic),DSL,48.7,5453,0,0.008979606827386353,0
0769-MURVM,Two year,Bank transfer (automatic),DSL,65.7,6187,0,0.008918206949688324,0
7872-BAAZR,One year,Bank transfer (automatic),No,19.55,4670,0,0.008881654497519372,0
4779-ZGICK,Two year,Mailed check,No,23.55,5019,0,0.008832729285067236,0
5968-HYJRZ,Two year,Mailed check,No,24.55,3629,0,0.008830152821816418,0
1106-HRLKZ,Two year,Mailed check,No,19.6,2630,0,0.00875385747517134,0
4644-OBGFZ,One year,Mailed check,No,19.5,5067,0,0.008694010390910608,0
6723-CEGQI,Two year,Mailed check,DSL,45.25,5712,0,0.008660113624952037,0
3120-FAZKD,Two year,Bank transfer (automatic),No,24.05,4039,0,0.008610247938581818,0
2162-FRZAA,Two year,Bank transfer (automatic),DSL,39.35,5374,0,0.008560707036941681,0
9481-WHGWY,Two year,Credit card (automatic),DSL,75.35,6477,0,0.00851150514350896,0
3889-VWBID,Two year,Bank transfer (automatic),DSL,82.85,5184,0,0.008433388438792362,0
5201-CBWYG,One year,Bank transfer (automatic),No,24.8,5105,0,0.008417364371042428,0
9593-CVZKR,Two year,Mailed check,No,24.45,5577,0,0.00835699486937188,0
3976-HXHCE,Two year,Bank transfer (automatic),No,19.3,4722,0,0.008268720563496887,0
7083-MIOPC,Two year,Credit card (automatic),No,20.25,5733,0,0.008252767286635673,0
4878-BUNFV,Two year,Mailed check,No,20.7,5320,0,0.008244525538561802,0
2888-ADFAO,Two year,Bank transfer (automatic),No,21.3,2861,0,0.008237299585057789,0
9068-FHQHD,Two year,Bank transfer (automatic),No,20.15,3556,0,0.008235303486019205,0
2429-AYKKO,Two year,Bank transfer (automatic),No,19.85,4790,0,0.008229094304635276,0
8922-NPKBJ,Two year,Mailed check,No,19.35,3433,0,0.008215085681151892,0
6051-PTVNS,One year,Credit card (automatic),No,19.15,5390,0,0.008139230576607214,0
5196-WPYOW,One year,Mailed check,DSL,60.05,6148,0,0.008126438505214334,0
5549-ZGHFB,Two year,Mailed check,No,24.95,6019,0,0.008120942871004747,0
6770-UAYGJ,Two year,Mailed check,No,25.25,5616,0,0.008108879077208668,0
5465-BUBFA,Two year,Bank transfer (automatic),No,19.3,4180,0,0.00806260970577616,0
5067-WJEUN,Two year,Bank transfer (automatic),DSL,54.2,6005,0,0.00803666688962968,0
8807-OPMBM,Two year,Credit card (automatic),No,25.65,4466,0,0.008008948282522308,0
2908-WGAXL,Two year,Credit card (automatic),No,24.95,5243,0,0.007986203522071918,0
6096-EGVTU,One year,Mailed check,No,24.9,5038,0,0.007902501144808238,0
5457-COLHT,Two year,Bank transfer (automatic),DSL,80.65,4618,0,0.007881112241907715,0
2821-WARNZ,One year,Credit card (automatic),No,19.45,4170,0,0.007871627727942417,0
9938-PRCVK,Two year,Bank transfer (automatic),No,19.7,2902,0,0.007858838811469334,0
8215-NGSPE,Two year,Mailed check,No,20.0,3413,0,0.007851894333154546,0
5016-LIPDW,One year,Mailed check,No,19.4,4194,0,0.007836367140472212,0
5939-SXWHM,Two year,Bank transfer (automatic),No,26.3,2111,0,0.007762541778312373,0
7162-WPHPM,Two year,Credit card (automatic),DSL,71.6,4747,0,0.007716773237694586,0
6997-UVGOX,Two year,Bank transfer (automatic),DSL,85.45,5394,0,0.007595158617836903,0
3470-OBUET,Two year,Credit card (automatic),DSL,74.0,4188,0,0.007587962409276943,0
3486-HOOGQ,Two year,Bank transfer (automatic),DSL,79.7,4848,0,0.007501058374139332,0
2207-RYYRL,Two year,Mailed check,No,24.55,5535,0,0.007470471313500035,0
5010-IPEAQ,Two year,Credit card (automatic),DSL,54.2,5261,0,0.007377551001860296,0
6365-HITVU,Two year,Credit card (automatic),DSL,87.25,4135,0,0.0073637280525400885,0
8597-CTXVJ,One year,Bank transfer (automatic),DSL,64.95,5392,0,0.007340517130400148,0
7139-JZFVG,Two year,Bank transfer (automatic),DSL,60.5,6026,0,0.007300740813684335,0
1207-BLKSA,Two year,Mailed check,No,23.05,4922,0,0.007280217755273626,0
1248-DYXUB,Two year,Mailed check,No,24.8,5320,0,0.007246701671809004,0
2560-QTSBS,One year,Bank transfer (automatic),No,23.3,4152,0,0.007242214934767526,0
8532-UEFWH,Two year,Mailed check,No,25.75,4676,0,0.0072069307917114345,0
5242-UOWHD,Two year,Mailed check,No,20.35,4210,0,0.007180147719226282,0
0988-AADSA,Two year,Bank transfer (automatic),DSL,80.85,6317,0,0.007134233882057568,0
6518-PPLMZ,Two year,Mailed check,No,19.4,4497,0,0.007127611056737876,0
1814-WFGVS,Two year,Mailed check,DSL,48.9,5415,0,0.007102087873895212,0
6479-VDGRK,Two year,Bank transfer (automatic),DSL,85.3,4456,0,0.007094042562979416,0
0562-FGDCR,Two year,Mailed check,DSL,74.55,4703,0,0.007042352676567097,0
3884-UEBXB,Two year,Bank transfer (automatic),DSL,36.15,6314,0,0.007004488447804025,0
9503-XJUME,One year,Credit card (automatic),No,19.65,4279,0,0.006989824297347266,0
7306-YDSOI,Two year,Bank transfer (automatic),DSL,59.75,4665,0,0.00694319334325018,0
4900-MSOMT,Two year,Bank transfer (automatic),DSL,80.2,6087,0,0.006872286365324065,0
6897-RWMUB,Two year,Bank transfer (automatic),DSL,68.05,4436,0,0.006866305110930106,0
7860-UXCRM,Two year,Credit card (automatic),DSL,74.5,6382,0,0.006846174933962177,0
9114-DPSIA,Two year,Credit card (automatic),DSL,81.0,4237,0,0.006826519199658001,0
6248-BSHKG,One year,Mailed check,No,20.4,5897,0,0.00679231140768985,0
3580-GICBM,Two year,Mailed check,No,24.2,6201,0,0.0067658896796573,0
5115-GZDEL,Two year,Credit card (automatic),DSL,67.2,5592,0,0.006737246935415258,0
3088-FVYWK,Two year,Credit card (automatic),No,25.55,5794,0,0.006707009355870793,0
6619-RPLQZ,Two year,Mailed check,No,20.85,2844,0,0.006698492248144823,0
0386-CWRGM,Two year,Mailed check,No,19.4,2320,0,0.0065961658238202076,0
3913-FCUUW,Two year,Bank transfer (automatic),DSL,70.45,4463,0,0.006582324873576572,0
6762-NSODU,Two year,Credit card (automatic),No,19.4,4630,0,0.006568513966452448,0
1709-EJDOX,Two year,Mailed check,No,19.75,3843,0,0.006407876349882802,0
5970-GHJAW,Two year,Credit card (automatic),No,19.95,3574,0,0.006403414113047151,0
4742-TXUEX,Two year,Bank transfer (automatic),No,19.3,5829,0,0.00639560145565414,0
7647-GYYKX,Two year,Bank transfer (automatic),No,20.35,5646,0,0.006388166011314354,0
8626-XHBIE,Two year,Mailed check,No,24.8,4262,0,0.006347871286248308,0
3190-ITQXP,Two year,Bank transfer (automatic),No,20.25,3879,0,0.006347221874781376,0
9975-GPKZU,Two year,Credit card (automatic),No,19.75,2610,0,0.006299579976511448,0
7009-PCARS,One year,Bank transfer (automatic),No,19.1,4391,0,0.006286635000950205,0
2230-XTUWL,Two year,Mailed check,No,19.55,5461,0,0.006238714115707052,0
4302-ZYFEL,One year,Credit card (automatic),No,20.55,5366,0,0.006195574229757142,0
4636-TVXVG,One year,Bank transfer (automatic),No,19.95,4803,0,0.006183275399985434,0
1697-LYYYX,One year,Credit card (automatic),No,19.1,4376,0,0.006171089804406211,0
7634-HLQJR,Two year,Credit card (automatic),No,20.05,3260,0,0.006096316210894528,0
1085-LDWAM,One year,Credit card (automatic),No,20.35,5188,0,0.006090855809335133,0
2314-TNDJQ,Two year,Credit card (automatic),DSL,55.65,5192,0,0.006081196377482561,0
1852-QSWCD,Two year,Mailed check,No,24.8,6281,0,0.006038804032973491,0
4979-HPRFL,Two year,Bank transfer (automatic),No,24.15,5137,0,0.006028023318094768,0
9769-TSBZE,Two year,Electronic check,DSL,66.0,5265,0,0.005985877019345312,0
7033-CLAMM,Two year,Bank transfer (automatic),No,20.2,3828,0,0.005933373283361876,0
9251-AWQGT,Two year,Mailed check,No,20.0,2608,0,0.005916997677403569,0
1468-DEFNC,Two year,Bank transfer (automatic),No,24.4,4772,0,0.005894799049335326,0
7503-EPSZW,Two year,Mailed check,No,24.05,4582,0,0.005828104104425695,0
9081-WWXKP,Two year,Credit card (automatic),No,20.25,2070,0,0.005756648621033941,0
8882-TLVRW,Two year,Mailed check,DSL,39.1,5987,0,0.0057376546175182995,0
3511-BFTJW,Two year,Credit card (automatic),DSL,38.5,4710,0,0.0057293409206878,0
2418-TPEUN,Two year,Credit card (automatic),No,19.8,4681,0,0.005724419014962753,0
3359-DSRKA,Two year,Mailed check,No,19.85,6440,0,0.005681929308480334,0
7242-EDTYC,Two year,Bank transfer (automatic),No,19.55,5860,0,0.005640120238419411,0
6582-PLFUU,Two year,Credit card (automatic),No,19.55,5974,0,0.005571882657597125,0
0508-SQWPL,Two year,Bank transfer (automatic),No,20.1,5506,0,0.005533415390040653,0
6340-DACFT,Two year,Credit card (automatic),No,20.55,4878,0,0.005456096601865569,0
2799-TSLAG,Two year,Bank transfer (automatic),No,25.3,4533,0,0.005439585539709489,0
4534-WGCIR,Two year,Credit card (automatic),No,25.15,6444,0,0.005438527956290793,0
6253-GNHWH,Two year,Mailed check,DSL,71.1,6090,0,0.005392494292066352,0
1574-DYCWE,Two year,Mailed check,No,19.95,4057,0,0.005376993626208829,0
9565-AXSMR,Two year,Mailed check,No,19.2,4203,0,0.005375916384427349,0
6283-GITPX,Two year,Credit card (automatic),DSL,76.9,4633,0,0.005358376302568361,0
3620-EHIMZ,Two year,Mailed check,No,19.35,5699,0,0.0053537113023195085,0
9371-BITHB,Two year,Mailed check,No,19.85,5432,0,0.005320097724454881,0
0463-TXOAK,Two year,Credit card (automatic),No,25.6,5662,0,0.005315032773646383,0
9220-CXRSC,Two year,Credit card (automatic),DSL,61.4,5266,0,0.005313312864792566,0
7008-LZVOZ,Two year,Credit card (automatic),No,25.3,5617,0,0.0052890135845890356,0
0603-TPMIB,Two year,Mailed check,No,25.45,4746,0,0.0052536962797016295,0
3967-VQOGC,Two year,Mailed check,No,24.9,5847,0,0.005220652781806667,0
0270-THENM,Two year,Bank transfer (automatic),DSL,69.85,6233,0,0.005082584163628713,0
9257-AZMTZ,Two year,Bank transfer (automatic),No,20.1,4529,0,0.00502391998023381,0
7169-YWAMK,Two year,Bank transfer (automatic),DSL,68.4,5504,0,0.004977506767776664,0
9786-YWNHU,Two year,Mailed check,DSL,63.55,5733,0,0.00496918402207259,0
5220-AGAAX,Two year,Bank transfer (automatic),No,24.0,5440,0,0.00494698326273656,0
9173-IVZVP,Two year,Mailed check,No,20.9,4254,0,0.004936755297130356,0
6685-XSHHU,Two year,Bank transfer (automatic),No,20.95,4425,0,0.004921657638278548,0
7293-LSCDV,Two year,Credit card (automatic),No,19.25,6134,0,0.00488882374903528,0
7608-RGIRO,Two year,Mailed check,No,24.4,4889,0,0.004836433711858877,0
8395-ETZKQ,One year,Bank transfer (automatic),No,19.5,5443,0,0.00480671886366022,0
0040-HALCW,Two year,Credit card (automatic),No,20.4,6393,0,0.0047885337107155205,0
2400-FEQME,Two year,Mailed check,No,20.5,5011,0,0.0047348045542642105,0
2481-SBOYW,Two year,Credit card (automatic),No,25.0,4673,0,0.004730889414632037,0
7399-QHBJS,Two year,Credit card (automatic),DSL,66.75,6063,0,0.00466986576428277,0
2253-KPMNB,Two year,Bank transfer (automatic),DSL,46.25,4180,0,0.004663680359542164,0
2075-PUEPR,Two year,Bank transfer (automatic),No,19.35,5248,0,0.0046599820359695164,0
3498-LZGQZ,Two year,Mailed check,No,19.15,6373,0,0.0046525795786170245,0
8946-BFWSG,Two year,Mailed check,No,25.25,6245,0,0.004631930553699885,0
7480-SPLEF,Two year,Bank transfer (automatic),No,26.0,4933,0,0.004624748548239173,0
7643-RCHXS,Two year,Electronic check,No,19.35,4566,0,0.00461758720869807,0
5793-YOLJN,Two year,Mailed check,No,21.0,5046,0,0.004606486203993413,0
8380-MQINP,Two year,Mailed check,No,20.3,5153,0,0.004548270832254595,0
5115-SQAAU,Two year,Bank transfer (automatic),No,25.6,6053,0,0.004521897108334115,0
0531-XBKMM,Two year,Bank transfer (automatic),DSL,65.7,5058,0,0.004520347516366142,0
1098-KFQEC,Two year,Credit card (automatic),No,19.4,5366,0,0.004433510480247383,0
8129-GMVGI,Two year,Mailed check,No,20.05,5172,0,0.004366049065299949,0
8780-IHCRN,Two year,Credit card (automatic),No,24.65,4392,0,0.004309797120131692,0
1306-RPWXZ,Two year,Credit card (automatic),No,20.45,4784,0,0.004297602673879003,0
7113-HIPFI,Two year,Mailed check,DSL,65.85,5500,0,0.004281799516926861,0
9135-HSWOC,Two year,Bank transfer (automatic),No,19.7,5431,0,0.004238958300930892,0
8727-JQFHV,Two year,Mailed check,No,20.75,4937,0,0.004223562714681382,0
6024-RUGGH,Two year,Bank transfer (automatic),No,25.2,6499,0,0.0041898245195786925,0
8755-OGKNA,Two year,Bank transfer (automatic),No,19.5,5864,0,0.004174785533328581,0
0485-ZBSLN,Two year,Credit card (automatic),No,24.75,6263,0,0.004174215513410838,0
3563-SVYLG,Two year,Credit card (automatic),DSL,62.65,5215,0,0.004152541961886217,0
1399-OUPJN,Two year,Bank transfer (automatic),No,19.75,4235,0,0.004115284458480939,0
4625-XMOYM,Two year,Bank transfer (automatic),No,26.25,5098,0,0.004055652552791776,0
8711-LOBKY,Two year,Mailed check,No,19.85,6144,0,0.004048436835949545,0
9337-SRRNI,Two year,Credit card (automatic),No,25.3,6019,0,0.004040903809910273,0
8957-THMOA,Two year,Credit card (automatic),No,20.15,4263,0,0.004029960780008599,0
6734-JDTTV,Two year,Credit card (automatic),No,19.85,6009,0,0.004024837077410409,0
8164-OCKUJ,Two year,Mailed check,No,20.6,6325,0,0.003986526654650289,0
7729-XBTWX,Two year,Mailed check,No,19.75,4485,0,0.003975059613238626,0
8514-VZHEB,Two year,Mailed check,No,19.5,5293,0,0.003973414959027552,0
9430-NKQLY,Two year,Credit card (automatic),No,25.1,4185,0,0.00396278863327614,0
1820-DJFPH,Two year,Bank transfer (automatic),No,24.05,4755,0,0.0039558395427930024,0
2346-LOCWC,Two year,Credit card (automatic),No,20.5,6186,0,0.003907551023457342,0
2050-ONYDQ,Two year,Credit card (automatic),No,26.0,5352,0,0.0038546499378209202,0
7558-IMLMT,Two year,Mailed check,No,20.8,5626,0,0.0038528551588885825,0
6651-RLGGM,Two year,Mailed check,No,26.3,6066,0,0.0038243710291614315,0
3457-PQBYH,Two year,Credit card (automatic),No,20.3,4424,0,0.003764623904187619,0
3777-XROBG,Two year,Credit card (automatic),No,19.55,4125,0,0.0037305525070610718,0
7328-ZJAJO,Two year,Credit card (automatic),No,19.5,4579,0,0.0037004228776967726,0
8917-SZTTJ,Two year,Credit card (automatic),No,19.65,6315,0,0.003684473112888704,0
7717-BICXI,Two year,Mailed check,No,20.55,4020,0,0.003665585084662692,0
9972-EWRJS,Two year,Bank transfer (automatic),No,19.25,5154,0,0.0036608039298632934,0
7225-IILWY,Two year,Mailed check,No,25.75,5434,0,0.0036342288800958866,0
6857-TKDJV,Two year,Bank transfer (automatic),No,24.65,4444,0,0.0036295035468732312,0
2626-VEEWG,Two year,Credit card (automatic),No,19.4,4890,0,0.0036183858791656973,0
2181-TIDSV,Two year,Bank transfer (automatic),No,19.95,6492,0,0.0035731825720546773,0
1830-IPXVJ,Two year,Credit card (automatic),No,19.75,6108,0,0.00351134465000173,0
2007-QVGAW,Two year,Bank transfer (automatic),No,19.35,6303,0,0.0035006785612192045,0
9574-BOSMD,Two year,Bank transfer (automatic),No,25.4,5668,0,0.003492817623914477,0
4195-PNGZS,Two year,Bank transfer (automatic),No,24.45,5295,0,0.003433682666554488,0
7064-JHXCE,Two year,Credit card (automatic),No,20.05,6444,0,0.003401702931176681,0
7268-WNTCP,Two year,Bank transfer (automatic),No,20.45,5746,0,0.003390045459715605,0
8043-PNYSD,Two year,Mailed check,No,19.55,6002,0,0.003387616097182183,0
3810-PJUHR,Two year,Mailed check,No,25.35,6059,0,0.0033859484638781227,0
5854-KSRBJ,Two year,Mailed check,No,25.4,4954,0,0.0033577802327378046,0
6485-QXWWE,Two year,Bank transfer (automatic),No,26.0,4535,0,0.003345902473120571,0
2236-HILPA,Two year,Credit card (automatic),No,20.65,6403,0,0.0033288423737052528,0
6963-KQYQB,Two year,Mailed check,No,24.05,4722,0,0.003328431976754373,0
0613-WUXUM,Two year,Mailed check,No,19.2,5261,0,0.0033155452654704204,0
9625-RZFUK,Two year,Mailed check,No,19.7,4235,0,0.0032843134194396853,0
0962-CQPWQ,Two year,Bank transfer (automatic),No,20.3,4574,0,0.00323715199056431,0
0394-YONDK,Two year,Credit card (automatic),No,25.15,5114,0,0.003233005797303331,0
1299-AURJA,Two year,Bank transfer (automatic),No,24.7,5907,0,0.0031900173427646937,0
6855-VLGOS,Two year,Electronic check,No,20.55,5809,0,0.003185932967722853,0
2718-YSKCS,Two year,Bank transfer (automatic),No,19.6,6444,0,0.0031644693839152646,0
0174-QRVVY,Two year,Credit card (automatic),No,25.35,5747,0,0.003145426541059538,0
5902-WBLSE,Two year,Credit card (automatic),No,20.15,5219,0,0.0031104546094325738,0
6621-NRZAK,Two year,Credit card (automatic),No,20.0,5975,0,0.003096721826775637,0
6585-WCEWR,Two year,Electronic check,No,20.35,4949,0,0.0030926443367974604,0
9838-BFCQT,Two year,Mailed check,No,26.1,5475,0,0.0030849116945153325,0
7711-GQBZC,Two year,Bank transfer (automatic),No,24.7,5187,0,0.0030774093107439238,0
0562-HKHML,Two year,Credit card (automatic),No,23.9,5574,0,0.003072885399896528,0
7980-MHFLQ,Two year,Mailed check,No,24.9,5192,0,0.003062611565383731,0
4193-IBKSW,Two year,Bank transfer (automatic),No,24.75,6232,0,0.003041461489491121,0
6285-FTQBF,Two year,Credit card (automatic),No,25.55,6425,0,0.0030387577611353947,0
3261-CQXOL,Two year,Bank transfer (automatic),No,25.45,4993,0,0.003024933011363527,0
1555-HAPSU,Two year,Credit card (automatic),No,23.9,5471,0,0.003012389134828623,0
5884-FBCTL,Two year,Bank transfer (automatic),No,25.1,5611,0,0.0029643224038144564,0
0480-KYJVA,Two year,Credit card (automatic),No,24.25,5897,0,0.00295036661730882,0
6181-AXXYF,Two year,Credit card (automatic),No,24.75,4185,0,0.002946667560761514,0
1293-BSEUN,Two year,Mailed check,No,20.7,4528,0,0.002935316841724688,0
7684-XSZIY,Two year,Bank transfer (automatic),No,24.3,5160,0,0.0029237958420532156,0
7010-BRBUU,Two year,Credit card (automatic),No,24.1,4264,0,0.0029092619898355558,0
2607-DHDAK,Two year,Credit card (automatic),No,19.8,5027,0,0.002907683984710502,0
8224-KDLKN,Two year,Bank transfer (automatic),No,25.0,4275,0,0.0028945080163202725,0
0402-OAMEN,Two year,Bank transfer (automatic),No,24.45,5335,0,0.002891438217414671,0
8165-ZJRNM,Two year,Bank transfer (automatic),No,23.75,4923,0,0.0028875316585164866,0
3507-GASNP,Two year,Mailed check,No,19.95,5316,0,0.0028708903999295154,0
6976-BWGLQ,Two year,Bank transfer (automatic),No,25.2,4382,0,0.0028454524074761674,0
9800-OUIGR,Two year,Credit card (automatic),No,20.0,5011,0,0.002793415750948614,0
4821-WQOYN,Two year,Credit card (automatic),No,20.1,4603,0,0.0027425891492799687,0
7157-SMCFK,Two year,Mailed check,No,19.75,5411,0,0.0027125920340870216,0
5346-BZCHP,Two year,Mailed check,No,19.4,6408,0,0.0025510041336717607,0
3678-MNGZX,Two year,Bank transfer (automatic),No,19.95,4165,0,0.0025250483038680425,0
0847-HGRML,Two year,Bank transfer (automatic),No,20.0,4402,0,0.0024969273182754957,0
9537-JALFH,Two year,Bank transfer (automatic),No,19.9,6058,0,0.0024879665131316803,0
0902-XKXPN,Two year,Bank transfer (automatic),No,20.2,5463,0,0.0024557076582001703,0
7876-DNYAP,Two year,Credit card (automatic),No,19.8,5423,0,0.0024147368056202704,0
6980-IMXXE,Two year,Bank transfer (automatic),No,20.2,5267,0,0.0024024633419594916,0
9365-CSLBQ,Two year,Mailed check,No,24.35,4155,0,0.002367783898419921,0
0042-RLHYP,Two year,Bank transfer (automatic),No,19.7,4131,0,0.0023636728967099765,0
4957-SREEC,Two year,Credit card (automatic),No,20.35,5748,0,0.0023621979745947707,0
3279-DYZQM,Two year,Mailed check,No,19.45,5497,0,0.002348091650412006,0
5893-KCLGT,Two year,Mailed check,No,19.75,5478,0,0.002347337663391807,0
0831-JNISG,Two year,Mailed check,No,19.8,5406,0,0.002337471267639184,0
7673-BQGKU,Two year,Bank transfer (automatic),No,20.15,4554,0,0.002333737829830077,0
3996-ZNWYK,Two year,Credit card (automatic),No,19.8,5819,0,0.0023061988525982257,0
5799-JRCZO,Two year,Credit card (automatic),No,19.5,4370,0,0.002296982265852505,0
8750-QWZAJ,Two year,Bank transfer (automatic),No,19.8,5169,0,0.0022852302179971347,0
1403-GYAFU,Two year,Credit card (automatic),No,20.05,4485,0,0.0022696548692010066,0
3173-WSSUE,Two year,Credit card (automatic),No,19.7,5921,0,0.0022077969523522155,0
3642-BYHDO,Two year,Bank transfer (automatic),No,19.9,5789,0,0.002204798201014802,0
4817-KEQSP,Two year,Bank transfer (automatic),No,19.85,6342,0,0.002201213569547793,0
8229-BUJHX,Two year,Bank transfer (automatic),No,20.5,4941,0,0.0021958010089963235,0
1052-QJIBV,Two year,Credit card (automatic),No,19.9,6015,0,0.0021949446750930608,0
0264-CNITK,Two year,Bank transfer (automatic),No,20.1,5043,0,0.002164805254151225,0
4086-WITJG,Two year,Credit card (automatic),No,19.7,4808,0,0.0021630976812726174,0
2804-ETQDK,Two year,Mailed check,No,20.55,4101,0,0.002149020750756257,0
1764-VUUMT,Two year,Credit card (automatic),No,19.95,6382,0,0.0021271294171027,0
0640-YJTPY,Two year,Bank transfer (automatic),No,21.0,4974,0,0.0021248964411505734,0
0794-YVSGE,Two year,Bank transfer (automatic),No,20.3,5265,0,0.002122941607045045,0
4277-BWBML,Two year,Bank transfer (automatic),No,19.95,5092,0,0.0020944500838679554,0
1166-PQLGG,Two year,Bank transfer (automatic),No,19.55,4424,0,0.0020913324952274654,0
0464-WJTKO,Two year,Bank transfer (automatic),No,20.1,4598,0,0.0020758834425796823,0
6928-ONTRW,Two year,Credit card (automatic),No,19.7,5451,0,0.0020683194841257316,0
0784-ZQJZX,Two year,Credit card (automatic),No,19.9,5730,0,0.0016620184069273106,0
