customerid,contract_key,payment_method_key,service_key,churn_reason_key,count,tenure_months,monthly_charges,total_charges,churn_value,churn_score,cltv,is_churned,is_month_to_month,revenue_at_risk
3668-QPYBK,2,4,113,4,1,2,53.85,108.15,1,86,3239,True,True,53.85
9237-HQITU,2,3,129,14,1,2,70.7,151.65,1,67,2701,True,True,70.7
9305-CDSKC,2,3,269,14,1,8,99.65,820.5,1,86,5372,True,True,99.65
7892-POOKP,2,3,273,14,1,28,104.8,3046.05,1,84,5003,True,True,104.8
0280-XJGEX,2,1,285,3,1,49,103.7,5036.3,1,89,5340,True,True,103.7
4190-MFLUW,1,2,77,5,1,10,55.2,528.35,1,78,5925,True,True,55.2
8779-QRDMV,2,3,10,6,1,1,39.65,39.65,1,100,5433,True,True,39.65
1066-JKSGK,1,4,193,4,1,1,20.15,20.15,1,92,4832,True,True,20.15
6467-CHFZW,2,3,277,3,1,47,99.35,4749.15,1,77,5789,True,True,99.35
8665-UTDHZ,1,3,17,3,1,1,30.2,30.2,1,97,2915,True,True,30.2
8773-HHUOZ,2,4,68,5,1,17,64.7,1093.1,1,74,3022,True,True,64.7
6047-YHPVI,2,3,129,5,1,5,69.7,316.9,1,66,2454,True,True,69.7
5380-WJKOV,2,3,285,5,1,34,106.35,3549.25,1,65,2941,True,True,106.35
8168-UQWWF,2,1,269,6,1,11,97.85,1105.4,1,70,5674,True,True,97.85
7760-OYPDY,2,3,131,6,1,2,80.65,144.15,1,90,5586,True,True,80.65
9420-LOJKX,2,2,180,6,1,15,99.1,1426.4,1,82,2966,True,True,99.1
7495-OOKFY,2,2,274,4,1,8,80.65,633.3,1,69,5302,True,True,80.65
1658-BYGOY,2,3,261,4,1,18,95.45,1752.55,1,81,3179,True,True,95.45
5698-BQJOH,1,3,261,19,1,9,94.4,857.25,1,96,5571,True,True,94.4
5919-TMRGD,2,3,131,20,1,1,79.35,79.35,1,87,2483,True,True,79.35
9191-MYQKX,2,1,137,21,1,7,75.15,496.9,1,70,3457,True,True,75.15
8637-XJIVR,2,3,290,11,1,12,78.95,927.35,1,86,5806,True,True,78.95
0278-YXOOG,1,4,193,15,1,5,21.05,113.85,1,66,2604,True,True,21.05
4598-XLKNJ,2,3,156,12,1,25,98.5,2514.5,1,88,5337,True,True,98.5
3192-NQECA,6,1,289,10,1,68,110.0,7611.85,1,86,5034,True,False,110.0
0486-HECZI,2,3,308,13,1,55,96.75,5238.9,1,75,5154,True,True,96.75
4846-WHAFZ,2,3,258,9,1,37,76.5,2868.15,1,67,2793,True,True,76.5
5299-RULOA,2,3,293,19,1,10,100.25,1064.65,1,87,5998,True,True,100.25
0404-SWRVG,2,3,258,20,1,3,74.4,229.55,1,76,4415,True,True,74.4
4412-YLTKF,2,3,266,21,1,27,78.05,2135.5,1,95,4638,True,True,78.05
6207-WIOLX,2,2,60,11,1,25,58.6,1502.65,1,99,4190,True,True,58.6
3091-FYHKI,2,3,2,15,1,1,35.45,35.45,1,80,2301,True,True,35.45
2372-HWUHI,1,3,65,8,1,2,44.35,81.25,1,76,2570,True,True,44.35
0390-DCFDQ,2,4,129,8,1,1,70.45,70.45,1,76,3964,True,True,70.45
4080-OGPJL,1,3,231,8,1,8,71.15,563.65,1,66,2662,True,True,71.15
2135-RXIHG,2,3,65,17,1,1,45.65,45.65,1,73,2600,True,True,45.65
3874-EQOEP,1,4,261,18,1,7,95.0,655.5,1,94,2786,True,True,95.0
0867-MKZVY,1,3,290,19,1,20,82.4,1592.35,1,86,5719,True,True,82.4
3376-BMGFE,2,1,129,20,1,4,70.9,273.0,1,75,4287,True,True,70.9
3445-HXXGF,2,3,26,21,1,58,45.3,2651.2,1,100,5444,True,True,45.3
1875-QIVME,2,3,273,11,1,2,104.4,242.8,1,83,4690,True,True,104.4
0691-JVSYA,4,1,140,15,1,53,94.85,5000.2,1,80,4328,True,False,94.85
2656-FMOKZ,2,4,258,12,1,15,74.45,1145.7,1,99,5717,True,True,74.45
2070-FNEXE,1,1,161,10,1,7,76.45,503.6,1,81,4419,True,True,76.45
6317-YPKDH,1,1,17,13,1,1,29.95,29.95,1,95,4534,True,True,29.95
9367-WXLCH,1,1,259,9,1,8,84.5,662.65,1,86,2152,True,True,84.5
1918-ZBFQJ,2,3,153,19,1,13,79.25,1111.65,1,73,5142,True,True,79.25
1024-GUALD,2,3,1,20,1,1,24.8,24.8,1,94,4851,True,True,24.8
2472-OVKUP,2,3,154,21,1,6,91.0,531.0,1,94,2283,True,True,91.0
1285-OKIPP,1,3,130,11,1,1,79.9,79.9,1,98,3394,True,True,79.9
7825-ECJRF,2,3,176,15,1,19,106.6,1934.45,1,71,3764,True,True,106.6
7841-TZDMQ,2,2,65,8,1,2,46.0,84.5,1,76,2667,True,True,46.0
9408-SSNVZ,2,3,129,8,1,4,70.15,268.35,1,67,2227,True,True,70.15
0742-MOABM,1,4,69,8,1,4,50.05,179.35,1,82,3394,True,True,50.05
2232-DMLXU,1,4,67,17,1,1,55.2,55.2,1,81,3638,True,True,55.2
8937-RDTHP,2,4,162,18,1,1,84.6,84.6,1,66,2484,True,True,84.6
1251-KRREG,2,4,210,19,1,2,54.4,114.1,1,81,2556,True,True,54.4
0094-OIFMO,2,3,148,20,1,11,95.0,1120.3,1,85,5980,True,True,95.0
9947-OTFQU,2,3,145,21,1,15,74.4,1074.3,1,86,4616,True,True,74.4
0322-YINQP,2,4,97,11,1,1,48.55,48.55,1,77,5687,True,True,48.55
4629-NRXKX,1,3,129,15,1,2,70.4,147.15,1,75,5687,True,True,70.4
9514-JDSKI,1,3,19,12,1,1,40.2,40.2,1,65,5828,True,True,40.2
4959-JOSRX,2,2,65,10,1,2,44.6,80.55,1,99,4884,True,True,44.6
7273-TEFQD,2,3,10,13,1,3,41.15,132.2,1,96,2314,True,True,41.15
3606-TWKGI,2,3,285,9,1,13,106.9,1364.3,1,84,2494,True,True,106.9
6323-AYBRX,5,4,193,19,1,59,19.35,1099.6,1,83,5084,True,False,19.35
4385-GZQXV,2,3,136,20,1,16,94.45,1511.2,1,81,3810,True,True,94.45
6366-ZGQGL,1,1,1,21,1,1,24.8,24.8,1,73,5087,True,True,24.8
5940-AHUHD,1,4,129,11,1,1,70.6,70.6,1,69,3338,True,True,70.6
6432-TWQLB,2,3,278,15,1,5,85.4,401.1,1,80,3676,True,True,85.4
4484-GLZOU,2,3,285,8,1,52,105.05,5624.85,1,65,4839,True,True,105.05
9512-UIBFX,1,4,140,8,1,18,95.15,1779.95,1,68,4643,True,True,95.15
5583-SXDAG,1,3,129,8,1,1,70.0,70.0,1,97,4094,True,True,70.0
3488-PGMQJ,2,3,145,17,1,8,74.5,606.55,1,80,4345,True,True,74.5
3580-REOAC,2,2,65,18,1,10,44.85,435.4,1,83,4061,True,True,44.85
7534-BFESC,2,3,258,19,1,24,76.1,1712.7,1,98,2018,True,True,76.1
6390-DSAZX,2,4,161,20,1,1,73.6,73.6,1,80,2565,True,True,73.6
8098-LLAZX,2,3,261,21,1,4,95.45,396.1,1,85,3677,True,True,95.45
0265-EDXBD,2,3,258,11,1,32,74.9,2303.35,1,69,4105,True,True,74.9
7563-BIUPC,2,3,131,15,1,5,80.6,415.55,1,69,5715,True,True,80.6
2321-OMBXY,3,2,120,12,1,38,80.3,3058.65,1,81,2071,True,False,80.3
2840-XANRC,2,3,140,10,1,24,93.15,2231.05,1,73,2212,True,True,93.15
5020-ZSTTY,3,1,249,13,1,54,82.45,4350.1,1,83,4149,True,False,82.45
5804-LEPIM,2,3,129,9,1,2,70.35,139.05,1,73,2671,True,True,70.35
0122-OAHPZ,2,3,258,19,1,7,73.85,511.25,1,67,2473,True,True,73.85
2868-SNELZ,1,4,266,20,1,2,80.6,155.8,1,92,2683,True,True,80.6
4322-RCYMT,4,1,223,21,1,68,75.8,5293.95,1,81,4903,True,False,75.8
6680-NENYN,6,3,285,11,1,43,104.6,4759.85,1,91,5250,True,False,104.6
1343-EHPYB,2,3,285,15,1,63,103.4,6603.0,1,98,4352,True,True,103.4
2034-GDRCN,2,3,132,8,1,2,90.4,168.2,1,76,4157,True,True,90.4
0219-YTZUE,2,1,282,8,1,4,84.8,371.9,1,73,4939,True,True,84.8
0623-IIHUG,2,3,35,8,1,21,41.9,840.1,1,97,4778,True,True,41.9
4572-DVCGN,2,1,130,17,1,10,80.25,846.0,1,85,3598,True,True,80.25
9057-MSWCO,1,2,33,18,1,27,30.75,805.1,1,91,2927,True,True,30.75
1010-DIAUQ,1,1,140,19,1,5,96.5,492.55,1,98,5383,True,True,96.5
0259-GBZSH,2,3,260,20,1,2,85.65,181.5,1,73,3878,True,True,85.65
9601-BRXPO,2,1,273,21,1,25,104.95,2566.5,1,66,3642,True,True,104.95
6905-NIQIN,1,4,81,8,1,1,50.65,50.65,1,76,2431,True,True,50.65
5167-ZFFMM,2,2,275,15,1,1,90.85,90.85,1,81,3424,True,True,90.85
4895-TMWIR,1,4,193,12,1,11,19.95,214.75,1,80,5888,True,True,19.95
0533-BNWKF,2,3,282,10,1,55,85.45,4874.7,1,100,5502,True,True,85.45
6599-CEBNN,2,2,145,13,1,34,73.95,2524.45,1,94,5795,True,True,73.95
0979-PHULV,2,2,269,9,1,69,99.45,7007.6,1,80,4020,True,True,99.45
4800-VHZKI,2,4,193,19,1,1,19.9,19.9,1,92,3351,True,True,19.9
7989-CHGTL,2,4,193,20,1,1,19.6,19.6,1,95,3448,True,True,19.6
0334-GDDSO,2,3,274,21,1,3,81.35,233.7,1,73,2818,True,True,81.35
0578-SKVMF,1,3,146,11,1,22,83.3,1845.9,1,88,3804,True,True,83.3
5564-NEMQO,2,1,137,15,1,1,75.3,75.3,1,67,4902,True,True,75.3
9063-ZGTUY,2,4,193,8,1,61,19.4,1182.55,1,82,4221,True,True,19.4
2957-LOLHO,2,1,65,8,1,12,45.4,518.9,1,68,2887,True,True,45.4
7752-XUSCI,2,3,285,8,1,60,105.9,6396.45,1,84,4105,True,True,105.9
4110-PFEUZ,1,4,129,3,1,1,69.55,69.55,1,73,2792,True,True,69.55
0256-LTHVJ,2,3,130,3,1,28,81.05,2227.1,1,98,5201,True,True,81.05
0880-TKATG,1,3,269,3,1,4,101.15,385.9,1,84,4417,True,True,101.15
3811-VBYBZ,2,3,277,3,1,7,99.8,673.25,1,98,2031,True,True,99.8
4640-UHDOS,1,3,66,3,1,13,55.95,734.35,1,91,4498,True,True,55.95
3583-EKAPL,2,3,66,3,1,1,55.0,55.0,1,71,4877,True,True,55.0
9399-APLBT,2,3,145,3,1,1,74.7,74.7,1,80,5980,True,True,74.7
2359-KMGLI,2,3,274,3,1,24,80.25,1861.5,1,77,4418,True,True,80.25
0306-JAELE,2,3,136,3,1,5,96.1,453.4,1,66,4192,True,True,96.1
6227-HWPWX,1,1,129,3,1,15,69.0,994.8,1,73,5671,True,True,69.0
0447-BEMNG,2,1,42,19,1,48,45.3,2145.0,1,65,4926,True,True,45.3
5949-XIKAE,2,3,147,20,1,8,83.55,680.05,1,65,2879,True,True,83.55
8372-JUXUI,2,3,258,21,1,1,74.35,74.35,1,93,2814,True,True,74.35
0388-EOPEX,2,3,161,11,1,2,74.4,139.4,1,77,4263,True,True,74.4
8205-OTCHB,4,1,26,15,1,22,43.75,903.6,1,66,3099,True,False,43.75
6235-VDHOM,1,3,17,12,1,5,28.45,131.05,1,89,4099,True,True,28.45
7783-YKGDV,2,1,315,10,1,12,99.7,1238.45,1,76,2538,True,True,99.7
5609-CEBID,2,3,283,13,1,20,94.1,1782.4,1,87,2666,True,True,94.1
7218-HKQFK,2,3,136,8,1,2,94.2,167.5,1,72,3715,True,True,94.2
4636-QRJKY,2,3,262,19,1,6,80.5,502.85,1,98,5032,True,True,80.5
5956-VKDTT,2,3,258,20,1,5,74.35,334.8,1,82,5273,True,True,74.35
9412-GHEEC,1,1,273,21,1,40,104.8,4131.95,1,88,3492,True,True,104.8
0257-ZESQC,2,1,161,11,1,27,75.2,1929.35,1,99,4517,True,True,75.2
6825-UYPFK,1,1,258,15,1,23,75.6,1758.6,1,81,2115,True,True,75.6
8397-MVTAZ,2,3,269,8,1,34,100.05,3480.0,1,72,2568,True,True,100.05
9282-IZGQK,2,3,259,8,1,1,85.0,85.0,1,80,5679,True,True,85.0
1342-JPNKI,2,1,260,8,1,10,86.05,834.1,1,85,2966,True,True,86.05
2817-NTQDO,2,2,39,17,1,13,45.55,597.0,1,74,4856,True,True,45.55
6986-IJDHX,2,4,147,18,1,39,86.3,3266.0,1,98,3364,True,True,86.3
5301-GAUUY,2,1,274,3,1,32,80.35,2596.15,1,92,5974,True,True,80.35
0939-YAPAF,2,3,269,5,1,35,100.25,3527.6,1,72,2744,True,True,100.25
4710-FDUIZ,3,2,277,6,1,56,100.3,5614.45,1,67,5170,True,False,100.3
1218-VKFPE,1,4,193,4,1,12,19.0,233.55,1,72,3535,True,True,19.0
3627-FHKBK,1,4,161,3,1,1,75.3,75.3,1,87,3244,True,True,75.3
2865-TCHJW,2,3,268,3,1,4,89.2,346.2,1,74,5808,True,True,89.2
5192-EBGOV,2,3,260,5,1,1,85.7,85.7,1,66,4880,True,True,85.7
0719-SYFRB,2,4,238,5,1,12,61.65,713.75,1,67,5670,True,True,61.65
3419-SNJJD,1,1,301,5,1,65,105.25,6786.4,1,91,4196,True,True,105.25
6543-CPZMK,2,3,17,6,1,9,29.95,248.95,1,83,2573,True,True,29.95
4765-OXPPD,1,4,125,6,1,9,65.0,663.05,1,76,3983,True,True,65.0
1009-IRMNA,1,1,193,6,1,7,20.0,137.6,1,100,4479,True,True,20.0
4554-YGZIH,1,2,275,4,1,49,90.05,4547.25,1,96,5059,True,True,90.05
5099-BAILX,2,1,289,4,1,43,110.75,4687.9,1,65,2728,True,True,110.75
7207-RMRDB,2,3,285,3,1,65,105.5,6985.65,1,89,5720,True,True,105.5
4913-EHYUI,4,1,301,5,1,56,104.55,5794.65,1,91,6268,True,False,104.55
0195-IESCP,2,3,259,6,1,10,85.25,855.3,1,75,3573,True,True,85.25
4580-TMHJU,1,3,67,8,1,43,56.15,2499.3,1,65,2152,True,True,56.15
0970-ETWGE,2,3,132,3,1,1,89.55,89.55,1,99,4996,True,True,89.55
1626-ERCMM,2,3,261,3,1,20,94.55,1899.65,1,84,5604,True,True,94.55
0887-HJGAR,2,4,65,5,1,1,45.7,45.7,1,95,2295,True,True,45.7
5644-PDMZC,1,3,275,5,1,2,89.5,161.5,1,80,2065,True,True,89.5
9576-ANLXO,2,1,129,5,1,3,69.55,222.3,1,87,2876,True,True,69.55
2024-BASKD,2,4,137,6,1,1,74.6,74.6,1,94,3860,True,True,74.6
4160-AMJTL,1,3,193,6,1,8,19.65,164.3,1,83,5432,True,True,19.65
4464-JCOLN,3,4,193,6,1,2,19.85,35.9,1,68,2362,True,False,19.85
5650-VDUDS,2,4,1,4,1,4,24.25,96.05,1,93,2038,True,True,24.25
7538-GWHML,1,3,129,4,1,2,69.65,145.15,1,80,2323,True,True,69.65
3859-CVCET,1,4,65,3,1,4,45.65,191.05,1,78,2864,True,True,45.65
3276-HDUEG,2,4,258,5,1,1,75.05,75.05,1,78,4838,True,True,75.05
0823-HSCDJ,2,3,20,6,1,52,49.15,2550.9,1,90,5597,True,True,49.15
0822-GAVAP,2,3,2,4,1,2,34.7,62.25,1,65,3146,True,True,34.7
1448-PWKYE,1,3,130,3,1,1,80.0,80.0,1,88,2046,True,True,80.0
0067-DKWBL,2,3,97,3,1,2,49.25,91.1,1,89,3475,True,True,49.25
2276-YDAVZ,2,2,258,5,1,3,75.1,270.7,1,69,4965,True,True,75.1
5896-NPFWW,2,3,73,5,1,3,50.15,168.15,1,86,3273,True,True,50.15
7133-VBDCG,2,1,177,5,1,25,79.85,2015.35,1,85,4535,True,True,79.85
1029-QFBEN,1,4,193,6,1,1,19.55,19.55,1,66,3556,True,True,19.55
4952-YSOGZ,2,3,259,6,1,4,85.95,381.3,1,74,5640,True,True,85.95
1589-AGTLK,2,3,65,6,1,3,45.35,141.5,1,67,2450,True,True,45.35
5244-IRFIH,2,3,261,4,1,33,94.5,3105.55,1,96,4333,True,True,94.5
2684-EIWEO,1,2,314,4,1,30,91.7,2758.15,1,97,2482,True,True,91.7
6439-GTPCA,2,3,270,3,1,45,87.25,3941.7,1,73,5269,True,True,87.25
5138-WVKYJ,1,3,293,5,1,10,98.55,1008.55,1,80,3658,True,True,98.55
6683-VLCTZ,2,3,269,6,1,20,98.55,1842.8,1,92,5444,True,True,98.55
2189-WWOEW,2,1,146,8,1,15,85.9,1269.55,1,96,3579,True,True,85.9
1894-IGFSG,1,3,132,3,1,22,89.25,1907.85,1,82,3161,True,True,89.25
7379-POKDZ,2,3,129,3,1,3,70.3,208.85,1,66,3038,True,True,70.3
0236-HFWSV,2,3,261,5,1,15,93.35,1444.65,1,77,5264,True,True,93.35
3900-AQPHZ,1,4,193,5,1,1,19.9,19.9,1,100,4248,True,True,19.9
5842-POCOP,2,4,170,5,1,5,88.9,454.15,1,79,4356,True,True,88.9
2037-XJFUP,4,3,140,6,1,33,95.8,3036.75,1,76,4161,True,False,95.8
7314-OXENN,2,3,274,6,1,2,82.0,184.65,1,97,3051,True,True,82.0
0322-CHQRU,1,3,65,6,1,2,45.35,89.5,1,81,3478,True,True,45.35
4678-DVQEO,2,3,69,4,1,1,52.2,52.2,1,71,4138,True,True,52.2
0691-IFBQW,4,3,317,4,1,46,110.0,4874.8,1,81,2403,True,False,110.0
3009-JWMPU,4,3,269,1,1,62,96.75,6125.4,1,92,5016,True,False,96.75
1450-GALXR,2,3,265,1,1,10,98.5,1058.25,1,74,5184,True,True,98.5
3138-BKYAV,2,3,147,1,1,6,85.35,489.45,1,75,4694,True,True,85.35
4289-DTDKW,2,3,277,2,1,40,101.3,4113.1,1,70,2576,True,True,101.3
1820-TQVEV,2,3,129,2,1,1,69.55,69.55,1,76,3042,True,True,69.55
2239-JALAW,4,1,285,2,1,58,103.25,6017.65,1,74,6105,True,False,103.25
4853-RULSV,6,2,297,1,1,70,104.0,7250.15,1,80,4544,True,False,104.0
6275-YDUVO,2,4,138,1,1,2,86.2,178.7,1,95,2969,True,True,86.2
0115-TFERT,2,3,289,1,1,21,111.2,2317.1,1,89,4123,True,True,111.2
2311-QYMUQ,2,2,155,2,1,16,89.45,1430.25,1,73,3696,True,True,89.45
3643-AHCFP,2,1,261,4,1,7,95.6,644.35,1,83,3265,True,True,95.6
3104-OWCGK,3,3,155,14,1,60,90.95,5453.4,1,76,4111,True,False,90.95
9101-BWFSS,3,3,313,14,1,50,108.55,5610.7,1,82,4274,True,False,108.55
9231-ZJYAM,2,3,131,14,1,4,78.85,292.8,1,72,5301,True,True,78.85
6982-SSHFK,1,4,65,5,1,1,44.4,44.4,1,89,3522,True,True,44.4
0727-BMPLR,4,3,269,5,1,55,100.0,5509.3,1,83,5679,True,False,100.0
1038-ZAGBI,3,1,193,5,1,12,19.8,229.6,1,94,2653,True,False,19.8
3027-ZTDHO,2,3,132,8,1,1,89.9,89.9,1,80,5951,True,True,89.9
2382-BCKQJ,4,3,269,5,1,62,100.15,6413.65,1,91,5600,True,False,100.15
2207-NHRJK,1,3,81,5,1,1,50.8,50.8,1,85,3718,True,True,50.8
0947-MUGVO,2,3,145,5,1,20,73.65,1463.5,1,95,5849,True,True,73.65
9944-HKVVB,2,3,148,5,1,3,95.1,307.4,1,77,5861,True,True,95.1
4124-MMETB,2,2,261,5,1,22,94.65,2104.55,1,85,3665,True,True,94.65
3671-SHRSP,2,4,141,6,1,4,80.6,319.15,1,86,3080,True,True,80.6
3313-QKNKB,3,3,259,6,1,59,85.55,5084.65,1,80,6304,True,False,85.55
5073-WXOYN,2,3,20,6,1,60,50.8,3027.4,1,67,4941,True,True,50.8
0207-MDKNV,1,3,176,4,1,15,105.1,1582.75,1,84,2122,True,True,105.1
9851-KIELU,2,3,192,4,1,10,110.1,1043.3,1,76,5803,True,True,110.1
3908-BLSYF,1,3,138,19,1,6,83.9,497.55,1,97,3962,True,True,83.9
7549-MYGPK,2,3,316,19,1,63,100.55,6215.35,1,79,5413,True,True,100.55
3804-RVTGV,2,1,285,19,1,50,103.85,5017.9,1,100,5812,True,True,103.85
9227-LUNBG,1,3,1,19,1,1,24.6,24.6,1,76,5768,True,True,24.6
4315-MURBD,2,1,168,19,1,12,98.9,1120.95,1,71,5559,True,True,98.9
9734-YWGEX,1,2,269,19,1,9,98.3,923.5,1,81,2954,True,True,98.3
2719-BDAQO,1,3,164,19,1,17,93.85,1625.65,1,93,4940,True,True,93.85
0781-LKXBR,2,3,269,19,1,9,100.5,918.6,1,70,4038,True,True,100.5
1907-UBQFC,2,3,145,19,1,10,72.85,688.65,1,99,3189,True,True,72.85
6513-EECDB,2,3,258,19,1,1,73.55,73.55,1,94,4369,True,True,73.55
7074-IEVOJ,2,3,274,20,1,3,79.4,205.05,1,91,3501,True,True,79.4
9625-QSTYE,2,3,153,21,1,13,81.15,952.3,1,79,4806,True,True,81.15
4750-ZRXIU,2,3,259,11,1,4,84.6,360.1,1,83,2467,True,True,84.6
6400-BWQKW,2,3,290,15,1,6,79.05,434.5,1,99,3263,True,True,79.05
6680-WKXRZ,1,1,258,8,1,3,74.4,215.8,1,97,2054,True,True,74.4
7028-DVOIQ,2,3,269,8,1,35,99.05,3395.8,1,82,2074,True,True,99.05
4208-UFFGW,1,4,65,8,1,2,44.95,85.15,1,84,5900,True,True,44.95
9448-REEVD,1,2,65,8,1,1,44.7,44.7,1,74,3700,True,True,44.7
9117-SHLZX,2,4,65,18,1,1,45.7,45.7,1,72,3571,True,True,45.7
9889-TMAHG,1,2,168,3,1,8,100.3,832.35,1,74,5084,True,True,100.3
4541-RMRLG,1,3,193,5,1,7,19.25,112.3,1,82,4489,True,True,19.25
3158-MOERK,2,3,261,6,1,2,96.0,174.8,1,83,3391,True,True,96.0
7294-TMAOP,1,3,132,4,1,1,90.55,90.55,1,72,2627,True,True,90.55
8919-FYFQZ,2,3,17,3,1,44,30.35,1359.7,1,96,4829,True,True,30.35
2834-JRTUA,6,3,305,3,1,71,108.05,7532.15,1,81,5200,True,False,108.05
5875-YPQFJ,2,3,129,5,1,1,69.9,69.9,1,84,5367,True,True,69.9
6646-QVXLR,4,3,285,5,1,62,103.75,6383.35,1,91,5052,True,False,103.75
8603-IJWDN,2,3,259,5,1,1,86.6,86.6,1,93,5228,True,True,86.6
9369-XFEHK,2,1,274,6,1,33,80.6,2656.5,1,72,3601,True,True,80.6
3842-IYKUE,1,2,278,6,1,35,85.3,2917.5,1,88,2455,True,True,85.3
6641-XRPSU,2,2,129,6,1,34,70.0,2416.1,1,93,2318,True,True,70.0
1374-DMZUI,2,3,261,4,1,4,94.3,424.45,1,99,5419,True,True,94.3
8357-EQXFO,2,3,140,4,1,7,95.35,660.9,1,92,3077,True,True,95.35
1989-PRJHP,2,3,258,3,1,27,75.5,1893.95,1,65,2377,True,True,75.5
9524-EGPJC,2,3,263,5,1,18,90.1,1612.75,1,80,4260,True,True,90.1
6993-OHLXR,1,3,129,6,1,2,68.95,119.75,1,84,5225,True,True,68.95
8818-XYFCQ,2,2,293,4,1,32,99.55,3204.65,1,71,5026,True,True,99.55
4695-VADHF,1,3,74,3,1,18,57.45,990.85,1,84,2989,True,True,57.45
3863-IUBJR,3,2,66,3,1,12,53.65,696.35,1,78,2595,True,False,53.65
4822-RVYBB,2,3,269,5,1,8,100.6,819.4,1,90,5906,True,True,100.6
8436-BJUMM,2,3,260,5,1,26,83.75,2070.6,1,84,2404,True,True,83.75
4184-TJFAN,2,4,167,5,1,3,88.3,273.75,1,68,4486,True,True,88.3
4145-UQXUQ,2,3,140,6,1,8,92.1,729.95,1,81,5662,True,True,92.1
9948-YPTDG,2,3,177,6,1,38,79.45,3013.05,1,85,2405,True,True,79.45
1236-WFCDV,1,2,132,6,1,14,90.45,1266.1,1,96,4777,True,True,90.45
4883-QICIH,2,1,129,8,1,32,69.75,2347.9,1,96,2356,True,True,69.75
8329-IBCTI,1,4,193,4,1,1,19.65,19.65,1,99,5881,True,True,19.65
1271-SJBGZ,2,3,14,3,1,12,43.65,526.95,1,74,2437,True,True,43.65
5669-SRAIP,1,3,10,5,1,5,39.5,210.75,1,93,2863,True,True,39.5
5981-ITEMU,2,1,261,6,1,40,97.1,3706.95,1,67,3099,True,True,97.1
6941-PMGEP,2,3,130,4,1,5,80.0,412.5,1,97,3937,True,True,80.0
1624-WOIWJ,2,4,163,3,1,10,84.7,832.05,1,69,5686,True,True,84.7
2074-GKOWZ,2,1,132,3,1,2,89.55,185.55,1,73,3851,True,True,89.55
0376-YMCJC,2,3,264,5,1,23,90.6,1943.2,1,82,4359,True,True,90.6
0634-SZPQA,2,1,292,5,1,23,90.05,2169.8,1,67,4650,True,True,90.05
5536-RTPWK,2,1,277,5,1,49,99.05,4853.75,1,100,5157,True,True,99.05
6166-ILMNY,1,1,129,6,1,2,69.75,144.55,1,68,5667,True,True,69.75
3097-NNSPB,2,2,81,6,1,2,49.05,91.1,1,98,2960,True,True,49.05
0655-RBDUG,2,1,269,6,1,7,98.05,713.0,1,86,2561,True,True,98.05
4361-BKAXE,2,1,321,4,1,41,114.5,4527.45,1,80,3038,True,True,114.5
9878-TNQGW,2,3,130,4,1,2,80.95,171.15,1,65,3533,True,True,80.95
4441-NIHPT,2,3,137,3,1,13,74.3,940.35,1,97,2995,True,True,74.3
8999-BOHSE,1,1,132,5,1,11,89.7,1047.7,1,89,2202,True,True,89.7
7029-RPUAV,2,2,269,6,1,17,100.45,1622.45,1,87,5508,True,True,100.45
4607-CHPCA,4,3,132,4,1,25,90.4,2178.6,1,100,5801,True,False,90.4
8824-RWFXJ,2,4,89,3,1,3,56.15,168.15,1,83,2539,True,True,56.15
9763-PDTKK,2,1,174,3,1,4,94.4,387.2,1,74,4249,True,True,94.4
7627-JKIAZ,2,2,266,5,1,37,78.95,2839.65,1,97,3982,True,True,78.95
4081-DYXAV,4,2,4,5,1,19,44.85,893.55,1,72,5182,True,False,44.85
8111-SLLHI,2,3,285,5,1,39,105.65,4284.8,1,96,4687,True,True,105.65
0927-LCSMG,1,4,137,6,1,7,74.65,544.55,1,75,3331,True,True,74.65
8257-RZAHR,2,1,228,6,1,14,64.7,941.0,1,86,4049,True,True,64.7
5293-WXJAK,2,1,273,6,1,11,104.05,1133.65,1,82,4553,True,True,104.05
0841-NULXI,2,3,2,8,1,1,35.55,35.55,1,71,3958,True,True,35.55
7851-WZEKY,2,3,261,4,1,2,95.15,196.9,1,82,2414,True,True,95.15
8844-TONUD,2,4,140,1,1,13,96.65,1162.85,1,75,5295,True,True,96.65
4086-YQSNZ,2,3,131,1,1,3,80.4,224.05,1,89,3834,True,True,80.4
5868-CZJDR,2,4,17,1,1,1,31.35,31.35,1,85,3605,True,True,31.35
0135-NMXAP,2,1,276,2,1,12,89.75,1052.4,1,97,5671,True,True,89.75
6270-OMFIW,4,3,148,2,1,60,94.4,5610.25,1,99,4990,True,False,94.4
0107-WESLM,2,3,193,2,1,1,19.85,19.85,1,66,3874,True,True,19.85
3992-YWPKO,2,2,289,1,1,6,109.9,669.45,1,69,5750,True,True,109.9
0125-LZQXK,2,3,144,1,1,15,101.35,1553.95,1,99,3025,True,True,101.35
8399-YNDCH,2,1,75,1,1,21,60.05,1236.15,1,70,4716,True,True,60.05
5673-FSSMF,2,3,195,2,1,1,60.15,60.15,1,91,4611,True,True,60.15
1579-KLYDT,2,3,268,4,1,7,90.45,593.45,1,98,5356,True,True,90.45
3927-NLNRY,4,1,148,14,1,53,94.25,4867.95,1,96,5414,True,False,94.25
6358-LYNGM,2,3,258,14,1,1,74.9,74.9,1,84,2548,True,True,74.9
5494-HECPR,2,3,131,14,1,1,80.25,80.25,1,69,2502,True,True,80.25
9824-BEMCV,2,3,129,5,1,17,69.0,1149.65,1,77,3368,True,True,69.0
1373-ORVIZ,2,3,199,5,1,11,66.35,740.8,1,91,2860,True,True,66.35
9866-QEVEE,2,1,259,5,1,19,86.0,1532.45,1,98,4857,True,True,86.0
9897-KXHCM,2,3,130,5,1,3,80.3,250.05,1,72,3212,True,True,80.3
7979-CORPM,2,2,276,8,1,24,90.55,2282.55,1,67,5927,True,True,90.55
1618-CFHME,2,3,258,8,1,2,75.9,143.35,1,86,2101,True,True,75.9
3165-HDOEW,2,4,65,8,1,1,45.85,45.85,1,73,3706,True,True,45.85
6581-NQCBA,2,3,8,8,1,16,49.95,810.2,1,78,4840,True,True,49.95
1689-MRZQR,1,3,131,8,1,34,78.3,2564.3,1,77,2777,True,True,78.3
5835-BEQEU,2,3,258,8,1,3,76.95,228.4,1,92,4428,True,True,76.95
5565-FILXA,2,3,261,8,1,16,96.15,1529.2,1,96,5913,True,True,96.15
5552-ZNFSJ,1,3,65,8,1,1,45.3,45.3,1,66,4568,True,True,45.3
2223-KAGMX,1,1,193,8,1,15,19.4,289.3,1,87,5379,True,True,19.4
7321-PKUYW,1,3,264,5,1,11,90.15,987.95,1,66,5250,True,True,90.15
2833-SLKDQ,1,4,65,15,1,1,45.05,45.05,1,98,4094,True,True,45.05
7595-EUIVN,1,3,145,15,1,1,75.8,75.8,1,70,3940,True,True,75.8
2026-TGDHM,2,3,130,15,1,7,79.3,523.15,1,69,3830,True,True,79.3
4030-VPZBD,2,3,5,15,1,2,30.9,59.05,1,98,2860,True,True,30.9
4187-CINZD,3,2,148,15,1,46,95.25,4424.2,1,90,3180,True,False,95.25
6818-WOBHJ,2,1,275,15,1,68,89.6,6127.6,1,69,5651,True,True,89.6
2408-TZMJL,4,3,317,15,1,59,110.15,6448.05,1,97,4601,True,False,110.15
9134-CEQMF,2,3,132,15,1,7,89.5,676.7,1,89,3077,True,True,89.5
7993-PYKOF,1,3,161,15,1,8,75.0,632.95,1,80,2587,True,True,75.0
5027-XWQHA,1,3,65,15,1,6,44.75,270.95,1,78,2087,True,True,44.75
4566-QVRRW,2,3,65,15,1,11,44.05,483.7,1,84,3200,True,True,44.05
8519-IMDHU,2,1,259,15,1,15,85.6,1345.55,1,83,4981,True,True,85.6
0201-OAMXR,3,2,321,15,1,70,115.55,8127.6,1,87,4838,True,False,115.55
3372-KWFBM,2,3,260,15,1,16,86.6,1281.0,1,81,2508,True,True,86.6
7831-QGOXH,2,3,260,8,1,18,85.2,1553.9,1,77,3326,True,True,85.2
6393-WRYZE,2,3,261,8,1,34,97.65,3207.55,1,87,3979,True,True,97.65
6599-RCLCJ,2,3,289,8,1,47,109.55,5124.55,1,90,5863,True,True,109.55
9831-BPFRI,4,3,286,17,1,39,89.55,3474.45,1,65,3849,True,False,89.55
1725-MIMXW,2,4,193,18,1,1,19.45,19.45,1,78,5687,True,True,19.45
0031-PVLZI,1,4,193,3,1,4,20.35,76.35,1,81,4133,True,True,20.35
7206-GZCDC,2,3,129,5,1,1,69.25,69.25,1,75,4371,True,True,69.25
4791-QRGMF,4,1,269,6,1,59,99.5,5961.1,1,76,6098,True,False,99.5
1768-ZAIFU,2,3,1,4,1,1,25.2,25.2,1,67,5688,True,True,25.2
4671-LXRDQ,2,4,65,3,1,2,45.0,96.45,1,93,5704,True,True,45.0
1934-SJVJK,1,4,193,3,1,1,20.15,20.15,1,70,4103,True,True,20.15
3838-OZURD,2,2,285,5,1,66,105.0,7133.25,1,96,5723,True,True,105.0
9269-CQOOL,2,2,67,5,1,3,54.7,169.45,1,66,3335,True,True,54.7
2845-HSJCY,2,3,267,5,1,14,87.25,1258.6,1,78,4786,True,True,87.25
1184-PJVDB,2,3,131,6,1,10,79.95,857.2,1,68,5640,True,True,79.95
9415-DPEWS,2,3,264,6,1,18,88.35,1639.3,1,96,5727,True,True,88.35
7943-RQCHR,2,3,261,6,1,9,94.75,889.9,1,83,2893,True,True,94.75
3793-MMFUH,2,3,261,4,1,13,95.05,1290.0,1,97,2230,True,True,95.05
3249-ZPQRG,1,3,274,4,1,4,78.45,330.05,1,67,5048,True,True,78.45
2568-BRGYX,2,3,129,3,1,4,70.2,237.95,1,92,5094,True,True,70.2
7721-JXEAW,2,1,18,5,1,59,41.05,2452.7,1,70,4324,True,True,41.05
7249-WBIYX,2,3,260,6,1,10,85.6,813.85,1,70,5146,True,True,85.6
6567-HOOPW,2,3,131,4,1,1,79.2,79.2,1,76,4363,True,True,79.2
3164-AALRN,4,4,76,3,1,5,70.0,347.4,1,77,2673,True,False,70.0
3334-CTHOL,2,1,194,3,1,1,49.95,49.95,1,71,2041,True,True,49.95
4704-ERYFC,2,3,129,5,1,22,69.25,1554.0,1,85,2159,True,True,69.25
8621-MNIHH,2,3,283,5,1,34,94.25,3217.55,1,88,3369,True,True,94.25
0471-LVHGK,4,3,205,5,1,41,73.0,3001.2,1,86,2041,True,False,73.0
9518-RWHZL,4,2,269,6,1,64,100.05,6254.2,1,69,5452,True,False,100.05
5419-CONWX,2,2,156,6,1,4,99.8,442.85,1,89,2268,True,True,99.8
6240-EURKS,2,3,2,6,1,18,35.0,553.0,1,76,2649,True,True,35.0
6960-HVYXR,1,3,258,4,1,1,76.0,76.0,1,72,2567,True,True,76.0
7024-OHCCK,2,3,261,8,1,2,93.85,170.85,1,72,4193,True,True,93.85
7861-UVUFT,2,3,139,3,1,15,84.3,1308.4,1,86,4003,True,True,84.3
5357-TZHPP,2,2,259,5,1,9,84.4,732.5,1,83,5745,True,True,84.4
0680-DFNNY,2,3,269,6,1,15,101.1,1504.05,1,97,2055,True,True,101.1
7767-UXAGJ,2,3,194,4,1,1,50.45,50.45,1,68,2928,True,True,50.45
1571-SAVHK,2,4,265,3,1,12,99.95,1132.75,1,80,5598,True,True,99.95
9546-CQJSU,2,3,268,3,1,2,91.4,193.6,1,80,5100,True,True,91.4
0506-LVNGN,2,2,137,5,1,5,75.55,349.65,1,97,4028,True,True,75.55
2951-QOQTK,1,2,262,5,1,4,80.8,332.45,1,72,5436,True,True,80.8
3473-XIIIT,2,3,277,5,1,16,100.0,1534.75,1,68,3794,True,True,100.0
7893-IXHRQ,1,3,193,6,1,1,20.55,20.55,1,87,5636,True,True,20.55
2952-QAYZF,2,3,282,6,1,5,85.3,424.15,1,81,2264,True,True,85.3
4763-PGDPO,1,3,129,6,1,4,70.4,281.0,1,88,4494,True,True,70.4
5394-SVGJV,1,1,265,4,1,37,98.8,3475.55,1,82,3066,True,True,98.8
9283-LZQOH,2,2,258,4,1,13,74.4,896.75,1,89,3687,True,True,74.4
7079-QRCBC,2,3,269,3,1,24,98.75,2407.3,1,85,4016,True,True,98.75
5469-CTCWN,4,3,309,5,1,61,106.0,6547.7,1,92,4334,True,False,106.0
9851-QXEEQ,2,3,285,6,1,41,104.7,4346.4,1,84,3316,True,True,104.7
9809-IMGCQ,2,3,261,4,1,22,96.7,2082.95,1,93,4458,True,True,96.7
5208-HFSBT,2,2,85,3,1,2,55.05,102.75,1,81,5855,True,True,55.05
3254-YRILK,2,3,276,3,1,19,88.2,1775.8,1,69,5683,True,True,88.2
2667-WYLWJ,4,4,193,5,1,8,19.75,145.0,1,89,2247,True,False,19.75
0529-ONKER,1,3,258,5,1,15,75.65,1146.65,1,96,2099,True,True,75.65
5240-IJOQT,2,3,258,5,1,1,74.7,74.7,1,88,3348,True,True,74.7
1092-GANHU,2,3,137,6,1,17,76.65,1313.55,1,87,3182,True,True,76.65
0661-XEYAN,2,4,1,6,1,1,25.8,25.8,1,97,3884,True,True,25.8
7881-EVUAD,2,3,50,6,1,2,42.6,72.4,1,79,4648,True,True,42.6
5766-XQXMQ,2,1,122,4,1,29,68.85,1970.5,1,79,5449,True,True,68.85
3703-VAVCL,1,2,142,4,1,2,90.0,190.05,1,99,3902,True,True,90.0
8519-QJGJD,1,3,137,1,1,14,75.35,1025.95,1,71,4995,True,True,75.35
6326-MTTXK,1,3,277,1,1,8,100.85,819.55,1,97,3849,True,True,100.85
0330-IVZHA,1,3,129,1,1,5,69.95,330.15,1,81,2969,True,True,69.95
2886-KEFUM,4,3,285,2,1,63,107.5,6873.75,1,96,6144,True,False,107.5
4237-RLAQD,2,4,65,2,1,1,45.85,45.85,1,94,5930,True,True,45.85
9651-GTSAQ,4,1,188,2,1,53,106.1,5769.75,1,94,4471,True,False,106.1
3186-BAXNB,1,3,151,1,1,1,91.7,91.7,1,71,4319,True,True,91.7
0637-YLETY,2,2,283,1,1,16,95.6,1555.65,1,96,5915,True,True,95.6
1157-BQCUW,2,3,258,1,1,1,74.95,74.95,1,82,2591,True,True,74.95
2660-EMUBI,2,3,261,2,1,10,95.35,898.35,1,75,5353,True,True,95.35
7675-OZCZG,1,3,65,4,1,3,45.0,127.1,1,77,4145,True,True,45.0
2003-CKLOR,1,3,156,14,1,66,99.5,6710.5,1,73,4001,True,True,99.5
9254-RBFON,3,1,144,14,1,17,98.6,1704.95,1,91,5160,True,False,98.6
1205-WNWPJ,2,4,71,14,1,7,59.5,415.95,1,91,4661,True,True,59.5
9391-EOYLI,2,3,130,4,1,12,80.45,950.2,1,69,5374,True,True,80.45
8387-MOJJT,2,2,131,4,1,42,77.95,3384.0,1,82,5396,True,True,77.95
2761-OCIAX,2,3,145,4,1,2,74.7,165.4,1,81,2803,True,True,74.7
3068-OMWZA,2,3,268,4,1,1,88.8,88.8,1,91,3106,True,True,88.8
6032-KRXXO,2,3,132,4,1,30,90.25,2755.35,1,84,5654,True,True,90.25
7459-RRWQZ,2,1,227,4,1,15,64.65,994.55,1,89,4780,True,True,64.65
4154-AQUGT,2,1,150,4,1,13,89.05,1169.35,1,82,3861,True,True,89.05
3092-IGHWF,3,3,282,4,1,67,87.4,5918.8,1,65,4421,True,False,87.4
8017-LXHFA,2,3,148,4,1,23,94.75,2293.6,1,95,2740,True,True,94.75
6352-TWCAU,2,3,260,4,1,35,86.45,3029.1,1,68,5874,True,True,86.45
2929-QNSRW,4,3,277,4,1,56,98.25,5508.35,1,97,4886,True,False,98.25
1262-OPMFY,2,1,137,4,1,9,75.75,655.9,1,96,5105,True,True,75.75
4248-QPAVC,2,1,298,4,1,17,85.35,1463.45,1,70,3209,True,True,85.35
1899-VXWXM,4,2,285,4,1,48,106.1,5082.8,1,69,5898,True,False,106.1
4690-LLKUA,2,3,65,9,1,17,45.05,770.6,1,65,3797,True,True,45.05
3331-HQDTW,2,4,317,9,1,34,109.8,3587.25,1,78,3410,True,True,109.8
9490-DFPMD,2,3,260,9,1,42,84.65,3541.35,1,76,4871,True,True,84.65
5442-XSDCW,2,1,131,9,1,11,79.5,868.5,1,68,3469,True,True,79.5
3049-NDXFL,1,4,259,9,1,1,85.8,85.8,1,99,2850,True,True,85.8
8580-AECUZ,2,3,131,9,1,1,79.1,79.1,1,84,5001,True,True,79.1
7963-GQRMY,1,4,65,9,1,3,44.3,134.5,1,88,4903,True,True,44.3
1228-FZFRV,1,2,301,9,1,50,105.95,5341.8,1,79,5536,True,True,105.95
2058-DCJBE,2,3,129,9,1,5,69.75,324.6,1,99,3965,True,True,69.75
5364-XYIRR,2,3,261,9,1,51,94.65,4812.75,1,100,4747,True,True,94.65
4829-AUOAX,1,1,261,9,1,46,96.05,4399.5,1,77,2712,True,True,96.05
5047-LHVLY,2,4,73,9,1,1,50.15,50.15,1,98,3438,True,True,50.15
9158-VCTQB,2,1,321,9,1,41,113.6,4594.95,1,96,4963,True,True,113.6
6311-UEUME,2,3,131,9,1,29,78.9,2384.15,1,90,3249,True,True,78.9
6839-ITVZJ,2,3,214,8,1,26,60.05,1616.15,1,71,2039,True,True,60.05
0375-HVGXO,2,3,3,8,1,1,34.7,34.7,1,81,4476,True,True,34.7
8593-WHYHV,2,3,259,8,1,3,85.3,264.8,1,67,4934,True,True,85.3
6097-EQISJ,4,2,285,2,1,66,102.45,6615.15,1,82,4688,True,False,102.45
4423-YLHDV,2,1,301,2,1,21,104.4,2200.25,1,67,5570,True,True,104.4
0107-YHINA,2,3,269,2,1,1,99.75,99.75,1,93,4214,True,True,99.75
8640-SDGKB,2,3,80,2,1,4,74.4,299.7,1,69,3633,True,True,74.4
4116-TZAQJ,2,2,161,2,1,9,74.25,639.65,1,76,5393,True,True,74.25
3877-JRJIP,2,3,196,2,1,1,59.85,59.85,1,71,4017,True,True,59.85
8375-DKEBR,2,3,129,2,1,1,69.6,69.6,1,96,3438,True,True,69.6
7511-YMXVQ,2,3,4,2,1,9,45.4,418.8,1,81,5028,True,True,45.4
7551-JOHTI,1,4,193,2,1,1,19.5,19.5,1,77,5211,True,True,19.5
9804-ICWBG,2,3,129,2,1,1,69.9,69.9,1,88,3349,True,True,69.9
5318-IXUZF,2,1,147,8,1,2,87.15,183.75,1,72,4149,True,True,87.15
3198-VELRD,2,1,259,2,1,3,84.75,264.85,1,100,2014,True,True,84.75
9436-ZBZCT,2,3,264,2,1,14,89.95,1178.4,1,97,5463,True,True,89.95
7279-BUYWN,2,3,317,2,1,41,113.2,4689.5,1,89,3380,True,True,113.2
7156-MHUGY,2,3,132,2,1,13,90.5,1201.15,1,76,5394,True,True,90.5
7198-GLXTC,1,3,131,2,1,2,79.0,143.65,1,92,5239,True,True,79.0
0516-VRYBW,3,1,193,2,1,18,20.15,390.85,1,85,4931,True,False,20.15
8380-PEFPE,2,3,129,2,1,1,71.65,71.65,1,93,2377,True,True,71.65
5687-DKDTV,1,4,193,2,1,4,20.35,77.5,1,76,5984,True,True,20.35
7530-HDYDS,2,2,157,2,1,38,84.25,3264.5,1,70,2885,True,True,84.25
3096-IZETN,1,1,130,2,1,12,78.1,947.3,1,89,4741,True,True,78.1
5922-ABDVO,1,4,267,2,1,19,89.65,1761.05,1,74,3046,True,True,89.65
9172-ANCRX,2,3,293,2,1,10,98.7,973.25,1,68,5561,True,True,98.7
6910-HADCM,1,3,137,2,1,1,76.35,76.35,1,67,5613,True,True,76.35
4816-LXZYW,2,3,274,2,1,23,79.15,1676.95,1,68,5216,True,True,79.15
9606-PBKBQ,2,3,259,2,1,32,85.0,2642.05,1,94,4584,True,True,85.0
3536-IQCTX,1,3,259,2,1,32,85.3,2661.1,1,75,2712,True,True,85.3
4911-BANWH,2,2,260,2,1,31,86.55,2697.4,1,74,4198,True,True,86.55
8496-EJAUI,2,2,145,2,1,19,73.85,1424.5,1,89,2251,True,True,73.85
3132-TVFDZ,2,3,4,2,1,57,44.85,2572.95,1,82,5172,True,True,44.85
8080-DDEMJ,1,3,65,2,1,1,45.1,45.1,1,79,4499,True,True,45.1
6365-MTGZX,2,3,136,2,1,24,96.0,2122.45,1,71,3068,True,True,96.0
1349-WXNGG,1,1,193,2,1,1,20.05,20.05,1,66,4710,True,True,20.05
6990-YNRIO,5,1,305,2,1,65,108.65,6937.95,1,79,6120,True,False,108.65
0621-TWIEM,2,3,65,2,1,10,45.55,402.6,1,67,4097,True,True,45.55
2485-ITVKB,2,3,2,2,1,2,35.1,68.75,1,78,2643,True,True,35.1
3669-OYSJI,1,2,65,2,1,1,46.2,46.2,1,76,4167,True,True,46.2
1612-EOHDH,1,3,65,2,1,1,45.15,45.15,1,89,5828,True,True,45.15
6702-OHFWR,2,3,26,8,1,1,43.3,43.3,1,91,4972,True,True,43.3
4510-PYUSH,2,2,113,2,1,38,57.15,2250.65,1,75,3110,True,True,57.15
7517-SAWMO,2,3,161,2,1,19,73.2,1441.1,1,97,4718,True,True,73.2
4143-HHPMK,2,3,146,2,1,52,85.35,4338.6,1,98,6402,True,True,85.35
7054-LGEQW,1,4,65,2,1,1,45.95,45.95,1,69,4888,True,True,45.95
0923-PNFUB,1,3,147,2,1,3,83.75,247.25,1,65,4852,True,True,83.75
3494-JCHRQ,2,3,129,2,1,1,70.05,70.05,1,69,2699,True,True,70.05
6474-FVJLC,2,3,259,2,1,2,86.0,165.45,1,77,4546,True,True,86.0
8840-DQLGN,2,1,312,2,1,35,100.5,3653.35,1,81,4745,True,True,100.5
4547-LYTDD,1,3,258,2,1,16,72.65,1194.3,1,73,2850,True,True,72.65
6770-XUAGN,2,3,193,2,1,1,21.0,21.0,1,90,3753,True,True,21.0
4193-ORFCL,1,4,65,2,1,1,45.1,45.1,1,70,2740,True,True,45.1
7776-QWNFX,2,1,81,2,1,30,50.4,1527.5,1,83,4795,True,True,50.4
6689-TCZHQ,1,3,130,2,1,5,78.95,378.4,1,65,4054,True,True,78.95
3143-ILDAL,2,3,279,2,1,56,94.45,5124.6,1,96,4830,True,True,94.45
4720-VSTSI,2,1,282,2,1,44,84.8,3862.55,1,66,3997,True,True,84.8
3946-MHCZW,1,4,73,2,1,1,50.9,50.9,1,83,5111,True,True,50.9
6651-AZVTJ,2,3,269,2,1,49,99.8,4872.45,1,83,6088,True,True,99.8
4566-GOLUK,2,1,273,2,1,47,107.35,5118.95,1,98,3620,True,True,107.35
2484-DGXPZ,2,4,193,2,1,31,19.55,658.95,1,67,2687,True,True,19.55
4587-NUKOX,2,3,177,2,1,3,79.1,246.5,1,74,5339,True,True,79.1
0420-BWTPW,1,4,1,2,1,8,25.5,215.2,1,78,5578,True,True,25.5
8183-ONMXC,1,3,130,2,1,2,80.75,159.45,1,87,2176,True,True,80.75
9614-RMGHA,2,1,276,2,1,65,91.85,5940.85,1,82,5530,True,True,91.85
5054-IEXZT,2,3,145,2,1,1,75.35,75.35,1,90,5284,True,True,75.35
5834-ASPWA,2,3,258,2,1,1,75.45,75.45,1,74,5518,True,True,75.45
3948-XHGNA,2,1,97,2,1,24,49.55,1210.4,1,80,5005,True,True,49.55
0565-IYCGT,4,2,255,2,1,69,78.6,5356.45,1,93,6230,True,False,78.6
5445-UTODQ,2,3,131,8,1,7,81.1,576.65,1,87,3238,True,True,81.1
1024-VRZHF,2,3,258,2,1,11,74.95,825.7,1,70,2044,True,True,74.95
9497-QCMMS,2,3,261,4,1,1,93.55,93.55,1,81,5536,True,True,93.55
0348-SDKOL,2,2,273,14,1,58,102.1,5885.4,1,96,4415,True,True,102.1
4373-MAVJG,2,1,275,14,1,14,90.9,1259.0,1,70,5148,True,True,90.9
8901-HJXTF,1,4,17,14,1,12,29.2,309.1,1,94,3747,True,True,29.2
5419-KLXBN,2,1,155,5,1,25,89.15,2257.75,1,97,5853,True,True,89.15
3424-NMNBO,4,3,317,5,1,58,108.85,6287.25,1,91,4739,True,False,108.85
4514-GFCFI,2,3,260,5,1,16,84.75,1350.15,1,99,5136,True,True,84.75
9828-AOQLM,2,3,65,5,1,1,45.7,45.7,1,99,3187,True,True,45.7
8000-REIQB,2,3,129,5,1,1,69.95,69.95,1,94,3208,True,True,69.95
7615-ESMYF,1,3,4,5,1,2,44.6,97.1,1,70,5482,True,True,44.6
3858-VOBET,2,3,258,5,1,23,74.95,1710.45,1,89,5897,True,True,74.95
1447-PJGGA,6,3,140,5,1,57,95.25,5464.65,1,93,5789,True,False,95.25
8565-CLBZW,2,4,268,5,1,24,89.85,2165.05,1,95,2050,True,True,89.85
9139-WQQDY,3,4,277,5,1,49,100.45,4941.8,1,90,4235,True,False,100.45
0224-HJAPT,1,3,194,5,1,5,47.15,223.15,1,82,2857,True,True,47.15
8086-OVPWV,2,3,130,5,1,2,80.2,181.1,1,99,2384,True,True,80.2
9430-FRQOC,2,4,270,5,1,4,87.1,341.45,1,80,5587,True,True,87.1
3074-GQWYX,2,1,258,5,1,5,75.9,357.75,1,87,3520,True,True,75.9
6845-RGTYS,2,3,316,20,1,47,98.75,4533.7,1,80,4622,True,True,98.75
8861-HGGKB,1,3,259,20,1,10,86.45,830.85,1,80,5699,True,True,86.45
7065-YUNRY,2,4,65,20,1,1,45.3,45.3,1,69,3049,True,True,45.3
7694-VLBWQ,3,3,285,20,1,67,104.1,7040.85,1,74,4857,True,False,104.1
4795-KTRTH,2,3,274,20,1,5,81.0,371.65,1,99,4287,True,True,81.0
6481-OGDOO,4,2,178,20,1,67,90.6,6056.15,1,73,4394,True,False,90.6
3753-TSEMP,1,3,132,20,1,15,88.15,1390.6,1,79,2524,True,True,88.15
8305-VHZBZ,2,4,193,20,1,1,20.2,20.2,1,92,4325,True,True,20.2
9172-JITSM,2,3,132,8,1,26,90.8,2361.8,1,75,2641,True,True,90.8
6298-QDFNH,2,3,274,20,1,22,79.35,1730.35,1,68,4718,True,True,79.35
9961-JBNMK,2,1,140,20,1,21,96.8,2030.3,1,87,4317,True,True,96.8
6173-ITPWD,2,1,282,20,1,47,83.35,4065.0,1,98,2516,True,True,83.35
9734-UYXQI,2,3,194,20,1,2,49.4,106.55,1,97,5115,True,True,49.4
2189-UXTKY,2,3,233,20,1,22,79.2,1742.75,1,91,3410,True,True,79.2
4958-GZWIY,1,3,73,8,1,7,48.7,340.25,1,98,2984,True,True,48.7
6356-ELRKD,2,3,164,8,1,1,95.6,95.6,1,79,4091,True,True,95.6
8624-GIOUT,2,2,242,8,1,49,59.75,2934.3,1,78,6006,True,True,59.75
6179-GJPSO,2,2,184,17,1,43,108.15,4600.7,1,86,2833,True,True,108.15
3177-LASXD,1,3,129,18,1,1,71.35,71.35,1,77,2619,True,True,71.35
4897-QSUYC,2,4,193,2,1,1,20.15,20.15,1,86,4939,True,True,20.15
1084-UQCHV,1,1,129,2,1,1,69.75,69.75,1,66,2901,True,True,69.75
8290-YWKHZ,2,3,261,1,1,32,93.2,2931.0,1,90,5247,True,True,93.2
2955-BJZHG,1,3,131,1,1,17,80.85,1400.85,1,77,5174,True,True,80.85
3806-DXQOM,2,3,49,1,1,4,33.65,137.85,1,95,2563,True,True,33.65
9300-RENDD,2,3,131,2,1,1,79.95,79.95,1,99,4815,True,True,79.95
0761-AETCS,1,3,193,2,1,1,19.3,19.3,1,92,3236,True,True,19.3
2153-MREFK,4,3,303,2,1,37,99.2,3754.6,1,79,3599,True,False,99.2
3106-ULWFW,2,2,259,1,1,8,85.2,627.4,1,95,2887,True,True,85.2
0925-VYDLG,1,3,258,1,1,3,75.25,242.0,1,83,5898,True,True,75.25
4349-GFQHK,1,3,202,1,1,1,54.35,54.35,1,87,4212,True,True,54.35
7802-EFKNY,2,3,1,2,1,5,24.95,100.4,1,79,5865,True,True,24.95
8035-BUYVG,4,3,57,2,1,40,42.35,1716.45,1,67,5422,True,False,42.35
9787-XVQIU,2,3,258,2,1,1,75.3,75.3,1,100,3596,True,True,75.3
8945-MUQUF,4,3,308,1,1,51,94.8,4837.6,1,94,5074,True,False,94.8
8051-HJRLT,2,3,129,1,1,1,70.55,70.55,1,82,2146,True,True,70.55
3023-GFLBR,1,2,259,1,1,33,86.15,2745.7,1,66,3336,True,True,86.15
0524-IAVZO,2,3,259,8,1,30,85.0,2624.25,1,97,3698,True,True,85.0
2737-YNGYW,1,3,130,2,1,2,80.55,184.1,1,69,2856,True,True,80.55
5159-YFPKQ,2,3,137,2,1,2,75.8,160.75,1,98,5270,True,True,75.8
4021-RQSNY,2,3,269,1,1,29,98.5,3004.15,1,72,5137,True,True,98.5
9061-TIHDA,2,3,261,1,1,13,95.25,1233.65,1,97,2982,True,True,95.25
8699-ASUFO,2,4,258,1,1,7,74.4,527.9,1,96,4969,True,True,74.4
7927-AUXBZ,1,3,135,2,1,30,85.15,2555.9,1,76,4417,True,True,85.15
4695-WJZUE,2,3,267,2,1,2,88.55,179.25,1,80,3685,True,True,88.55
7619-ODSGN,1,3,226,2,1,24,54.75,1338.15,1,97,5699,True,True,54.75
3988-RQIXO,2,3,132,1,1,1,91.3,91.3,1,71,2371,True,True,91.3
2514-GINMM,2,3,131,1,1,1,79.5,79.5,1,92,4490,True,True,79.5
5931-FLJJF,2,4,129,1,1,7,70.1,467.55,1,83,3669,True,True,70.1
2659-VXMWZ,4,3,317,2,1,67,111.3,7482.1,1,85,4146,True,False,111.3
3207-OYBWH,2,1,283,2,1,57,95.25,5427.05,1,86,6259,True,True,95.25
4285-GYRQC,2,3,139,2,1,7,86.25,587.1,1,89,3344,True,True,86.25
7216-EWTRS,2,3,269,1,1,1,100.8,100.8,1,65,3128,True,True,100.8
8337-MSSXB,2,3,146,1,1,14,86.3,1180.95,1,74,3677,True,True,86.3
8182-BJDSI,2,3,275,1,1,28,89.95,2625.55,1,90,2468,True,True,89.95
2528-HFYZX,2,3,145,2,1,17,76.45,1233.4,1,92,3266,True,True,76.45
2482-CZGBB,2,3,129,2,1,10,70.0,740.0,1,67,3156,True,True,70.0
0866-QLSIR,4,4,246,2,1,34,64.4,2088.75,1,75,5189,True,False,64.4
7181-BQYBV,2,3,301,1,1,1,102.45,102.45,1,85,4811,True,True,102.45
6204-IEUXJ,1,2,141,1,1,3,80.1,217.55,1,65,4330,True,True,80.1
4529-CKBCL,2,3,131,1,1,2,80.2,146.05,1,85,4381,True,True,80.2
2506-CLAKW,2,1,190,2,1,6,98.15,567.45,1,80,3578,True,True,98.15
1583-IHQZE,2,4,289,2,1,12,112.95,1384.75,1,97,3965,True,True,112.95
0151-ONTOV,1,4,129,2,1,1,70.9,70.9,1,78,4739,True,True,70.9
4140-MUHUG,2,3,139,1,1,3,86.85,220.95,1,70,3561,True,True,86.85
0320-JDNQG,2,3,168,8,1,23,99.85,2331.3,1,83,3425,True,True,99.85
7180-PISOG,2,3,258,1,1,1,74.5,74.5,1,75,5554,True,True,74.5
3571-RFHAR,2,3,289,2,1,65,109.15,6941.2,1,99,6001,True,True,109.15
9578-VRMNM,2,2,203,2,1,16,65.2,1043.35,1,73,4722,True,True,65.2
1587-FKLZB,2,2,269,2,1,66,99.5,6822.15,1,96,4479,True,True,99.5
6140-QNRQQ,2,4,129,1,1,1,71.55,71.55,1,98,5739,True,True,71.55
4307-KTUMW,1,3,299,1,1,53,93.9,5029.2,1,68,5543,True,True,93.9
5440-FLBQG,6,1,289,1,1,69,108.4,7318.2,1,73,4708,True,False,108.4
7470-MCQTK,2,1,12,2,1,13,48.75,633.4,1,86,2655,True,True,48.75
7488-MXJIV,2,3,260,2,1,4,85.65,321.65,1,96,3223,True,True,85.65
2027-FECZV,2,3,285,2,1,12,106.7,1253.9,1,92,2406,True,True,106.7
2672-DZUOY,2,3,1,1,1,1,25.15,25.15,1,99,5386,True,True,25.15
3870-MQAMG,3,3,289,1,1,54,110.35,5893.15,1,90,6189,True,False,110.35
4800-CZMPC,4,2,309,1,1,48,103.25,5037.55,1,71,4736,True,False,103.25
7377-DMMRI,2,3,97,2,1,2,47.8,92.45,1,89,4134,True,True,47.8
8949-JTMAY,2,2,269,2,1,29,98.6,2933.2,1,72,5144,True,True,98.6
2774-LVQUS,2,3,270,2,1,15,83.05,1258.3,1,70,2596,True,True,83.05
3211-ILJTT,2,1,129,1,1,17,70.4,1214.05,1,67,4469,True,True,70.4
4612-THJBS,4,1,285,1,1,56,104.75,5510.65,1,93,5605,True,False,104.75
4094-NSEDU,2,3,261,1,1,21,94.25,1973.75,1,73,4819,True,True,94.25
5103-MHMHY,1,4,65,2,1,1,45.95,45.95,1,82,4563,True,True,45.95
1846-XWOQN,2,3,129,4,1,1,70.15,70.15,1,71,2825,True,True,70.15
0235-KGSLC,2,2,139,14,1,1,85.55,85.55,1,86,3967,True,True,85.55
2884-GBPFB,2,3,129,14,1,35,70.3,2416.55,1,79,5413,True,True,70.3
3757-NJYBX,1,1,285,14,1,32,106.35,3520.75,1,65,4113,True,True,106.35
5136-KCKGI,4,4,301,3,1,33,103.7,3467.0,1,76,4461,True,False,103.7
3722-WPXTK,2,3,132,5,1,1,88.35,88.35,1,72,4254,True,True,88.35
2929-ERCFZ,2,3,140,6,1,8,94.2,777.3,1,80,2939,True,True,94.2
7548-SEPYI,2,3,148,4,1,5,96.25,512.45,1,74,5056,True,True,96.25
8835-VSDSE,2,3,129,3,1,2,70.7,141.45,1,86,4559,True,True,70.7
1623-NLDOT,3,4,21,3,1,42,33.55,1445.3,1,82,2044,True,False,33.55
9898-KZQDZ,2,2,261,5,1,40,94.55,3640.45,1,95,5676,True,True,94.55
5236-PERKL,6,1,317,5,1,57,112.95,6465.0,1,89,4738,True,False,112.95
7854-FOKSF,1,3,2,5,1,1,35.9,35.9,1,93,4747,True,True,35.9
2519-FAKOD,2,1,269,6,1,38,99.25,3777.15,1,76,5274,True,True,99.25
8263-JQAIK,2,4,1,6,1,2,24.45,47.5,1,77,5573,True,True,24.45
7089-IVVAZ,2,1,297,6,1,8,103.35,847.3,1,71,2363,True,True,103.35
2205-YMZZJ,2,3,260,4,1,7,84.8,546.95,1,70,2015,True,True,84.8
1254-IZEYF,2,3,277,4,1,31,99.95,3186.65,1,96,5362,True,True,99.95
9492-TOKRI,2,2,276,19,1,18,90.0,1527.35,1,97,2708,True,True,90.0
9221-OTIVJ,2,3,285,20,1,14,104.85,1531.4,1,86,2292,True,True,104.85
3325-FUYCG,3,3,309,21,1,28,106.1,2847.4,1,85,3770,True,False,106.1
5908-QMGOE,2,2,258,11,1,15,74.2,1133.9,1,80,4553,True,True,74.2
8481-YYXWG,2,3,150,15,1,5,89.35,461.7,1,70,4584,True,True,89.35
2609-IAICY,2,3,258,12,1,1,77.15,77.15,1,79,2756,True,True,77.15
1740-CSDJP,2,1,2,10,1,1,35.25,35.25,1,88,2548,True,True,35.25
2636-OHFMN,2,3,20,13,1,4,48.55,201.0,1,97,3955,True,True,48.55
1323-OOEPC,2,2,277,9,1,53,98.4,5149.5,1,87,6481,True,True,98.4
0397-GZBBC,2,1,261,19,1,59,93.85,5574.75,1,85,5390,True,True,93.85
7641-EUYET,2,3,316,20,1,46,100.7,4541.2,1,72,5712,True,True,100.7
9921-ZVRHG,2,3,266,21,1,14,80.45,1072.0,1,94,4155,True,True,80.45
4701-MLJPN,2,3,77,11,1,31,55.25,1715.65,1,78,2933,True,True,55.25
9206-GVPEQ,2,3,40,15,1,13,54.45,706.85,1,88,5212,True,True,54.45
1596-BBVTG,1,2,258,8,1,35,75.35,2636.05,1,79,2785,True,True,75.35
8433-WXGNA,2,3,161,8,1,2,75.7,189.2,1,82,4676,True,True,75.7
3707-GNWHM,2,4,258,8,1,1,74.25,74.25,1,93,4750,True,True,74.25
8922-LIEGH,2,3,275,17,1,25,89.7,2187.55,1,82,4078,True,True,89.7
8245-UMPYT,2,3,261,18,1,16,96.4,1581.2,1,80,2688,True,True,96.4
5186-SAMNZ,2,1,129,19,1,1,69.5,69.5,1,77,3273,True,True,69.5
5373-SFODM,2,2,259,20,1,36,85.25,3132.75,1,82,3041,True,True,85.25
5766-ZJYBB,1,4,193,21,1,1,19.4,19.4,1,66,4152,True,True,19.4
8931-GJJIQ,2,3,259,11,1,9,83.3,803.3,1,97,3520,True,True,83.3
4277-PVRAN,2,1,131,15,1,8,80.1,679.3,1,67,5071,True,True,80.1
0022-TCJCI,3,2,106,12,1,45,62.7,2791.5,1,92,2654,True,False,62.7
0203-HHYIJ,3,1,322,10,1,25,25.3,676.35,1,79,3779,True,False,25.3
0952-KMEEH,1,4,293,13,1,13,98.15,1230.25,1,98,5525,True,True,98.15
8178-EYZUO,2,3,307,9,1,46,93.7,4154.8,1,70,3378,True,True,93.7
5130-IEKQT,1,4,285,19,1,25,105.95,2655.25,1,100,4283,True,True,105.95
3230-WYKIR,4,2,209,20,1,18,82.0,1425.45,1,79,3306,True,False,82.0
0407-BDJKB,2,3,284,21,1,60,95.75,5742.9,1,88,4129,True,True,95.75
9600-UDOPK,2,2,261,11,1,30,94.05,2866.45,1,68,4095,True,True,94.05
4074-SJFFA,2,4,66,15,1,1,54.75,54.75,1,83,2614,True,True,54.75
3269-ATYWD,2,1,261,8,1,39,95.65,3759.05,1,65,4892,True,True,95.65
4910-GMJOT,2,3,261,8,1,1,94.6,94.6,1,96,4033,True,True,94.6
0354-WYROK,2,3,144,8,1,31,98.9,2911.3,1,98,4050,True,True,98.9
7576-OYWBN,2,3,258,19,1,3,76.05,231.8,1,67,2930,True,True,76.05
5539-TMZLF,2,3,129,20,1,1,69.75,69.75,1,69,5057,True,True,69.75
4323-SADQS,2,3,37,21,1,7,34.5,279.25,1,93,3520,True,True,34.5
4446-BZKHU,2,3,285,11,1,61,105.55,6281.45,1,86,5011,True,True,105.55
5202-IVJNU,1,2,9,15,1,39,30.1,1131.3,1,72,3106,True,True,30.1
5976-JCJRH,2,3,129,12,1,10,70.3,738.2,1,94,2162,True,True,70.3
0137-OCGAB,2,4,274,10,1,1,80.2,80.2,1,90,3056,True,True,80.2
3351-NQLDI,4,2,295,13,1,67,94.35,6341.45,1,99,4348,True,False,94.35
7593-JNWRU,2,1,65,9,1,6,44.6,260.8,1,90,4525,True,True,44.6
4588-YBNIB,2,4,193,19,1,1,19.6,19.6,1,91,4205,True,True,19.6
3336-JORSO,2,3,289,20,1,33,110.45,3655.45,1,80,3401,True,True,110.45
5028-GZLDO,1,2,129,21,1,2,70.7,140.7,1,96,5317,True,True,70.7
6861-XWTWQ,2,3,269,11,1,7,99.25,665.45,1,90,2487,True,True,99.25
6877-TJMBR,2,3,135,15,1,1,84.8,84.8,1,80,2627,True,True,84.8
6769-DCQLI,4,1,160,8,1,52,105.0,5426.85,1,85,4630,True,False,105.0
2433-KMEAS,2,3,226,8,1,22,54.45,1127.35,1,71,2445,True,True,54.45
2195-ZRVAX,2,3,138,8,1,47,85.3,4045.65,1,97,3631,True,True,85.3
3550-SAHFP,2,3,259,19,1,33,83.35,2757.85,1,66,5456,True,True,83.35
2011-TRQYE,2,2,25,20,1,18,33.5,600.0,1,82,5474,True,True,33.5
4873-ILOLJ,2,3,132,21,1,24,90.35,2238.5,1,67,5546,True,True,90.35
2725-KXXWT,2,3,132,11,1,1,90.75,90.75,1,86,5460,True,True,90.75
9565-DJPIB,1,4,276,15,1,4,89.6,365.65,1,87,4689,True,True,89.6
8348-HFYIV,2,3,12,12,1,2,49.25,90.35,1,90,5775,True,True,49.25
6849-WLEYG,1,4,193,10,1,1,19.75,19.75,1,92,2611,True,True,19.75
4659-NZRUF,2,3,307,13,1,19,95.15,1789.25,1,78,5830,True,True,95.15
8429-XIBUM,2,1,293,9,1,22,101.35,2317.1,1,77,4694,True,True,101.35
2608-BHKFN,2,2,129,19,1,4,70.05,266.9,1,89,3600,True,True,70.05
7341-LXCAF,2,3,258,20,1,4,74.65,301.4,1,87,4013,True,True,74.65
9462-MJUAW,1,4,194,21,1,4,50.4,206.6,1,92,4399,True,True,50.4
8128-YVJRG,2,4,290,11,1,7,79.65,604.7,1,81,4513,True,True,79.65
4283-FUTGF,2,3,266,15,1,19,79.85,1471.75,1,65,3715,True,True,79.85
1569-TTNYJ,2,3,274,8,1,5,78.75,412.1,1,72,3401,True,True,78.75
2397-BRLOM,2,2,131,8,1,8,80.45,583.45,1,100,3443,True,True,80.45
4749-VFKVB,2,4,194,8,1,1,50.1,50.1,1,90,4778,True,True,50.1
7598-UAASY,1,3,137,1,1,2,76.4,151.8,1,71,4340,True,True,76.4
7938-OUHIO,2,3,144,1,1,3,98.7,293.65,1,72,3916,True,True,98.7
8510-AWCXC,2,3,293,2,1,13,100.8,1308.1,1,65,3269,True,True,100.8
0431-APWVY,4,1,132,8,1,28,90.1,2598.95,1,99,5958,True,False,90.1
3426-NIYYL,1,3,194,2,1,15,51.55,765.5,1,66,2087,True,True,51.55
8225-BTJAU,2,3,130,1,1,10,79.25,793.55,1,87,3856,True,True,79.25
3387-VATUS,2,1,261,1,1,5,94.85,462.8,1,69,5701,True,True,94.85
1143-NMNQJ,2,3,259,1,1,2,85.7,169.8,1,95,2187,True,True,85.7
0415-MOSGF,1,4,65,2,1,1,44.4,44.4,1,76,3204,True,True,44.4
1724-BQUHA,2,3,132,2,1,5,89.5,477.7,1,66,2718,True,True,89.5
4826-XTSOH,2,3,260,2,1,1,86.05,86.05,1,96,4843,True,True,86.05
2495-INZWQ,2,3,4,1,1,4,44.55,174.3,1,66,5605,True,True,44.55
4139-SUGLD,1,1,37,1,1,31,35.4,1077.5,1,77,2067,True,True,35.4
6857-VWJDT,1,4,261,1,1,1,95.65,95.65,1,87,3473,True,True,95.65
5624-BQSSA,1,4,193,2,1,1,20.95,20.95,1,70,4285,True,True,20.95
2408-WITXK,2,3,2,7,1,10,34.7,329.8,1,92,3244,True,True,34.7
5577-OTWWW,1,1,193,14,1,15,19.75,297.3,1,69,2428,True,True,19.75
6100-QQHEB,2,3,261,14,1,17,92.55,1515.1,1,99,5775,True,True,92.55
2634-HCZGT,4,3,230,14,1,53,60.05,3229.65,1,77,5271,True,False,60.05
7503-QQRVF,2,2,145,3,1,16,74.3,1178.25,1,81,2076,True,True,74.3
2691-NZETQ,2,3,260,5,1,9,85.35,758.6,1,89,2752,True,True,85.35
4404-HIBDJ,3,4,127,6,1,25,74.3,1863.8,1,85,5175,True,False,74.3
7295-JOMMD,2,1,144,4,1,4,98.1,396.3,1,87,2895,True,True,98.1
5013-SBUIH,6,3,313,3,1,50,109.65,5551.15,1,84,5855,True,False,109.65
0709-TVGUR,2,3,258,3,1,9,74.55,622.9,1,69,3145,True,True,74.55
6023-YEBUP,2,3,269,5,1,3,100.95,329.95,1,81,5351,True,True,100.95
7209-JCUDS,2,3,140,5,1,10,94.9,1048.85,1,83,2832,True,True,94.9
3001-CBHLQ,2,3,273,5,1,32,104.9,3351.55,1,79,3966,True,True,104.9
6158-DWPZT,3,1,1,6,1,9,24.1,259.8,1,82,3195,True,False,24.1
3763-GCZHZ,4,3,281,6,1,66,104.05,6890.0,1,95,5504,True,False,104.05
0772-GYEQQ,2,4,143,6,1,3,88.35,262.05,1,93,5202,True,True,88.35
4831-EOBFE,1,2,164,8,1,29,94.65,2649.15,1,70,5150,True,True,94.65
4102-OQUPX,2,3,258,4,1,1,74.4,74.4,1,91,5429,True,True,74.4
9170-GYZJC,1,2,255,19,1,41,79.9,3326.2,1,84,4734,True,True,79.9
3999-QGRJH,2,3,129,20,1,8,69.7,560.85,1,88,3068,True,True,69.7
2454-RPBRZ,2,3,284,21,1,12,98.1,1060.2,1,97,2709,True,True,98.1
2002-MZHWP,1,4,193,11,1,1,20.5,20.5,1,76,3820,True,True,20.5
2265-CYWIV,2,3,293,15,1,4,99.6,347.65,1,77,4708,True,True,99.6
2004-OCQXK,2,3,130,12,1,1,81.95,81.95,1,85,5622,True,True,81.95
5027-QPKTE,2,3,129,10,1,7,69.35,451.1,1,82,4292,True,True,69.35
2672-HUYVI,2,3,132,13,1,6,91.1,455.3,1,68,2266,True,True,91.1
7508-MYBOG,2,3,260,9,1,14,86.1,1235.55,1,89,2177,True,True,86.1
0148-DCDOS,2,1,261,19,1,25,94.7,2362.1,1,82,5641,True,True,94.7
9992-RRAMN,2,3,259,20,1,22,85.1,1873.7,1,68,5248,True,True,85.1
0310-MVLET,2,3,277,21,1,61,99.15,6010.05,1,77,5612,True,True,99.15
4550-VBOFE,2,3,285,11,1,70,102.95,7101.5,1,99,5005,True,True,102.95
5696-QURRL,2,4,65,15,1,1,45.05,45.05,1,73,2644,True,True,45.05
7409-KIUTL,2,3,129,8,1,1,71.0,71.0,1,72,5345,True,True,71.0
1732-VHUBQ,1,1,129,8,1,47,70.55,3309.25,1,82,4457,True,True,70.55
0495-RVCBF,2,3,130,8,1,1,79.7,79.7,1,75,2066,True,True,79.7
7854-EDSSA,1,3,242,17,1,22,59.0,1254.7,1,77,2195,True,True,59.0
8869-TORSS,4,2,109,18,1,48,60.35,2896.4,1,69,2681,True,False,60.35
0679-IDSTG,2,3,129,19,1,1,69.25,69.25,1,87,4568,True,True,69.25
2115-BFTIW,1,4,129,20,1,25,70.95,1767.35,1,75,4881,True,True,70.95
0611-DFXKO,2,4,132,21,1,20,89.0,1820.45,1,78,4594,True,True,89.0
7780-OTDSO,2,3,293,11,1,18,99.4,1742.95,1,86,2421,True,True,99.4
9747-DDZOS,1,1,137,15,1,1,73.5,73.5,1,74,4378,True,True,73.5
0564-JJHGS,2,3,261,12,1,9,95.5,829.1,1,90,5007,True,True,95.5
3348-CFRNX,2,4,164,10,1,28,92.35,2602.9,1,71,2990,True,True,92.35
1428-GTBJJ,2,3,145,13,1,11,74.55,824.75,1,81,4601,True,True,74.55
8802-UNOJF,2,4,157,9,1,12,83.8,1029.75,1,78,5565,True,True,83.8
6313-GIDIT,2,3,28,19,1,53,54.45,2854.55,1,65,6280,True,True,54.45
2845-AFFTX,2,3,269,20,1,41,99.8,4259.3,1,76,4726,True,True,99.8
2249-YPRNG,2,1,285,21,1,20,105.85,2239.65,1,84,4223,True,True,105.85
7410-YTJIK,1,4,258,11,1,7,75.45,480.75,1,75,2872,True,True,75.45
4626-GYCZP,2,3,261,15,1,7,93.85,635.6,1,79,3506,True,True,93.85
5590-BYNII,2,3,293,8,1,22,100.75,2095.0,1,98,4152,True,True,100.75
3237-AJGEH,2,4,5,8,1,3,31.0,95.05,1,67,5122,True,True,31.0
1591-NFNLQ,1,2,266,8,1,51,80.0,4242.35,1,91,4769,True,True,80.0
2815-CPTUL,2,4,129,19,1,5,70.25,331.9,1,89,3684,True,True,70.25
0596-BQCEQ,2,3,156,20,1,62,100.15,6283.3,1,93,4120,True,True,100.15
1481-ZUWZA,2,2,307,21,1,28,94.5,2659.4,1,80,5433,True,True,94.5
2309-OSFEU,2,4,2,11,1,10,33.9,298.45,1,84,2529,True,True,33.9
1891-FZYSA,2,3,276,15,1,69,89.95,6143.15,1,82,6363,True,True,89.95
7613-LLQFO,2,3,260,12,1,12,84.45,1059.55,1,100,3330,True,True,84.45
2640-PMGFL,2,3,262,10,1,27,79.5,2180.55,1,100,2518,True,True,79.5
3801-HMYNL,1,4,132,13,1,1,89.15,89.15,1,68,3123,True,True,89.15
9685-WKZGT,2,3,258,9,1,14,74.95,1036.75,1,70,2075,True,True,74.95
6022-UGGSO,2,3,145,19,1,32,74.4,2276.95,1,90,2091,True,True,74.4
4484-CGXFK,2,3,66,20,1,3,55.3,196.15,1,96,3190,True,True,55.3
6214-EDAKZ,1,3,85,21,1,22,55.15,1206.05,1,79,5115,True,True,55.15
6127-ISGTU,2,3,260,11,1,16,84.95,1378.25,1,67,3075,True,True,84.95
8740-XLHDR,2,4,61,15,1,5,43.25,219.0,1,67,5824,True,True,43.25
1208-DNHLN,4,2,194,8,1,23,48.35,1067.15,1,83,4580,True,False,48.35
1761-AEZZR,2,3,131,8,1,1,79.55,79.55,1,72,5593,True,True,79.55
3923-CSIHK,2,3,129,8,1,50,71.05,3444.85,1,94,5746,True,True,71.05
7120-RFMVS,1,3,260,19,1,1,84.5,84.5,1,73,4340,True,True,84.5
7317-GGVPB,6,2,289,20,1,71,108.6,7690.9,1,97,4982,True,False,108.6
1322-AGOQM,1,1,17,21,1,46,30.3,1380.1,1,95,2243,True,True,30.3
3677-IYRBF,2,3,9,11,1,2,30.4,78.65,1,90,4002,True,True,30.4
5692-FPTAH,2,4,65,15,1,1,45.4,45.4,1,67,2168,True,True,45.4
1550-LOAHA,1,1,146,12,1,32,84.15,2585.95,1,74,4017,True,True,84.15
0268-QKIWO,1,3,193,10,1,3,19.75,58.85,1,83,2647,True,True,19.75
0876-WDUUZ,2,2,134,13,1,5,85.4,425.9,1,90,3716,True,True,85.4
0617-FHSGK,1,2,258,9,1,49,75.2,3678.3,1,90,5283,True,True,75.2
2858-MOFSQ,4,4,202,19,1,17,55.85,937.5,1,76,5472,True,False,55.85
8118-LSUEL,2,3,285,20,1,23,106.4,2483.5,1,79,5507,True,True,106.4
7005-CCBKV,2,3,146,21,1,6,84.4,556.35,1,77,4539,True,True,84.4
4250-FDVOU,1,3,113,11,1,6,56.25,389.1,1,95,4110,True,True,56.25
5277-ZLOOR,2,3,260,15,1,2,85.55,187.45,1,86,5512,True,True,85.55
2141-RRYGO,2,1,84,8,1,4,68.65,261.25,1,76,5274,True,True,68.65
6376-GAHQE,1,3,131,8,1,4,77.85,299.2,1,65,2140,True,True,77.85
5052-PNLOS,2,1,285,8,1,3,105.35,323.25,1,65,3662,True,True,105.35
6979-ZNSFF,2,3,260,19,1,8,87.05,762.1,1,69,2545,True,True,87.05
2386-LAHRK,2,4,67,20,1,1,53.5,53.5,1,80,5094,True,True,53.5
6032-IGALN,2,4,1,21,1,1,25.1,25.1,1,79,4769,True,True,25.1
4248-HCETZ,2,4,153,11,1,30,79.65,2365.15,1,73,2174,True,True,79.65
0516-WJVXC,1,3,101,15,1,5,54.2,308.25,1,78,5476,True,True,54.2
9174-FKWZE,2,3,193,12,1,1,19.45,19.45,1,78,3848,True,True,19.45
8809-RIHDD,6,3,285,10,1,72,103.4,7372.65,1,83,5055,True,False,103.4
4822-NGOCH,2,3,282,13,1,13,84.45,1058.6,1,74,5801,True,True,84.45
5307-DZCVC,2,2,260,9,1,32,85.95,2628.6,1,74,2431,True,True,85.95
8679-JOEVF,1,3,71,19,1,16,59.4,1023.9,1,87,5556,True,True,59.4
1432-FPAXX,2,3,17,20,1,29,30.6,856.35,1,77,3615,True,True,30.6
4803-AXVYP,2,3,265,21,1,38,99.55,3734.25,1,100,3474,True,True,99.55
3884-HCSWG,2,3,129,11,1,17,70.0,1144.5,1,70,4390,True,True,70.0
5077-DXTCG,2,3,65,15,1,1,45.3,45.3,1,86,2293,True,True,45.3
1142-WACZW,1,1,5,8,1,2,29.85,75.6,1,95,4268,True,True,29.85
5649-ANRML,2,2,158,8,1,2,95.1,180.25,1,90,4486,True,True,95.1
4892-VLANZ,1,4,193,8,1,1,19.8,19.8,1,96,5600,True,True,19.8
2919-HBCJO,2,1,145,14,1,4,76.65,333.6,1,97,4580,True,True,76.65
4236-XPXAV,2,4,152,14,1,5,99.15,465.05,1,74,2283,True,True,99.15
3030-YZADT,1,4,65,3,1,9,44.95,431.0,1,66,5023,True,True,44.95
7410-KTVFV,2,4,73,5,1,18,49.55,878.35,1,97,2815,True,True,49.55
8393-DLHGA,2,3,148,6,1,25,95.9,2448.75,1,68,2241,True,True,95.9
7395-IGJOS,1,1,130,4,1,17,81.5,1329.2,1,79,3443,True,True,81.5
2834-SPCJV,1,3,163,3,1,52,84.1,4348.65,1,75,6216,True,True,84.1
7890-VYYWG,2,4,3,3,1,3,36.45,93.7,1,89,3766,True,True,36.45
9907-SWKKF,1,4,1,5,1,1,25.05,25.05,1,65,4842,True,True,25.05
0587-DMGBH,2,3,97,5,1,8,49.85,365.55,1,75,2269,True,True,49.85
6397-JNZZG,1,2,28,5,1,43,55.55,2342.2,1,85,2573,True,True,55.55
3523-QRQLL,4,1,84,6,1,22,69.5,1498.2,1,94,5922,True,False,69.5
0895-DQHEW,2,3,285,6,1,54,104.3,5278.15,1,77,4019,True,True,104.3
8149-RSOUN,2,3,261,6,1,1,93.85,93.85,1,78,3014,True,True,93.85
7250-EQKIY,1,4,73,4,1,1,50.45,50.45,1,75,2426,True,True,50.45
4013-UBXWQ,2,3,201,4,1,7,74.65,521.1,1,67,4612,True,True,74.65
5519-NPHVG,2,3,261,19,1,12,94.2,1046.1,1,73,3975,True,True,94.2
8849-GYOKR,3,1,309,20,1,54,106.55,5763.3,1,90,4893,True,False,106.55
3148-BLQJT,1,4,193,21,1,1,20.1,20.1,1,80,5747,True,True,20.1
0461-CVKMU,1,3,157,11,1,23,83.8,1900.25,1,80,5737,True,True,83.8
8806-EAGWC,1,4,67,15,1,3,55.15,159.15,1,78,5698,True,True,55.15
7779-LGOVN,2,3,259,12,1,10,86.65,856.65,1,84,4990,True,True,86.65
9710-ZUSHQ,2,1,309,10,1,37,106.75,4056.75,1,92,5849,True,True,106.75
4183-WCSEP,2,3,149,13,1,31,78.45,2435.15,1,72,3091,True,True,78.45
5498-TXHLF,1,3,268,9,1,34,87.45,2874.15,1,98,3358,True,True,87.45
9722-UJOJR,2,3,129,19,1,29,70.75,1974.8,1,73,2663,True,True,70.75
3902-FOIGH,2,3,277,20,1,12,101.35,1218.55,1,68,3967,True,True,101.35
6772-KSATR,2,3,290,21,1,1,81.7,81.7,1,83,5574,True,True,81.7
7112-OPOTK,1,3,129,11,1,33,68.25,2171.15,1,100,5647,True,True,68.25
4210-QFJMF,2,3,130,15,1,4,79.15,317.25,1,68,5762,True,True,79.15
3318-OSATS,2,3,261,8,1,35,95.45,3474.05,1,91,2080,True,True,95.45
5828-AVIPD,4,3,265,8,1,19,100.95,1875.55,1,73,4072,True,False,100.95
1086-LXKFY,2,4,129,8,1,1,69.1,69.1,1,92,4779,True,True,69.1
2636-ALXXZ,2,3,129,17,1,1,69.6,69.6,1,74,2151,True,True,69.6
7774-OJSXI,4,3,285,18,1,31,103.45,3066.45,1,65,5387,True,False,103.45
7786-WBJYI,1,1,274,19,1,4,77.95,305.55,1,89,5365,True,True,77.95
9885-CSMWE,1,3,131,20,1,1,78.45,78.45,1,67,2139,True,True,78.45
5016-ETTFF,1,4,9,21,1,10,29.5,255.25,1,69,3797,True,True,29.5
3866-MDTUB,2,3,100,11,1,2,70.75,146.9,1,72,3257,True,True,70.75
8058-JMEQO,2,3,259,15,1,9,84.45,762.5,1,95,3543,True,True,84.45
0697-ZMSWS,2,3,259,12,1,4,85.65,338.9,1,87,2330,True,True,85.65
7657-DYEPJ,4,2,95,10,1,38,70.15,2497.35,1,82,2645,True,False,70.15
8276-MQBYC,2,3,269,13,1,51,97.8,4913.3,1,81,6204,True,True,97.8
7593-XFKDI,1,4,65,9,1,1,46.3,46.3,1,73,3017,True,True,46.3
0337-CNPZE,2,3,285,19,1,41,106.3,4443.45,1,85,5383,True,True,106.3
1513-XNPPH,2,3,142,20,1,12,89.4,1095.65,1,79,5047,True,True,89.4
6015-VVHHE,2,2,260,21,1,5,83.15,446.05,1,96,2516,True,True,83.15
6347-DCUIK,2,4,258,11,1,10,74.15,811.8,1,90,4231,True,True,74.15
0897-FEGMU,2,3,269,15,1,11,99.5,1056.95,1,84,5286,True,True,99.5
7663-RGWBC,2,4,65,8,1,1,44.15,44.15,1,97,4773,True,True,44.15
1120-BMWUB,2,4,85,8,1,16,53.9,834.15,1,65,5091,True,True,53.9
9124-LHCJQ,2,4,259,19,1,1,85.45,85.45,1,100,2318,True,True,85.45
2235-ZGKPT,1,4,194,20,1,4,50.85,239.55,1,90,5386,True,True,50.85
3891-PUQOD,1,3,74,21,1,1,59.2,59.2,1,65,5020,True,True,59.2
0689-NKYLF,2,3,139,11,1,13,83.2,1060.6,1,86,4028,True,True,83.2
3658-KIBGF,2,3,113,15,1,1,54.9,54.9,1,89,2833,True,True,54.9
5519-YLDGW,2,3,301,12,1,21,103.9,2254.2,1,91,3769,True,True,103.9
4946-EDSEW,2,4,193,10,1,11,19.25,180.3,1,69,5638,True,True,19.25
2516-VQRRV,2,4,258,13,1,2,75.45,158.4,1,65,3350,True,True,75.45
7580-UGXNC,1,4,113,9,1,2,54.85,104.2,1,96,3016,True,True,54.85
5178-LMXOP,2,3,261,19,1,1,95.1,95.1,1,70,5795,True,True,95.1
8185-UPYBR,2,3,258,20,1,6,75.5,438.0,1,88,5838,True,True,75.5
4585-HETAI,2,3,137,21,1,4,73.75,325.45,1,83,5026,True,True,73.75
7526-BEZQB,2,3,261,11,1,12,96.05,1148.1,1,89,2577,True,True,96.05
4951-UKAAQ,2,3,275,15,1,4,88.95,355.2,1,72,5948,True,True,88.95
2108-YKQTY,1,2,81,8,1,4,50.7,151.3,1,90,4930,True,True,50.7
4918-QLLIW,1,2,67,8,1,3,53.4,188.7,1,65,2755,True,True,53.4
7056-IMHCC,2,3,277,19,1,53,101.9,5549.4,1,94,5884,True,True,101.9
1625-JAIIY,4,3,260,20,1,68,83.0,5685.8,1,86,4714,True,False,83.0
2947-DOMLJ,1,4,97,21,1,1,50.6,50.6,1,82,3677,True,True,50.6
4112-LUEIZ,2,3,132,11,1,10,89.5,863.1,1,84,4206,True,True,89.5
4510-HIMLV,2,3,129,15,1,1,69.8,69.8,1,90,4154,True,True,69.8
8749-JMNKX,2,1,300,12,1,51,93.8,4750.95,1,83,4788,True,True,93.8
2430-USGXP,2,3,269,10,1,24,101.05,2391.8,1,66,4766,True,True,101.05
5955-ERIHD,2,3,261,13,1,18,94.7,1687.95,1,72,2206,True,True,94.7
0917-EZOLA,6,1,285,9,1,72,104.15,7689.95,1,74,5925,True,False,104.15
5949-EBSQK,1,2,70,19,1,4,61.45,229.55,1,83,2131,True,True,61.45
7274-RTAPZ,2,3,132,20,1,1,90.55,90.55,1,89,3898,True,True,90.55
0311-UNPFF,2,1,132,21,1,26,88.8,2274.35,1,82,4910,True,True,88.8
3834-XUIFC,2,4,259,11,1,7,85.2,602.55,1,86,3905,True,True,85.2
8414-MYSHR,2,3,132,15,1,5,91.4,449.75,1,78,2834,True,True,91.4
7599-FKVXZ,2,1,273,8,1,42,106.15,4512.7,1,93,2265,True,True,106.15
8229-TNIQA,2,4,65,8,1,4,45.3,196.95,1,99,3443,True,True,45.3
6221-AVQYL,2,2,258,19,1,2,73.25,131.05,1,78,2919,True,True,73.25
7743-EXURX,2,3,73,20,1,8,51.05,415.05,1,77,3758,True,True,51.05
5569-KGJHX,2,1,260,21,1,9,85.35,754.65,1,95,2445,True,True,85.35
4988-IQIGL,2,3,258,11,1,1,75.35,75.35,1,92,4403,True,True,75.35
7730-IUTDZ,2,3,161,15,1,43,75.2,3198.6,1,68,4673,True,True,75.2
0426-TIRNE,1,4,193,12,1,1,20.9,20.9,1,97,5527,True,True,20.9
7587-RZNME,2,3,65,10,1,3,43.3,123.65,1,91,4849,True,True,43.3
0748-RDGGM,4,1,192,13,1,70,109.5,7534.65,1,82,6136,True,False,109.5
4706-AXVKM,2,2,259,9,1,11,84.8,906.85,1,67,5118,True,True,84.8
5889-JTMUL,2,3,284,19,1,50,95.05,4888.7,1,92,5863,True,True,95.05
9026-RNUJS,1,3,73,20,1,5,50.35,237.25,1,81,4618,True,True,50.35
3746-EUBYR,2,1,258,21,1,1,74.6,74.6,1,75,5861,True,True,74.6
2332-EFBJY,2,4,193,11,1,16,19.7,342.4,1,82,3438,True,True,19.7
9474-PHLYD,2,3,74,15,1,15,59.45,892.65,1,68,5129,True,True,59.45
2165-VOEGB,4,1,184,8,1,46,105.2,4822.85,1,99,3322,True,False,105.2
2219-MVUSO,2,4,65,8,1,8,45.15,438.4,1,100,3721,True,True,45.15
8914-RBTSB,1,3,284,8,1,31,93.8,3019.5,1,79,4115,True,True,93.8
0963-ZBDRN,2,3,136,2,1,32,96.2,3183.4,1,93,3606,True,True,96.2
7594-RQHXR,2,3,130,7,1,1,79.6,79.6,1,94,3108,True,True,79.6
6331-EWIEB,2,3,260,14,1,20,85.25,1734.5,1,92,2414,True,True,85.25
5998-VVEJY,2,3,262,14,1,26,80.5,2088.8,1,72,2729,True,True,80.5
1624-NALOJ,2,3,275,14,1,5,89.8,502.6,1,88,2960,True,True,89.8
4317-VTEOA,2,3,81,3,1,1,50.75,50.75,1,93,5355,True,True,50.75
1670-SVOWZ,2,2,150,5,1,14,89.65,1208.35,1,98,2504,True,True,89.65
7541-YLXCL,4,4,86,8,1,36,65.4,2498.4,1,71,5220,True,False,65.4
0260-ZDLGK,2,4,80,4,1,9,72.9,651.4,1,65,3585,True,True,72.9
8722-NGNBH,1,4,45,3,1,5,40.0,223.45,1,80,3125,True,True,40.0
6210-KBBPI,2,2,277,3,1,9,99.45,919.4,1,93,2313,True,True,99.45
0133-BMFZO,2,3,181,5,1,2,86.25,181.65,1,94,3529,True,True,86.25
6128-CZOMY,2,3,65,5,1,1,45.65,45.65,1,78,4689,True,True,45.65
9540-JYROE,2,4,129,5,1,8,70.1,551.35,1,75,2899,True,True,70.1
2260-USTRB,2,1,129,6,1,2,70.2,115.95,1,67,2767,True,True,70.2
3656-TKRVZ,1,3,113,6,1,3,55.35,165.2,1,65,5787,True,True,55.35
8623-TMRBY,2,3,282,6,1,51,84.2,4146.05,1,74,6245,True,True,84.2
1501-SGHBW,1,4,65,4,1,2,45.85,81.0,1,81,3843,True,True,45.85
3208-YPIOE,1,3,258,4,1,39,75.25,3017.65,1,96,4696,True,True,75.25
2612-RANWT,2,1,269,19,1,12,100.15,1164.3,1,96,3682,True,True,100.15
6900-PXRMS,1,3,285,20,1,26,105.75,2710.25,1,100,3157,True,True,105.75
3346-BRMIS,2,3,12,21,1,18,48.35,810.7,1,92,2167,True,True,48.35
2933-FILNV,2,4,1,11,1,2,24.4,36.55,1,91,2635,True,True,24.4
9986-BONCE,1,1,193,15,1,4,20.95,85.5,1,85,5822,True,True,20.95
2722-JMONI,2,3,97,12,1,1,49.55,49.55,1,76,4989,True,True,49.55
4083-EUGRJ,1,4,193,10,1,9,20.25,178.5,1,98,3361,True,True,20.25
7579-OOPEC,1,2,81,13,1,2,50.15,115.1,1,78,5461,True,True,50.15
1771-OADNZ,2,3,283,9,1,29,95.9,2745.2,1,95,2151,True,True,95.9
0612-RTZZA,1,3,1,19,1,1,25.25,25.25,1,87,4628,True,True,25.25
6410-LEFEN,1,3,65,20,1,9,45.15,416.45,1,73,3757,True,True,45.15
3194-ORPIK,2,1,260,21,1,50,84.4,4116.15,1,80,5135,True,True,84.4
8816-VXNZD,2,3,258,11,1,1,75.1,75.1,1,83,4335,True,True,75.1
9378-FXTIZ,4,2,197,15,1,54,70.15,3715.65,1,95,4596,True,False,70.15
1723-HKXJQ,2,3,277,8,1,42,101.75,4273.45,1,66,5545,True,True,101.75
7825-GKXMW,1,3,65,8,1,1,45.8,45.8,1,78,5973,True,True,45.8
1240-KNSEZ,2,4,193,8,1,1,20.1,20.1,1,95,4933,True,True,20.1
0836-SEYLU,1,4,7,17,1,9,40.65,328.95,1,98,4800,True,True,40.65
4433-JCGCG,2,3,269,18,1,46,101.0,4680.05,1,88,2436,True,True,101.0
3716-BDVDB,2,3,129,3,1,1,69.1,69.1,1,82,5795,True,True,69.1
5899-MQZZL,2,4,258,5,1,13,75.0,999.45,1,68,2189,True,True,75.0
6849-OYAMU,3,1,152,6,1,19,100.0,1888.65,1,71,2608,True,False,100.0
9488-HGMJH,2,3,129,4,1,1,71.15,71.15,1,85,5287,True,True,71.15
6038-GCYEC,2,2,28,3,1,24,54.15,1240.25,1,95,5153,True,True,54.15
1150-WFARN,6,2,305,3,1,67,108.75,7156.2,1,90,5516,True,False,108.75
3144-AUDBS,2,3,69,5,1,6,49.15,270.8,1,86,5271,True,True,49.15
5616-PRTNT,2,3,193,5,1,20,19.4,374.5,1,86,3785,True,True,19.4
4818-QIUFN,2,3,290,5,1,20,79.15,1520.9,1,95,4997,True,True,79.15
6961-VCPMC,2,3,130,6,1,46,80.4,3605.2,1,75,4876,True,True,80.4
6688-UZPWD,2,3,277,6,1,11,102.0,1145.35,1,88,5750,True,True,102.0
2839-RFSQE,1,4,193,6,1,2,20.65,38.7,1,83,3845,True,True,20.65
0968-GSIKN,2,4,129,4,1,1,70.8,70.8,1,73,3901,True,True,70.8
1965-DDBWU,2,2,263,4,1,16,89.05,1448.6,1,87,5953,True,True,89.05
9057-SIHCH,2,3,261,19,1,3,96.6,291.9,1,72,3260,True,True,96.6
6771-XWBDM,2,2,285,20,1,57,104.5,5921.35,1,80,4471,True,True,104.5
8601-QACRS,2,4,194,21,1,5,50.6,249.95,1,94,2353,True,True,50.6
2391-SOORI,1,3,97,11,1,4,49.35,219.65,1,83,5858,True,True,49.35
2645-QTLMB,2,3,148,15,1,7,94.25,669.0,1,99,5267,True,True,94.25
4806-HIPDW,2,3,129,12,1,1,68.95,68.95,1,75,5644,True,True,68.95
4424-TKOPW,2,3,261,10,1,2,93.85,196.75,1,70,4998,True,True,93.85
8443-ZRDBZ,2,3,258,13,1,4,76.05,318.9,1,75,3685,True,True,76.05
9136-ALYBR,2,4,1,9,1,1,24.45,24.45,1,65,2121,True,True,24.45
7479-NITWS,2,2,268,19,1,7,89.35,631.85,1,91,4154,True,True,89.35
2959-MJHIC,2,3,131,20,1,4,80.35,307.4,1,65,4167,True,True,80.35
4201-JMNGR,2,3,105,21,1,1,55.8,55.8,1,87,5527,True,True,55.8
5960-WPXQM,2,3,131,11,1,1,79.05,79.05,1,80,3555,True,True,79.05
0684-AOSIH,2,3,164,15,1,1,95.0,95.0,1,82,4489,True,True,95.0
8260-NGFNY,1,4,1,8,1,1,25.2,25.2,1,82,3196,True,True,25.2
1866-RZZQS,2,3,269,3,1,41,98.4,4187.75,1,100,2169,True,True,98.4
8631-NBHFZ,5,2,256,5,1,66,79.4,5154.6,1,73,5910,True,False,79.4
4958-XCBDQ,2,3,269,6,1,35,101.4,3496.3,1,92,3689,True,True,101.4
8337-UPOAQ,2,3,267,4,1,10,89.8,914.3,1,76,5124,True,True,89.8
1725-IQNIY,5,1,192,3,1,54,109.75,6110.2,1,90,6274,True,False,109.75
6598-RFFVI,3,2,193,3,1,2,19.3,28.3,1,94,2279,True,False,19.3
6712-OAWRH,2,3,132,5,1,26,91.25,2351.8,1,76,5154,True,True,91.25
8614-VGMMV,2,3,194,5,1,15,49.1,679.55,1,86,5209,True,True,49.1
2930-UOTMB,1,2,238,5,1,31,65.25,1994.3,1,68,4403,True,True,65.25
5914-DVBWJ,2,3,278,6,1,18,85.45,1505.85,1,99,5145,True,True,85.45
2533-QVMSK,6,3,280,6,1,61,94.1,5638.3,1,71,6295,True,False,94.1
8644-XLFBW,2,3,129,6,1,1,71.65,71.65,1,84,5674,True,True,71.65
8625-AZYZY,2,3,285,4,1,24,104.65,2542.45,1,72,4734,True,True,104.65
9306-CPCBC,2,3,258,4,1,3,74.25,210.3,1,94,3207,True,True,74.25
1833-VGRUM,2,3,258,19,1,1,74.2,74.2,1,71,4684,True,True,74.2
8374-XGEJJ,2,3,277,20,1,43,101.0,4388.4,1,87,3123,True,True,101.0
2656-TABEH,2,3,277,21,1,4,100.2,420.2,1,82,2650,True,True,100.2
6946-LMSQS,4,3,291,11,1,25,89.05,2177.45,1,97,2673,True,False,89.05
2325-ZUSFD,4,1,100,15,1,57,70.1,3913.3,1,81,4669,True,False,70.1
3932-CMDTD,4,3,160,12,1,4,105.65,443.9,1,66,4663,True,False,105.65
4039-HEUNW,2,3,277,10,1,36,96.5,3436.1,1,82,4652,True,True,96.5
0812-WUPTB,1,4,129,13,1,1,70.85,70.85,1,69,3022,True,True,70.85
3594-UVONA,4,2,241,9,1,35,85.95,3110.1,1,99,3833,True,False,85.95
0004-TLHLJ,2,3,137,19,1,4,73.9,280.85,1,71,4479,True,True,73.9
5089-IFSDP,6,1,317,20,1,58,109.45,6144.55,1,89,6424,True,False,109.45
4817-VYYWS,2,3,277,21,1,30,100.2,2983.8,1,90,3598,True,True,100.2
1396-QWFBJ,2,1,145,11,1,21,74.05,1565.7,1,91,5630,True,True,74.05
5299-SJCZT,2,1,269,15,1,3,101.55,298.35,1,73,4480,True,True,101.55
2403-BCASL,4,3,289,8,1,41,111.95,4534.9,1,93,3711,True,False,111.95
2898-LSJGD,4,3,44,1,1,21,55.95,1157.05,1,74,5531,True,False,55.95
7359-PTSXY,1,3,65,2,1,1,45.75,45.75,1,97,3531,True,True,45.75
4503-BDXBD,1,3,145,2,1,11,74.95,815.5,1,76,4251,True,True,74.95
6086-ESGRL,1,2,130,2,1,1,80.15,80.15,1,72,3947,True,True,80.15
3886-CERTZ,4,3,289,1,1,72,109.25,8109.8,1,97,4261,True,False,109.25
5759-RCVCB,1,2,3,1,1,3,35.2,108.95,1,100,5450,True,True,35.2
6372-RFVNS,1,3,131,1,1,1,78.8,78.8,1,87,5075,True,True,78.8
8938-UMKPI,2,3,285,2,1,47,106.4,5127.95,1,99,4804,True,True,106.4
0991-BRRFB,1,3,97,7,1,18,49.4,874.8,1,75,4028,True,True,49.4
3871-IKPYH,1,3,129,14,1,1,69.1,69.1,1,83,2767,True,True,69.1
6319-IEJWJ,2,3,132,14,1,20,90.2,1776.55,1,85,2058,True,True,90.2
9025-AOMKI,2,1,261,14,1,6,93.55,536.4,1,71,5617,True,True,93.55
5275-SQEIZ,2,4,130,3,1,1,80.85,80.85,1,77,3096,True,True,80.85
7716-YTYHG,4,4,259,5,1,48,82.05,4029.95,1,93,3365,True,False,82.05
4390-KYULV,2,2,193,6,1,3,20.55,51.15,1,90,4115,True,True,20.55
1304-NECVQ,2,3,266,4,1,2,78.55,149.55,1,92,5203,True,True,78.55
8945-GRKHX,1,3,130,3,1,1,78.65,78.65,1,81,2728,True,True,78.65
6959-UWKHF,2,3,65,3,1,1,42.9,42.9,1,87,4895,True,True,42.9
3815-SLMEF,1,4,37,5,1,3,34.25,139.35,1,88,2802,True,True,34.25
5154-VEKBL,1,4,48,5,1,9,58.5,539.85,1,95,3032,True,True,58.5
5655-JSMZM,2,3,261,5,1,49,96.2,4718.25,1,74,5904,True,True,96.2
4505-EXZHB,1,3,137,6,1,6,74.4,434.1,1,100,3964,True,True,74.4
4587-VVTOX,2,3,285,6,1,6,105.3,545.2,1,90,4163,True,True,105.3
4652-NNHNY,2,1,258,8,1,16,73.85,1284.2,1,77,3226,True,True,73.85
8972-HJWNV,2,3,259,4,1,7,84.55,646.85,1,80,5245,True,True,84.55
8515-OCTJS,5,2,322,4,1,25,24.75,692.1,1,94,4931,True,False,24.75
2860-RANUS,2,2,259,19,1,20,85.8,1727.5,1,75,3336,True,True,85.8
5261-QSHQM,2,3,1,20,1,4,24.45,86.6,1,70,4909,True,True,24.45
8868-WOZGU,2,3,285,21,1,28,105.7,2979.5,1,72,2464,True,True,105.7
1334-FJSVR,2,3,1,11,1,1,24.25,24.25,1,85,2846,True,True,24.25
7625-XCQRH,2,3,258,15,1,11,76.5,837.95,1,76,2291,True,True,76.5
1731-TVIUK,2,3,279,12,1,4,93.5,362.2,1,73,4554,True,True,93.5
0406-BPDVR,4,2,277,10,1,54,101.5,5373.1,1,68,6405,True,False,101.5
0618-XWMSS,2,1,161,13,1,28,74.9,2068.55,1,98,5392,True,True,74.9
5276-KQWHG,2,3,129,9,1,2,69.6,131.65,1,74,4596,True,True,69.6
2565-JSLRY,2,4,322,19,1,1,24.05,24.05,1,67,3162,True,True,24.05
6689-KXGBO,1,3,81,20,1,1,50.55,50.55,1,87,3420,True,True,50.55
6615-NGGZJ,2,3,277,21,1,14,100.55,1415.55,1,72,5224,True,True,100.55
4255-DDUOU,2,4,193,11,1,1,20.5,20.5,1,76,2398,True,True,20.5
2984-MIIZL,2,1,137,15,1,4,74.8,321.9,1,71,5882,True,True,74.8
5590-YRFJT,2,3,1,8,1,20,24.45,482.8,1,94,3298,True,True,24.45
3677-TNKIO,2,2,129,8,1,14,71.0,914.0,1,95,3228,True,True,71.0
9667-EQRXU,2,3,11,8,1,30,40.3,1172.95,1,94,3016,True,True,40.3
3329-WDIOK,2,3,20,17,1,3,50.6,155.35,1,83,4800,True,True,50.6
2873-ZLIWT,2,3,270,18,1,40,84.85,3303.05,1,99,5764,True,True,84.85
3415-TAILE,1,4,68,3,1,2,65.7,134.35,1,96,4265,True,True,65.7
1915-IOFGU,1,3,129,5,1,1,70.5,70.5,1,90,4123,True,True,70.5
3045-XETSH,2,3,283,6,1,10,94.85,953.45,1,97,3074,True,True,94.85
7239-HZZCX,1,4,193,4,1,1,19.75,19.75,1,100,4851,True,True,19.75
7683-CBDKJ,2,3,115,3,1,14,65.45,937.6,1,90,2881,True,True,65.45
0946-CLJTI,2,3,269,3,1,58,98.7,5812.6,1,91,4662,True,True,98.7
0628-CNQRM,4,1,111,8,1,22,67.5,1544.05,1,76,3378,True,False,67.5
7665-TOALD,2,3,129,5,1,1,69.6,69.6,1,79,2412,True,True,69.6
0112-QWPNC,3,3,241,5,1,49,84.35,4059.35,1,73,6452,True,False,84.35
0324-BRPCJ,2,3,277,6,1,68,100.2,6851.65,1,70,4481,True,True,100.2
2777-PHDEI,1,3,131,6,1,1,78.05,78.05,1,98,3458,True,True,78.05
1196-AMORA,1,3,258,6,1,7,73.6,520.0,1,87,2679,True,True,73.6
4282-YMKNA,2,3,258,4,1,9,74.75,706.6,1,82,5003,True,True,74.75
5356-RHIPP,2,4,193,4,1,1,20.2,20.2,1,81,5355,True,True,20.2
9189-JWSHV,2,3,261,19,1,24,93.55,2264.05,1,100,4937,True,True,93.55
0746-JTRFU,2,3,1,20,1,2,25.05,56.35,1,77,4810,True,True,25.05
0576-WNXXC,2,3,283,21,1,27,95.55,2510.2,1,75,2999,True,True,95.55
4628-CTTLA,2,3,19,11,1,57,39.3,2111.45,1,66,4917,True,True,39.3
2876-VBBBL,2,4,193,15,1,1,20.25,20.25,1,85,2783,True,True,20.25
6834-NXDCA,2,3,1,12,1,13,23.9,300.8,1,82,2967,True,True,23.9
5597-GLBUC,2,3,139,10,1,1,85.45,85.45,1,95,4931,True,True,85.45
2748-MYRVK,3,1,277,13,1,63,99.9,6137.0,1,71,4776,True,False,99.9
4822-YCXMX,2,3,259,9,1,25,84.8,2043.45,1,70,4203,True,True,84.8
9821-POOTN,2,3,258,19,1,35,75.2,2576.2,1,94,4639,True,True,75.2
6559-ILWKJ,5,3,20,20,1,71,49.35,3515.25,1,95,4879,True,False,49.35
4229-CZMLL,2,3,258,21,1,6,74.9,469.8,1,87,4160,True,True,74.9
3663-MITLP,2,3,156,11,1,15,101.25,1457.25,1,85,3968,True,True,101.25
9025-ZRPVR,2,4,193,15,1,9,18.95,185.6,1,78,5403,True,True,18.95
3285-UCQVC,1,2,5,8,1,37,28.6,973.55,1,82,4429,True,True,28.6
5482-PLVPE,1,3,1,3,1,2,24.35,41.85,1,72,3278,True,True,24.35
4902-OHLSK,1,3,265,5,1,29,98.65,2862.75,1,93,4235,True,True,98.65
0495-ZBNGW,2,1,266,6,1,5,79.9,343.95,1,90,4324,True,True,79.9
2357-COQEK,2,3,273,4,1,28,103.3,2890.65,1,78,4136,True,True,103.3
3737-GCSPV,2,2,296,3,1,11,96.2,1222.05,1,92,3101,True,True,96.2
4088-YLDSU,4,3,273,3,1,55,104.15,5743.05,1,86,4369,True,False,104.15
2034-CGRHZ,2,2,285,5,1,24,102.95,2496.7,1,66,5245,True,True,102.95
5797-APWZC,1,3,132,5,1,1,90.6,90.6,1,92,2540,True,True,90.6
3683-QKIUE,2,1,69,5,1,6,50.8,288.05,1,88,4713,True,True,50.8
4228-ZGYUW,2,3,275,6,1,4,90.05,368.1,1,98,3212,True,True,90.05
3519-ZKXGG,2,3,258,6,1,3,75.85,256.6,1,79,4062,True,True,75.85
6416-TVAIH,2,3,129,6,1,1,68.5,68.5,1,89,5753,True,True,68.5
5108-ADXWO,2,3,161,4,1,11,73.5,791.75,1,75,4509,True,True,73.5
3066-RRJIO,2,4,129,4,1,1,69.95,69.95,1,65,5341,True,True,69.95
6715-OFDBP,2,3,76,19,1,5,70.05,346.4,1,84,4944,True,True,70.05
1567-DSCIC,2,3,284,20,1,8,94.0,773.65,1,71,2632,True,True,94.0
2150-UWTFY,1,4,121,21,1,22,61.15,1422.05,1,87,4626,True,True,61.15
2683-BPJSO,2,3,306,11,1,29,84.45,2467.1,1,99,2651,True,True,84.45
2157-MXBJS,4,4,205,15,1,13,75.3,989.45,1,89,4800,True,False,75.3
9360-AHGNL,4,4,305,12,1,43,109.55,4830.25,1,69,5863,True,False,109.55
1087-UDSIH,2,4,193,10,1,3,19.6,59.75,1,81,5000,True,True,19.6
5485-WUYWF,1,1,107,13,1,2,66.4,94.55,1,87,4522,True,True,66.4
2632-UCGVD,2,2,265,9,1,66,100.05,6871.9,1,72,4512,True,True,100.05
5445-PZWGX,3,3,311,19,1,62,102.0,6529.25,1,87,5090,True,False,102.0
9170-CCKOU,1,2,314,20,1,17,90.2,1454.15,1,91,2026,True,True,90.2
1043-YCUTE,6,2,322,21,1,56,25.15,1327.15,1,79,6484,True,False,25.15
3814-MLAXC,2,2,262,11,1,31,79.85,2404.15,1,67,2554,True,True,79.85
1226-UDFZR,2,4,81,15,1,2,49.6,114.7,1,78,3599,True,True,49.6
6425-YQLLO,4,2,273,8,1,66,105.95,6975.25,1,86,6117,True,False,105.95
5442-UTCVD,1,3,267,1,1,3,91.85,257.05,1,91,2704,True,True,91.85
7734-DBOAI,1,3,7,2,1,1,40.1,40.1,1,93,5434,True,True,40.1
2091-RFFBA,2,3,258,2,1,31,73.9,2217.15,1,75,2560,True,True,73.9
2114-MGINA,2,4,132,2,1,14,89.8,1129.1,1,81,4107,True,True,89.8
4489-SNOJF,1,3,240,8,1,35,72.25,2568.55,1,83,5898,True,True,72.25
6899-PPEEA,2,3,261,1,1,37,96.55,3580.3,1,81,4448,True,True,96.55
2187-LZGPL,2,2,18,1,1,7,40.1,293.3,1,68,4414,True,True,40.1
4597-NUCQV,2,3,277,2,1,24,101.25,2440.15,1,87,4287,True,True,101.25
9019-QVLZD,1,3,131,4,1,1,79.55,79.55,1,81,5082,True,True,79.55
3707-LRWZD,3,3,260,14,1,32,84.05,2781.85,1,68,3553,True,False,84.05
1455-ESIQH,2,3,132,14,1,1,89.1,89.1,1,79,2905,True,True,89.1
2979-SXESE,1,3,300,14,1,17,94.4,1607.2,1,66,4103,True,True,94.4
4013-TLDHQ,2,3,153,3,1,19,78.25,1490.95,1,72,3666,True,True,78.25
3754-DXMRT,2,3,65,5,1,2,44.15,92.65,1,86,5655,True,True,44.15
7130-VTEWQ,2,3,258,6,1,8,75.75,606.25,1,92,4174,True,True,75.75
6121-VZNQB,2,4,193,4,1,1,19.1,19.1,1,84,5890,True,True,19.1
7903-CMPEY,2,3,290,3,1,1,80.3,80.3,1,87,4138,True,True,80.3
6996-KNSML,2,3,137,3,1,1,74.9,74.9,1,73,5919,True,True,74.9
1704-NRWYE,2,3,131,5,1,9,80.85,751.65,1,71,5242,True,True,80.85
2592-SEIFQ,1,3,1,5,1,3,24.75,66.95,1,69,3503,True,True,24.75
7481-ATQQS,2,2,267,5,1,49,90.85,4515.85,1,70,5651,True,True,90.85
8642-GVWRF,1,1,153,6,1,2,79.7,165.0,1,65,3039,True,True,79.7
3400-ESFUW,5,1,117,6,1,55,57.55,3046.4,1,69,5463,True,False,57.55
2057-ZBLPD,2,3,259,6,1,21,86.5,1808.7,1,72,2036,True,True,86.5
5502-RLUYV,2,3,285,4,1,69,103.95,7446.9,1,86,4283,True,True,103.95
0023-HGHWL,2,3,1,4,1,1,25.1,25.1,1,85,5437,True,True,25.1
9039-RBEEE,2,2,55,19,1,39,48.95,1880.85,1,80,3080,True,True,48.95
8417-FMLZI,2,2,146,20,1,6,83.55,477.55,1,91,4242,True,True,83.55
1792-UXAFY,2,3,155,21,1,17,89.15,1496.9,1,89,5082,True,True,89.15
0515-YPMCW,2,4,129,11,1,1,70.45,70.45,1,90,3525,True,True,70.45
0378-XSZPU,3,2,121,15,1,58,60.3,3563.8,1,88,4026,True,False,60.3
4729-XKASR,1,3,1,12,1,1,24.75,24.75,1,96,3001,True,True,24.75
5449-FIBXJ,1,3,273,10,1,19,103.3,2012.7,1,67,2349,True,True,103.3
9837-BMCLM,2,3,131,13,1,3,78.5,242.05,1,71,3567,True,True,78.5
0137-UDEUO,1,4,193,9,1,3,19.85,63.75,1,95,3398,True,True,19.85
6161-UUUTA,2,3,131,19,1,3,79.9,260.9,1,97,4367,True,True,79.9
6543-XRMYR,2,3,277,20,1,30,99.7,2967.35,1,69,3548,True,True,99.7
4925-LMHOK,2,2,214,21,1,15,58.6,939.7,1,97,2003,True,True,58.6
1455-UGQVH,2,3,269,11,1,10,98.5,1037.75,1,91,4501,True,True,98.5
8280-MQRQN,2,4,73,15,1,1,50.45,50.45,1,69,2806,True,True,50.45
2037-SGXHH,2,3,284,8,1,38,94.65,3624.3,1,71,3498,True,True,94.65
3178-FESZO,2,2,277,8,1,1,100.25,100.25,1,100,5797,True,True,100.25
6087-MVHJH,2,3,267,8,1,16,88.45,1422.1,1,88,5186,True,True,88.45
4603-JANFB,2,3,129,17,1,1,69.85,69.85,1,97,4548,True,True,69.85
3018-TFTSU,1,1,169,18,1,12,81.7,858.6,1,76,2850,True,True,81.7
4806-KEXQR,2,3,130,3,1,4,79.9,324.3,1,77,4669,True,True,79.9
7083-YNSKY,2,2,322,5,1,15,25.4,399.6,1,86,2853,True,True,25.4
2479-BRAMR,2,1,298,6,1,41,83.75,3273.55,1,71,4995,True,True,83.75
7434-SHXLS,1,4,193,4,1,1,20.9,20.9,1,82,5421,True,True,20.9
7908-QCBCA,2,4,129,3,1,1,69.4,69.4,1,65,2404,True,True,69.4
6711-FLDFB,2,3,258,3,1,7,74.9,541.15,1,68,5159,True,True,74.9
3714-JTVOV,2,2,161,5,1,42,74.15,3229.4,1,94,2322,True,True,74.15
4702-IOQDC,2,3,129,5,1,1,70.1,70.1,1,100,2007,True,True,70.1
6178-KFNHS,2,3,290,5,1,12,78.3,909.25,1,98,3545,True,True,78.3
1264-BYWMS,2,3,261,6,1,55,96.8,5283.95,1,82,4089,True,True,96.8
9658-WYUFB,2,3,308,6,1,17,94.4,1617.5,1,66,2825,True,True,94.4
2013-SGDXK,1,3,147,6,1,1,84.3,84.3,1,78,2172,True,True,84.3
8580-QVLOC,5,2,257,4,1,72,92.45,6440.25,1,78,5697,True,False,92.45
2012-NWRPA,2,3,269,4,1,11,99.55,1131.2,1,71,3172,True,True,99.55
8808-ELEHO,2,3,266,19,1,8,81.25,585.95,1,72,3812,True,True,81.25
3506-LCJDC,1,1,193,20,1,1,19.95,19.95,1,76,4860,True,True,19.95
3934-HXCFZ,2,3,316,21,1,23,99.25,2186.4,1,76,5338,True,True,99.25
7666-WKRON,6,3,141,11,1,39,80.45,3201.55,1,85,2224,True,False,80.45
4910-AQFFX,2,1,266,15,1,9,79.35,661.25,1,93,4533,True,True,79.35
2154-KVJFF,2,3,274,12,1,15,79.75,1111.85,1,65,2813,True,True,79.75
9647-ERGBE,2,3,269,10,1,30,100.05,3046.15,1,100,4664,True,True,100.05
3428-XZMAZ,2,3,129,13,1,1,69.35,69.35,1,91,5796,True,True,69.35
0378-TOVMS,1,3,134,9,1,3,85.8,272.2,1,89,5641,True,True,85.8
4355-HBJHH,6,3,237,19,1,67,79.7,5293.4,1,77,6289,True,False,79.7
9058-CBREO,1,4,194,20,1,1,50.55,50.55,1,95,3357,True,True,50.55
0318-QUUOB,2,3,131,21,1,1,80.55,80.55,1,91,4273,True,True,80.55
5520-FVEWJ,2,3,282,11,1,12,84.5,916.9,1,84,4154,True,True,84.5
5572-ZDXHY,2,4,146,15,1,22,84.3,1855.65,1,85,5313,True,True,84.3
3750-CKVKH,2,3,129,8,1,2,67.75,116.65,1,71,2299,True,True,67.75
8063-GBATB,2,3,259,3,1,27,85.25,2287.25,1,80,5172,True,True,85.25
4547-KQRTM,2,1,274,5,1,10,80.05,830.7,1,76,3740,True,True,80.05
4877-EVATK,1,4,193,6,1,1,20.0,20.0,1,83,3657,True,True,20.0
7639-SUPCW,2,2,97,4,1,22,48.8,1054.6,1,100,2270,True,True,48.8
1069-XAIEM,2,3,259,3,1,1,85.05,85.05,1,96,2975,True,True,85.05
4658-HCOHW,2,3,160,3,1,21,102.8,2110.15,1,100,3123,True,True,102.8
3440-JPSCL,2,4,144,5,1,6,99.95,547.65,1,87,3722,True,True,99.95
2889-FPWRM,4,1,321,5,1,72,117.8,8684.8,1,100,4432,True,False,117.8
6987-XQSJT,2,3,274,5,1,54,79.5,4370.25,1,78,5684,True,True,79.5
4290-BSXUX,2,1,262,6,1,3,79.65,251.75,1,87,5036,True,True,79.65
0325-XBFAC,2,3,140,6,1,8,94.7,740.3,1,94,5811,True,True,94.7
2462-XIIJB,2,3,268,6,1,5,92.5,452.7,1,73,2810,True,True,92.5
4760-XOHVN,1,4,193,4,1,1,19.45,19.45,1,84,2865,True,True,19.45
7817-BOQPW,2,3,258,4,1,2,75.55,166.3,1,77,4320,True,True,75.55
1853-UDXBW,2,3,129,19,1,1,70.0,70.0,1,85,2485,True,True,70.0
5458-CQJTA,6,1,104,20,1,65,74.8,4820.15,1,89,5207,True,False,74.8
5219-YIPTK,2,3,285,21,1,33,104.4,3409.6,1,71,3185,True,True,104.4
3540-RZJYU,1,3,163,11,1,15,86.2,1270.2,1,90,5829,True,True,86.2
2091-MJTFX,1,2,8,15,1,30,51.2,1561.5,1,79,4568,True,True,51.2
0883-EIBTI,1,4,193,12,1,2,19.5,31.55,1,82,2484,True,True,19.5
0722-TROQR,2,3,258,10,1,4,74.9,321.75,1,78,2122,True,True,74.9
7571-YXDAD,1,2,258,13,1,2,74.9,147.15,1,93,2078,True,True,74.9
3393-FMZPV,2,3,277,9,1,25,100.25,2387.75,1,74,2195,True,True,100.25
6402-ZFPPI,2,4,309,19,1,25,102.8,2660.2,1,94,4969,True,True,102.8
7486-KSRVI,4,3,265,20,1,43,100.0,4211.55,1,93,4760,True,False,100.0
8443-WVPSS,2,3,152,21,1,10,99.85,990.9,1,69,4243,True,True,99.85
3006-XIMLN,2,1,261,11,1,2,94.2,193.8,1,79,5299,True,True,94.2
9965-YOKZB,2,3,259,15,1,9,83.85,790.15,1,71,3723,True,True,83.85
0504-HHAPI,1,2,267,8,1,27,88.3,2467.75,1,96,2420,True,True,88.3
6305-YLBMM,4,1,160,1,1,69,104.05,7262.0,1,100,4254,True,False,104.05
3647-GMGDH,2,2,140,2,1,22,94.7,1914.9,1,72,5615,True,True,94.7
3791-LGQCY,2,1,269,2,1,56,100.65,5688.05,1,85,4803,True,True,100.65
8166-ZZTFS,6,1,221,2,1,66,80.55,5265.1,1,94,4400,True,False,80.55
2956-GGUCQ,2,3,290,1,1,24,78.85,1772.25,1,65,3079,True,True,78.85
6595-COKXZ,2,4,65,1,1,1,44.45,44.45,1,65,4879,True,True,44.45
0362-ZBZWJ,2,3,259,1,1,36,84.9,3067.2,1,69,2455,True,True,84.9
4211-MMAZN,1,4,193,2,1,1,20.25,20.25,1,89,2959,True,True,20.25
4274-OWWYO,2,3,145,7,1,1,74.35,74.35,1,66,5633,True,True,74.35
1541-ETJZO,1,4,206,14,1,1,62.05,62.05,1,86,2937,True,True,62.05
4106-HADHQ,3,2,112,14,1,39,80.0,3182.95,1,76,2704,True,False,80.0
2369-UAPKZ,1,4,285,14,1,5,104.1,541.9,1,76,3131,True,True,104.1
2778-OCLGR,1,1,34,3,1,24,39.1,971.3,1,89,4591,True,True,39.1
0637-KVDLV,2,3,258,8,1,2,76.5,162.45,1,80,5944,True,True,76.5
6633-MPWBS,2,3,69,6,1,5,49.2,216.9,1,73,4336,True,True,49.2
8785-EPNCG,1,2,322,4,1,11,23.15,245.2,1,65,5671,True,True,23.15
5729-KLZAR,1,3,130,3,1,4,80.85,302.75,1,73,2961,True,True,80.85
1582-RAFML,1,4,214,3,1,1,60.1,60.1,1,88,5654,True,True,60.1
8740-CRYFY,2,3,131,5,1,1,78.95,78.95,1,75,2038,True,True,78.95
2962-XPMCQ,2,3,65,5,1,2,45.15,98.5,1,81,2699,True,True,45.15
1678-FYZOW,2,3,131,5,1,3,79.4,244.65,1,97,2448,True,True,79.4
8627-EHGIP,4,4,28,6,1,44,53.95,2375.4,1,100,3051,True,False,53.95
5480-TBGPH,2,2,156,6,1,24,99.3,2431.35,1,69,4811,True,True,99.3
8854-CCVSQ,2,3,274,6,1,18,80.65,1451.9,1,95,3788,True,True,80.65
0511-JTEOY,1,4,129,4,1,1,71.1,71.1,1,98,5824,True,True,71.1
7067-KSAZT,4,3,285,4,1,65,106.25,6979.8,1,69,5965,True,False,106.25
6532-YLWSI,3,1,193,19,1,53,20.8,1021.8,1,78,4166,True,False,20.8
9300-AGZNL,2,3,261,20,1,1,94.0,94.0,1,67,4176,True,True,94.0
1112-CUNAO,1,3,275,21,1,15,89.85,1424.95,1,99,2668,True,True,89.85
5175-AOBHI,2,4,65,11,1,4,46.0,193.6,1,97,5246,True,True,46.0
5174-RNGBH,1,4,87,15,1,9,66.25,620.55,1,67,5515,True,True,66.25
7270-BDIOA,2,3,264,12,1,22,90.0,1993.8,1,95,4739,True,True,90.0
9565-JSNFM,4,1,129,10,1,38,70.45,2597.6,1,82,5437,True,False,70.45
0607-DAAHE,5,1,193,13,1,53,19.75,1052.35,1,66,6265,True,False,19.75
9732-KPKBW,2,3,101,9,1,1,53.95,53.95,1,90,2771,True,True,53.95
3389-YGYAI,2,3,285,19,1,8,105.5,829.55,1,72,5546,True,True,105.5
9560-ARGQJ,2,3,131,20,1,16,81.0,1312.15,1,83,2335,True,True,81.0
5134-IKDAY,2,3,129,21,1,1,69.8,69.8,1,96,2123,True,True,69.8
3070-DVEYC,1,4,258,11,1,7,73.75,545.15,1,84,5638,True,True,73.75
5707-ORNDZ,1,3,226,15,1,9,54.55,494.05,1,79,4656,True,True,54.55
8696-JKZNU,2,3,258,8,1,37,76.25,2841.55,1,100,5859,True,True,76.25
5380-AFSSK,2,4,261,8,1,5,93.9,486.85,1,92,5435,True,True,93.9
2055-PDADH,2,3,129,8,1,3,70.4,204.7,1,67,2491,True,True,70.4
8714-EUHJO,2,3,275,17,1,31,91.15,2995.45,1,83,5219,True,True,91.15
3721-CNEYS,2,3,129,18,1,2,70.95,137.95,1,94,5390,True,True,70.95
2568-OIADY,2,3,269,3,1,37,99.5,3762.0,1,92,4233,True,True,99.5
1193-RTSLK,2,2,185,5,1,38,83.9,3233.6,1,82,2157,True,True,83.9
2302-ANTDP,1,3,321,6,1,48,117.45,5438.9,1,67,5915,True,True,117.45
5923-GXUOC,2,3,188,4,1,10,104.4,1081.45,1,84,5035,True,True,104.4
5233-GEEAX,2,3,9,3,1,8,29.4,221.9,1,85,5971,True,True,29.4
4432-ADRLB,1,4,65,3,1,2,44.65,74.9,1,99,4655,True,True,44.65
8993-PHFWD,1,3,1,5,1,3,25.25,58.9,1,76,2088,True,True,25.25
1565-RHDJD,1,1,282,5,1,4,84.05,333.55,1,95,5552,True,True,84.05
7137-RYLPP,2,3,260,5,1,37,85.7,3171.15,1,86,4712,True,True,85.7
3765-JXVKY,2,3,145,6,1,1,74.7,74.7,1,75,4692,True,True,74.7
7330-WZLNC,2,3,276,6,1,5,90.8,455.5,1,73,5090,True,True,90.8
3957-LXOLK,2,3,285,6,1,28,106.15,3152.5,1,83,5030,True,True,106.15
6635-MYYYZ,3,1,128,4,1,30,85.35,2530.4,1,73,2313,True,False,85.35
5281-BUZGT,2,3,292,4,1,36,90.85,3186.7,1,92,5692,True,True,90.85
5378-IKEEG,2,3,3,19,1,1,35.75,35.75,1,70,3351,True,True,35.75
2718-GAXQD,1,3,65,20,1,4,46.0,181.6,1,92,4797,True,True,46.0
6413-XKKPU,2,3,171,21,1,17,89.4,1539.45,1,96,2544,True,True,89.4
1449-XQEMT,2,4,193,11,1,3,19.8,58.15,1,79,4323,True,True,19.8
2626-URJFX,2,3,194,15,1,4,50.9,225.6,1,69,5691,True,True,50.9
2612-RRIDN,2,3,131,12,1,4,81.0,340.85,1,88,3591,True,True,81.0
4735-ASGMA,2,3,269,10,1,26,98.35,2515.3,1,99,4997,True,True,98.35
3669-LVWZB,2,4,20,13,1,5,51.0,305.95,1,86,4630,True,True,51.0
6892-EZDTG,2,3,276,9,1,4,91.65,365.4,1,90,2140,True,True,91.65
9725-SCPZG,2,3,132,19,1,1,90.85,90.85,1,80,5086,True,True,90.85
5884-GCYMI,1,4,129,20,1,1,69.4,69.4,1,84,2847,True,True,69.4
3217-FZDMN,2,2,140,21,1,8,94.45,742.95,1,83,3676,True,True,94.45
7853-GVUDZ,2,2,193,11,1,1,20.15,20.15,1,70,4277,True,True,20.15
7480-QNVZJ,2,3,261,15,1,50,95.7,4816.7,1,73,4287,True,True,95.7
3943-KDREE,2,1,258,8,1,26,74.95,1834.95,1,76,2934,True,True,74.95
9239-ZBZZV,2,3,12,3,1,6,47.95,305.1,1,80,2240,True,True,47.95
4398-HSCJH,2,3,200,5,1,3,63.6,155.65,1,70,3155,True,True,63.6
4430-UZIPO,2,4,21,6,1,3,36.85,108.7,1,91,5825,True,True,36.85
4855-SNKMY,2,3,65,4,1,1,44.1,44.1,1,70,5955,True,True,44.1
8008-HAWED,2,3,12,3,1,14,50.75,712.75,1,82,4883,True,True,50.75
7124-UGSUR,4,2,285,3,1,61,104.4,6405.0,1,84,4412,True,False,104.4
1862-SKORY,2,3,19,5,1,40,39.3,1637.4,1,99,2296,True,True,39.3
1502-XFCVR,4,3,188,5,1,58,106.45,6145.85,1,82,5902,True,False,106.45
9692-TUSXH,2,3,164,5,1,18,96.05,1740.7,1,97,5581,True,True,96.05
7912-SYRQT,2,1,258,6,1,7,75.1,552.95,1,96,5514,True,True,75.1
4816-JBHOV,2,3,65,6,1,2,44.7,93.7,1,98,4618,True,True,44.7
8292-TYSPY,2,2,77,6,1,19,55.0,1046.5,1,73,4539,True,True,55.0
1867-BDVFH,2,3,258,4,1,11,74.35,834.2,1,80,5075,True,True,74.35
2359-QWQUL,4,2,176,4,1,39,104.7,4134.85,1,68,2371,True,False,104.7
9103-TCIHJ,2,4,226,19,1,15,55.7,899.8,1,73,4519,True,True,55.7
4140-WJAWW,1,2,193,20,1,5,19.85,108.05,1,99,3799,True,True,19.85
6653-CBBOM,2,3,129,21,1,1,70.3,70.3,1,88,5963,True,True,70.3
3247-ZVOUO,1,3,259,11,1,10,85.55,851.75,1,81,3336,True,True,85.55
6101-IMRMM,1,4,140,15,1,6,94.5,575.45,1,100,3469,True,True,94.5
1268-ASBGA,2,2,259,12,1,16,85.35,1375.15,1,66,5769,True,True,85.35
8943-URTMR,2,4,131,10,1,2,79.65,152.7,1,100,5082,True,True,79.65
4713-LZDRV,2,3,130,13,1,2,79.6,195.05,1,94,4322,True,True,79.6
4325-NFSKC,2,3,292,9,1,19,90.6,1660.0,1,87,2373,True,True,90.6
2955-PSXOE,2,1,193,19,1,1,20.2,20.2,1,98,3061,True,True,20.2
7762-URZQH,6,2,301,20,1,66,106.05,6981.35,1,83,5602,True,False,106.05
6907-NZZIJ,2,3,277,21,1,36,99.15,3615.6,1,75,4188,True,True,99.15
2911-UREFD,1,3,44,11,1,39,55.9,2184.35,1,67,5632,True,True,55.9
3744-ZRRDZ,2,3,274,15,1,21,82.35,1852.85,1,90,2902,True,True,82.35
5673-TIYIB,2,2,29,8,1,2,40.4,77.15,1,86,3620,True,True,40.4
1602-IJQQE,1,3,258,1,1,4,75.35,338.1,1,92,2220,True,True,75.35
4628-WQCQQ,4,3,139,2,1,35,85.15,3030.6,1,81,5928,True,False,85.15
1644-IRKSF,4,3,140,2,1,33,93.8,3124.5,1,76,5080,True,False,93.8
3705-PSNGL,4,3,193,2,1,45,20.4,930.45,1,87,5398,True,False,20.4
6502-HCJTI,2,2,307,1,1,7,94.7,673.1,1,75,3591,True,True,94.7
2606-RMDHZ,2,2,17,1,1,6,30.5,208.7,1,93,4667,True,True,30.5
8258-GSTJK,2,3,258,1,1,3,77.0,237.75,1,96,3128,True,True,77.0
6861-OKBCE,1,2,193,2,1,11,20.1,221.35,1,95,4500,True,True,20.1
9940-RHLFB,1,3,137,4,1,1,75.3,75.3,1,66,2176,True,True,75.3
2995-UPRYS,4,2,152,14,1,40,99.2,4062.2,1,69,5098,True,False,99.2
6686-YPGHK,1,4,162,14,1,47,85.5,4042.3,1,68,3645,True,True,85.5
1383-EZRWL,1,4,193,14,1,7,20.05,164.85,1,89,5595,True,True,20.05
4759-TRPLW,1,3,129,3,1,1,70.4,70.4,1,70,4238,True,True,70.4
8563-IIOXK,4,3,97,5,1,7,49.75,331.3,1,75,5651,True,False,49.75
8020-BWHYL,2,2,145,6,1,15,75.3,1147.45,1,99,4526,True,True,75.3
2982-VPSGI,2,3,261,4,1,11,94.0,1078.9,1,67,2120,True,True,94.0
8199-ZLLSA,4,1,321,3,1,67,118.35,7804.15,1,91,6255,True,False,118.35
4625-EWPTF,2,3,33,3,1,8,30.45,226.45,1,94,4549,True,True,30.45
5980-NOPLP,2,3,261,5,1,44,96.1,4364.1,1,87,5606,True,True,96.1
6892-XPFPU,2,3,285,5,1,24,104.25,2433.9,1,80,2104,True,True,104.25
8010-EZLOU,2,3,274,5,1,15,80.2,1217.25,1,76,4958,True,True,80.2
9874-QLCLH,2,3,301,6,1,17,104.2,1743.5,1,79,2365,True,True,104.2
8062-YBDOE,2,3,129,8,1,1,69.65,69.65,1,78,5844,True,True,69.65
6000-APYLU,2,3,130,6,1,9,80.8,713.1,1,90,3890,True,True,80.8
0947-IDHRQ,2,4,131,4,1,7,80.3,526.7,1,75,3949,True,True,80.3
3672-YITQD,2,3,259,4,1,36,84.1,3021.6,1,79,2987,True,True,84.1
9048-JVYVF,2,3,72,19,1,3,69.35,191.35,1,98,3520,True,True,69.35
8988-ECPJR,2,4,274,20,1,34,79.6,2718.3,1,66,3980,True,True,79.6
3776-EKTKM,2,3,3,21,1,1,36.45,36.45,1,96,5303,True,True,36.45
1902-XBTFB,2,3,155,11,1,22,89.4,2001.5,1,99,5438,True,True,89.4
0643-OKLRP,1,3,290,15,1,47,80.35,3825.85,1,95,5915,True,True,80.35
9381-NDKME,2,2,10,12,1,24,40.65,933.3,1,85,3843,True,True,40.65
2794-XIMMO,4,3,32,10,1,53,60.45,3184.25,1,98,5650,True,False,60.45
8382-SHQEH,2,3,259,13,1,8,84.9,764.95,1,85,2656,True,True,84.9
2983-ZANRP,2,1,145,9,1,2,73.55,145.4,1,97,5799,True,True,73.55
7845-URHJN,1,1,193,19,1,8,20.15,156.25,1,98,4785,True,True,20.15
3034-ZBEQN,3,4,25,20,1,48,34.7,1604.5,1,90,5995,True,False,34.7
8327-LZKAS,4,3,273,21,1,43,107.55,4533.9,1,93,4423,True,False,107.55
1075-BGWOH,2,3,269,11,1,16,98.75,1587.55,1,87,3392,True,True,98.75
0302-JOIVN,1,3,156,15,1,8,101.15,842.9,1,76,2750,True,True,101.15
5366-IJEQJ,2,3,268,8,1,20,88.7,1761.45,1,86,4115,True,True,88.7
1981-INRFU,2,3,131,8,1,2,79.75,164.5,1,98,5172,True,True,79.75
4971-PUYQO,2,4,261,8,1,27,94.55,2724.6,1,89,4464,True,True,94.55
8485-GJCDN,2,4,129,17,1,5,69.05,318.5,1,74,3368,True,True,69.05
1527-SXDPN,6,1,271,18,1,52,96.25,4990.25,1,97,4751,True,False,96.25
6029-WTIPC,2,3,269,3,1,37,101.1,3744.05,1,87,4424,True,True,101.1
8634-CILSZ,4,1,281,5,1,69,104.7,7220.35,1,71,6350,True,False,104.7
6682-QJDGB,2,4,113,6,1,40,55.25,2139.2,1,65,2810,True,True,55.25
8780-IXSTS,2,3,276,4,1,6,90.1,521.3,1,71,5656,True,True,90.1
9530-EHPOH,1,3,202,3,1,11,53.75,608.0,1,99,3407,True,True,53.75
0345-HKJVM,1,3,132,8,1,6,89.3,577.6,1,100,5800,True,True,89.3
3049-SOLAY,2,3,261,5,1,3,95.2,292.85,1,86,4176,True,True,95.2
3317-HRTNN,1,3,4,5,1,5,45.7,198.0,1,73,3561,True,True,45.7
3235-ETOOB,2,3,161,5,1,8,74.5,609.9,1,88,3683,True,True,74.5
8058-INTPH,2,3,131,6,1,1,79.65,79.65,1,71,2119,True,True,79.65
5569-OUICF,2,2,265,6,1,28,101.3,2812.2,1,68,4994,True,True,101.3
8821-XNHVZ,2,4,131,6,1,1,80.05,80.05,1,82,2943,True,True,80.05
2082-OJVTK,2,3,267,4,1,29,89.2,2698.35,1,91,5292,True,True,89.2
5940-NFXKV,2,3,259,4,1,19,83.65,1465.75,1,88,3427,True,True,83.65
8053-WWDRO,1,1,193,19,1,6,19.5,146.3,1,67,5579,True,True,19.5
9564-KCLHR,1,4,69,20,1,1,51.25,51.25,1,94,2180,True,True,51.25
2082-CEFLT,2,3,65,21,1,1,45.6,45.6,1,88,3037,True,True,45.6
1213-NGCUN,2,1,69,11,1,6,49.65,267.35,1,88,4248,True,True,49.65
5688-KZTSN,2,3,193,15,1,15,20.0,288.05,1,73,4672,True,True,20.0
2894-QOJRX,2,1,3,12,1,25,34.0,853.0,1,93,5024,True,True,34.0
5747-PMBSQ,2,4,159,10,1,10,92.5,934.1,1,77,2415,True,True,92.5
3143-JQEGI,1,3,132,13,1,13,88.35,1222.8,1,81,3740,True,True,88.35
6386-SZZKH,6,1,289,9,1,49,107.95,5293.2,1,92,5785,True,False,107.95
2982-IHMFT,2,4,258,19,1,1,74.45,74.45,1,67,4291,True,True,74.45
3521-SYVOR,2,3,68,20,1,37,64.75,2345.2,1,80,5554,True,True,64.75
9526-JAWYF,1,3,155,21,1,26,89.8,2335.3,1,71,3452,True,True,89.8
5649-VUKMC,3,4,140,11,1,12,95.5,1115.15,1,88,3538,True,False,95.5
5143-EGQFK,2,3,5,15,1,10,29.65,291.4,1,89,5702,True,True,29.65
4919-IKATY,2,3,298,8,1,5,84.5,453.75,1,98,5141,True,True,84.5
9050-QLROH,2,2,267,3,1,18,90.7,1597.25,1,89,2931,True,True,90.7
6168-WFVVF,2,3,129,5,1,3,70.3,235.5,1,98,5165,True,True,70.3
0877-SDMBN,4,1,301,6,1,54,103.95,5639.05,1,99,6117,True,False,103.95
8065-YKXKD,2,3,258,4,1,10,74.75,799.65,1,69,5578,True,True,74.75
9637-EIHEQ,2,3,69,8,1,1,50.8,50.8,1,68,4535,True,True,50.8
9689-PTNPG,2,3,131,3,1,2,80.25,144.55,1,80,5055,True,True,80.25
9465-RWMXL,2,3,266,5,1,32,78.9,2447.95,1,90,5949,True,True,78.9
2362-IBOOY,2,3,259,5,1,36,84.75,3050.15,1,76,5272,True,True,84.75
0843-WTBXE,1,1,260,5,1,53,85.45,4517.25,1,90,4753,True,True,85.45
5515-IDEJJ,1,4,193,6,1,1,19.9,19.9,1,67,5441,True,True,19.9
7450-NWRTR,2,3,269,6,1,12,99.45,1200.15,1,98,2819,True,True,99.45
5376-DEQCP,2,3,129,6,1,1,70.6,70.6,1,85,4063,True,True,70.6
9095-HFAFX,2,2,131,4,1,5,81.0,389.6,1,96,3718,True,True,81.0
2379-ENZGV,2,3,147,4,1,6,84.85,523.5,1,72,3420,True,True,84.85
6005-OBZPH,2,3,276,19,1,26,89.15,2277.65,1,89,4074,True,True,89.15
7932-WPTDS,2,3,1,20,1,1,24.8,24.8,1,73,5377,True,True,24.8
2722-VOJQL,4,2,281,21,1,64,105.65,6903.1,1,98,4870,True,False,105.65
5228-EXCET,2,3,130,11,1,13,80.85,1008.7,1,85,5964,True,True,80.85
7394-FKDNK,1,3,132,15,1,9,89.45,853.1,1,91,4971,True,True,89.45
6331-LWDTQ,2,2,197,12,1,10,72.15,794.25,1,98,2457,True,True,72.15
1597-FZREH,1,3,80,10,1,2,76.4,160.8,1,100,3005,True,True,76.4
7000-WCEVQ,2,4,195,13,1,20,61.6,1174.35,1,85,3866,True,True,61.6
0727-IWKVK,2,3,153,9,1,9,79.9,741.7,1,100,4748,True,True,79.9
5959-BELXA,2,2,261,19,1,32,96.15,3019.25,1,79,2246,True,True,96.15
3512-IZIKN,5,2,238,20,1,70,65.3,4759.75,1,85,5591,True,False,65.3
6141-OOXUQ,1,4,193,21,1,1,19.65,19.65,1,69,5717,True,True,19.65
7503-ZGUZJ,2,4,260,11,1,1,84.65,84.65,1,79,4261,True,True,84.65
2506-TNFCO,2,3,129,15,1,1,69.55,69.55,1,67,5948,True,True,69.55
8718-PTMEZ,2,3,17,8,1,13,31.05,347.25,1,97,5131,True,True,31.05
2207-OBZNX,2,4,97,1,1,7,51.0,354.05,1,90,3736,True,True,51.0
6142-VSJQO,2,1,65,2,1,1,44.35,44.35,1,90,4599,True,True,44.35
6437-UKHMV,2,3,131,2,1,7,79.7,586.05,1,98,3109,True,True,79.7
1114-CENIM,2,2,210,8,1,54,55.0,3092.65,1,84,5282,True,True,55.0
6060-DRTNL,2,4,139,1,1,5,84.85,415.55,1,74,3305,True,True,84.85
8473-VUVJN,2,3,258,1,1,1,73.65,73.65,1,86,5443,True,True,73.65
6289-CPNLD,4,4,80,1,1,33,73.9,2405.05,1,73,5374,True,False,73.9
5536-SLHPM,2,3,266,2,1,55,77.75,4458.15,1,79,4398,True,True,77.75
0196-VULGZ,2,3,259,7,1,6,84.35,474.9,1,77,5721,True,True,84.35
8837-VVWLQ,1,3,163,14,1,8,84.95,668.4,1,81,4437,True,True,84.95
2696-NARTR,2,3,133,14,1,11,73.85,926.25,1,66,3634,True,True,73.85
7614-QVWQL,4,1,20,14,1,49,51.8,2541.25,1,67,5375,True,False,51.8
1976-CFOCS,1,3,65,3,1,1,46.0,46.0,1,67,4531,True,True,46.0
4631-OACRM,2,3,130,5,1,15,79.4,1156.1,1,74,3621,True,True,79.4
3755-JBMNH,2,1,129,6,1,16,71.8,1167.8,1,86,3327,True,True,71.8
6345-ULYRW,3,4,275,4,1,44,88.4,3912.9,1,99,2674,True,False,88.4
1809-DMJHQ,1,4,65,3,1,5,46.0,221.7,1,85,4846,True,True,46.0
6923-EFPNL,1,2,194,3,1,4,51.75,201.1,1,83,3865,True,True,51.75
9574-RKJIF,2,3,308,5,1,30,94.4,2838.7,1,71,2792,True,True,94.4
2619-WFQWU,2,4,129,5,1,1,70.15,70.15,1,96,3208,True,True,70.15
0778-NELLA,2,2,3,5,1,9,34.7,296.1,1,95,5352,True,True,34.7
4614-NUVZD,2,3,130,6,1,1,81.1,81.1,1,85,2075,True,True,81.1
3803-KMQFW,1,4,193,6,1,1,20.55,20.55,1,78,3797,True,True,20.55
6804-GDMOI,6,3,273,6,1,61,106.6,6428.4,1,68,4183,True,False,106.6
9572-MTILT,2,3,320,4,1,59,106.75,6252.9,1,81,4508,True,True,106.75
9611-CTWIH,2,3,132,4,1,3,89.45,240.45,1,84,3591,True,True,89.45
0329-GTIAJ,2,3,152,19,1,3,97.9,315.3,1,86,4330,True,True,97.9
6629-CZTTH,2,4,66,20,1,1,55.7,55.7,1,79,4629,True,True,55.7
5364-EVNIB,2,3,153,21,1,13,79.8,973.45,1,75,5067,True,True,79.8
5087-SUURX,2,3,11,11,1,18,39.05,669.85,1,66,2601,True,True,39.05
0013-EXCHZ,2,4,135,15,1,3,83.9,267.4,1,68,3464,True,True,83.9
5550-VFRLC,2,3,129,12,1,1,69.85,69.85,1,68,5056,True,True,69.85
4929-BSTRX,2,4,67,10,1,1,53.55,53.55,1,79,2326,True,True,53.55
2225-ZRGSG,5,1,318,13,1,70,93.9,6579.05,1,95,6173,True,False,93.9
5271-YNWVR,6,3,321,9,1,68,113.15,7856.0,1,90,4610,True,False,113.15
2657-ALMWY,1,3,146,19,1,26,84.95,2169.75,1,75,4316,True,True,84.95
6330-JKLPC,2,1,274,20,1,11,80.5,896.9,1,75,5119,True,True,80.5
4667-OHGKG,2,4,193,21,1,1,19.3,19.3,1,99,4266,True,True,19.3
1660-HSOOQ,2,4,73,11,1,1,49.65,49.65,1,97,5338,True,True,49.65
7253-UVNDW,5,2,77,15,1,46,54.35,2460.15,1,83,2793,True,False,54.35
7228-OMTPN,2,3,132,8,1,4,88.45,370.65,1,98,2456,True,True,88.45
6284-AHOOQ,2,1,264,8,1,22,90.5,1910.6,1,71,5014,True,True,90.5
2344-JMOGN,2,4,159,8,1,9,94.85,890.6,1,72,3016,True,True,94.85
3799-ISUZQ,2,1,129,17,1,7,69.95,529.5,1,90,3296,True,True,69.95
1794-HBQTJ,2,2,97,18,1,1,48.6,48.6,1,83,4207,True,True,48.6
2460-FPSYH,2,3,52,2,1,40,55.8,2109.35,1,90,4272,True,True,55.8
4818-DRBQT,2,1,274,2,1,29,80.15,2265.25,1,83,5189,True,True,80.15
1320-HTRDR,2,3,258,1,1,3,75.5,220.6,1,79,5948,True,True,75.5
1493-AMTIE,2,1,193,1,1,1,20.2,20.2,1,87,5394,True,True,20.2
6424-ELEYH,2,2,258,1,1,3,74.75,229.5,1,65,3972,True,True,74.75
4391-RESHN,2,4,273,2,1,23,104.05,2470.1,1,93,5963,True,True,104.05
6821-BUXUX,2,3,308,2,1,13,96.65,1244.5,1,65,2110,True,True,96.65
5028-HTLJB,1,4,193,2,1,1,20.05,20.05,1,91,3491,True,True,20.05
9801-GDWGV,2,3,285,1,1,39,103.45,3994.45,1,83,4811,True,True,103.45
2320-JRSDE,2,3,193,1,1,1,19.9,19.9,1,73,4633,True,True,19.9
0601-WZHJF,1,3,4,1,1,14,46.35,667.7,1,76,5360,True,True,46.35
5143-WMWOG,1,3,193,2,1,1,19.95,19.95,1,83,2051,True,True,19.95
5393-RXQSZ,1,3,130,2,1,1,79.6,79.6,1,98,2199,True,True,79.6
0231-LXVAP,2,3,133,2,1,1,75.9,75.9,1,66,3389,True,True,75.9
9444-JTXHZ,1,3,137,8,1,1,76.2,76.2,1,83,5973,True,True,76.2
5510-BOIUJ,1,4,193,1,1,1,19.25,19.25,1,80,5437,True,True,19.25
4471-KXAUH,2,3,270,1,1,42,84.3,3588.4,1,100,2514,True,True,84.3
7638-QVMVY,2,3,131,2,1,7,79.0,522.95,1,92,3735,True,True,79.0
3244-DCJWY,2,3,129,2,1,1,70.25,70.25,1,89,4133,True,True,70.25
0875-CABNR,2,2,138,2,1,10,84.6,865.55,1,94,3320,True,True,84.6
7812-FZHPE,1,4,322,1,1,17,24.1,409.9,1,86,4648,True,True,24.1
4797-AXPXK,2,3,117,1,1,1,60.0,60.0,1,93,4531,True,True,60.0
5229-PRWKT,2,3,259,1,1,8,86.55,649.65,1,80,4193,True,True,86.55
6982-UQZLY,2,4,193,2,1,1,20.85,20.85,1,97,3817,True,True,20.85
5057-LCOUI,2,3,12,2,1,39,50.75,2011.4,1,94,4119,True,True,50.75
0193-ESZXP,4,2,184,2,1,58,105.5,6205.5,1,100,5067,True,False,105.5
4369-HTUIF,2,1,163,1,1,6,85.15,503.6,1,90,5831,True,True,85.15
0156-FVPTA,2,3,101,1,1,22,54.2,1152.7,1,87,5102,True,True,54.2
1984-FCOWB,4,3,289,1,1,70,109.5,7674.55,1,100,4191,True,False,109.5
0654-HMSHN,1,3,285,2,1,21,104.4,2157.95,1,77,3796,True,True,104.4
5287-QWLKY,2,2,309,2,1,71,105.1,7548.1,1,66,5725,True,True,105.1
5196-SGOAK,2,3,145,2,1,1,75.7,75.7,1,93,4884,True,True,75.7
1891-UAWWU,1,3,268,1,1,20,90.8,1951.0,1,87,2312,True,True,90.8
6108-OQZDQ,2,3,277,1,1,4,97.95,384.5,1,72,2570,True,True,97.95
0363-QJVFX,2,2,313,1,1,32,108.15,3432.9,1,69,2541,True,True,108.15
9840-DVNDC,2,2,131,2,1,6,80.5,463.05,1,96,2181,True,True,80.5
3096-JRDSO,2,1,297,2,1,27,104.3,2867.75,1,75,3444,True,True,104.3
8042-JVNFH,2,4,129,2,1,1,71.35,71.35,1,92,5730,True,True,71.35
3374-LXDEV,1,3,286,1,1,13,89.4,1132.35,1,75,2226,True,True,89.4
5049-GLYVG,1,4,193,1,1,1,20.6,20.6,1,90,3618,True,True,20.6
5883-GTGVD,2,3,277,1,1,19,99.95,1931.75,1,76,3670,True,True,99.95
4817-QRJSX,2,2,274,2,1,10,81.0,818.05,1,95,2946,True,True,81.0
2398-YPMUR,2,3,129,8,1,13,70.15,916.75,1,85,5101,True,True,70.15
9985-MWVIX,2,4,129,2,1,1,70.15,70.15,1,97,5773,True,True,70.15
1265-XTECC,4,2,307,1,1,68,96.55,6581.9,1,86,5957,True,False,96.55
2237-ZFSMY,4,3,175,1,1,39,95.55,3692.85,1,73,2767,True,False,95.55
4871-JTKJF,2,3,129,1,1,1,69.65,69.65,1,82,4741,True,True,69.65
1415-YFWLT,2,3,132,2,1,1,89.3,89.3,1,85,3067,True,True,89.3
6711-VTNRE,2,3,142,2,1,36,87.55,3078.1,1,92,2558,True,True,87.55
3500-RMZLT,2,4,174,2,1,15,96.3,1426.75,1,72,2933,True,True,96.3
4548-SDBKE,2,3,260,1,1,5,85.2,474.8,1,87,4109,True,True,85.2
8066-POXGX,2,3,2,1,1,13,35.1,446.1,1,79,3104,True,True,35.1
4143-OOBWZ,2,3,274,1,1,5,81.3,416.3,1,100,3819,True,True,81.3
7854-EKTJL,2,3,193,2,1,2,19.6,35.85,1,66,2843,True,True,19.6
9102-IAYHT,2,3,259,2,1,17,85.45,1451.6,1,94,3670,True,True,85.45
3422-LYEPQ,2,3,129,2,1,1,71.0,71.0,1,89,4207,True,True,71.0
2642-DTVCO,2,3,259,1,1,9,85.05,746.5,1,74,5095,True,True,85.05
4361-JEIVL,2,3,65,1,1,1,44.4,44.4,1,82,4067,True,True,44.4
1363-TXLSL,2,3,129,1,1,1,70.3,70.3,1,100,4962,True,True,70.3
9507-EXLTT,2,1,131,2,1,1,79.35,79.35,1,77,3492,True,True,79.35
9846-GKXAS,2,1,132,2,1,9,90.8,809.75,1,70,2578,True,True,90.8
6017-PPLPX,2,3,129,2,1,20,70.45,1470.95,1,87,4773,True,True,70.45
7136-RVDTZ,4,3,4,1,1,70,45.25,3264.45,1,97,5824,True,False,45.25
4581-SSPWD,2,3,258,1,1,3,75.8,246.3,1,93,5475,True,True,75.8
6927-WTFIV,1,2,129,1,1,20,71.3,1389.2,1,98,3684,True,True,71.3
3398-ZOUAA,2,3,129,2,1,21,69.1,1474.75,1,67,3853,True,True,69.1
0378-NHQXU,1,3,268,7,1,17,88.25,1460.65,1,68,4041,True,True,88.25
4512-ZUIYL,1,1,129,14,1,2,70.0,153.05,1,81,2928,True,True,70.0
7969-AULMZ,2,3,261,14,1,21,97.35,2119.5,1,89,4321,True,True,97.35
0568-ONFPC,2,1,322,14,1,5,25.9,135.0,1,83,2102,True,True,25.9
0733-VUNUW,2,1,226,3,1,24,55.65,1400.55,1,97,4126,True,True,55.65
4550-EVXNY,2,3,129,5,1,1,69.65,69.65,1,77,2418,True,True,69.65
2968-SSGAA,2,3,269,6,1,10,100.6,1060.2,1,77,4001,True,True,100.6
4844-JJWUY,2,3,146,4,1,1,86.0,86.0,1,82,5359,True,True,86.0
6777-TGHTM,4,2,301,3,1,53,106.95,5785.5,1,90,5550,True,False,106.95
3538-WZPHD,2,3,17,3,1,3,29.6,79.45,1,76,2734,True,True,29.6
4785-QRJHC,4,1,32,5,1,46,59.9,2816.65,1,80,4011,True,False,59.9
8610-WFCJF,2,3,261,5,1,49,95.6,4783.5,1,69,5732,True,True,95.6
4905-JEFDW,4,3,11,5,1,11,41.6,470.6,1,81,3119,True,False,41.6
7881-INRLC,2,2,277,6,1,45,100.85,4740.0,1,70,4898,True,True,100.85
0117-LFRMW,1,1,57,6,1,37,40.2,1448.8,1,80,3627,True,True,40.2
6172-FECYY,1,3,260,6,1,49,84.5,4254.85,1,85,4639,True,True,84.5
1965-AKTSX,2,3,274,4,1,14,78.95,1101.85,1,88,5203,True,True,78.95
4786-UKSNZ,1,4,193,4,1,1,20.2,20.2,1,99,5418,True,True,20.2
7248-VZQLC,2,1,282,19,1,47,85.2,3969.35,1,72,4661,True,True,85.2
0011-IGKFF,2,3,156,20,1,13,98.0,1237.85,1,99,3714,True,True,98.0
4192-GORJT,2,3,140,21,1,5,94.45,498.1,1,77,4580,True,True,94.45
6496-SLWHQ,2,3,285,11,1,3,105.0,294.45,1,87,5960,True,True,105.0
9912-GVSEQ,2,3,283,15,1,26,93.85,2381.55,1,86,2591,True,True,93.85
5383-MMTWC,2,3,259,12,1,8,84.0,613.4,1,91,4819,True,True,84.0
7240-ETPTR,2,3,12,10,1,9,48.75,442.2,1,97,4359,True,True,48.75
2202-CUYXZ,2,3,139,13,1,1,84.85,84.85,1,77,3086,True,True,84.85
5995-OIGLP,1,4,101,9,1,12,56.65,654.85,1,90,3043,True,True,56.65
6261-RCVNS,3,2,126,19,1,42,73.9,3160.55,1,71,2774,True,False,73.9
7951-QKZPL,6,4,322,20,1,33,24.5,740.3,1,77,5194,True,False,24.5
3640-PHQXK,2,3,267,21,1,31,89.9,2806.9,1,85,2031,True,True,89.9
6877-LGWXO,1,3,130,11,1,18,78.55,1422.65,1,84,3521,True,True,78.55
8019-ENHXU,2,3,287,15,1,42,99.45,4138.05,1,96,4624,True,True,99.45
5167-GBFRE,2,1,1,8,1,4,25.2,102.5,1,72,4694,True,True,25.2
9033-EOXWV,3,4,201,8,1,12,74.05,872.65,1,94,4149,True,False,74.05
1324-NLTJE,1,2,198,8,1,15,55.0,757.1,1,94,3167,True,True,55.0
1522-VVDMG,2,3,151,17,1,7,89.75,608.8,1,90,3807,True,True,89.75
9185-TQCVP,2,3,259,18,1,14,85.15,1139.2,1,100,4550,True,True,85.15
5567-WSELE,2,3,261,3,1,3,94.6,279.55,1,87,3019,True,True,94.6
8063-RJYNF,2,3,164,5,1,16,94.25,1483.25,1,73,2827,True,True,94.25
0687-ZVTHB,3,2,251,6,1,65,72.45,4653.85,1,68,4415,True,False,72.45
9661-ACXBS,2,3,301,4,1,42,105.2,4400.75,1,89,2317,True,True,105.2
3727-RJMEO,2,3,260,3,1,6,82.85,460.25,1,78,4458,True,True,82.85
6646-VRFOL,2,3,285,3,1,53,103.85,5485.5,1,87,5860,True,True,103.85
5685-IIXLY,2,3,146,5,1,5,83.6,404.2,1,93,4565,True,True,83.6
4250-ZBWLV,3,3,289,5,1,68,108.45,7176.55,1,65,4454,True,False,108.45
5095-AESKG,2,2,275,5,1,3,91.5,242.95,1,76,5646,True,True,91.5
1871-MOWRM,1,1,165,6,1,12,80.85,866.45,1,87,4306,True,True,80.85
2027-OAQQC,2,1,12,6,1,43,49.05,2076.2,1,92,4044,True,True,49.05
9090-SGQXL,2,3,285,6,1,68,105.3,7299.65,1,79,6284,True,True,105.3
6595-YGXIT,2,3,276,4,1,25,88.95,2291.2,1,100,3878,True,True,88.95
9835-ZIITK,4,3,289,4,1,66,110.85,7491.75,1,74,4281,True,False,110.85
1555-DJEQW,6,1,321,19,1,70,114.2,7723.9,1,73,5947,True,False,114.2
5649-TJHOV,1,1,2,20,1,27,36.5,1032.0,1,93,4564,True,True,36.5
0519-XUZJU,1,4,129,21,1,1,70.75,70.75,1,93,3963,True,True,70.75
6338-AVWCY,2,4,11,11,1,3,40.15,130.75,1,75,4710,True,True,40.15
9253-QXKBE,2,3,261,15,1,29,94.45,2653.65,1,71,2233,True,True,94.45
9445-SZLCH,2,1,284,12,1,36,97.35,3457.9,1,86,4544,True,True,97.35
7568-PODML,2,4,4,10,1,1,45.3,45.3,1,69,4954,True,True,45.3
5349-IECLD,1,3,140,13,1,2,94.95,178.1,1,87,4493,True,True,94.95
3945-GFWQL,2,3,65,9,1,12,44.55,480.6,1,89,4162,True,True,44.55
3797-VTIDR,2,3,1,19,1,1,23.45,23.45,1,90,4517,True,True,23.45
9526-BIHHD,1,4,33,20,1,1,29.7,29.7,1,74,3383,True,True,29.7
4523-WXCEF,1,3,277,21,1,59,101.1,6039.9,1,87,4160,True,True,101.1
8364-TRMMK,2,4,194,11,1,3,50.65,151.3,1,76,2876,True,True,50.65
3063-QFSZL,2,3,66,15,1,1,55.4,55.4,1,70,2294,True,True,55.4
8775-LHDJH,2,3,276,8,1,1,90.6,90.6,1,93,2905,True,True,90.6
3097-NQYSN,2,4,260,3,1,2,86.85,156.35,1,78,5204,True,True,86.85
3565-UNOCC,2,1,269,5,1,29,99.05,2952.85,1,82,3179,True,True,99.05
9249-FXSCK,4,2,313,6,1,52,111.25,5916.45,1,90,4861,True,False,111.25
5493-SDRDQ,2,4,105,4,1,2,55.1,113.35,1,70,4235,True,True,55.1
0871-URUWO,2,2,269,3,1,13,102.25,1359.0,1,66,2003,True,True,102.25
9190-MFJLN,2,2,140,3,1,19,95.9,1777.9,1,68,2851,True,True,95.9
1095-JUDTC,2,3,280,5,1,47,95.05,4504.55,1,65,5214,True,True,95.05
0870-VEMYL,1,2,101,5,1,5,53.85,259.8,1,74,5435,True,True,53.85
5385-SUIRI,2,3,301,5,1,52,104.2,5568.35,1,68,5648,True,True,104.2
3982-XWFZQ,2,3,194,6,1,42,50.25,2203.65,1,97,4873,True,True,50.25
4009-ALQFH,2,3,156,6,1,25,99.5,2369.05,1,90,5932,True,True,99.5
3627-FCRDW,1,3,129,6,1,9,71.0,672.55,1,81,2236,True,True,71.0
7562-GSUHK,2,2,154,4,1,16,93.2,1573.7,1,75,5497,True,True,93.2
4903-UYAVB,1,4,193,4,1,5,19.35,126.05,1,97,3864,True,True,19.35
6776-TLWOI,1,4,193,19,1,3,19.85,64.55,1,93,2158,True,True,19.85
4077-CROMM,2,3,273,20,1,31,104.2,3243.45,1,68,5000,True,True,104.2
2868-MZAGQ,2,3,130,21,1,1,79.25,79.25,1,83,5533,True,True,79.25
4847-QNOKA,2,1,65,11,1,1,44.9,44.9,1,76,2632,True,True,44.9
6379-RXJRQ,2,3,129,15,1,10,70.1,659.65,1,92,2457,True,True,70.1
8650-RHRKE,2,3,9,12,1,4,29.65,118.5,1,71,4207,True,True,29.65
0475-RIJEP,2,3,274,10,1,43,77.85,3365.85,1,100,5107,True,True,77.85
1260-TTRXI,1,3,66,13,1,4,54.3,195.3,1,87,5834,True,True,54.3
6328-ZPBGN,2,1,261,9,1,11,95.15,997.65,1,71,4074,True,True,95.15
4789-KWMXN,4,2,305,19,1,47,110.85,5275.8,1,97,3344,True,False,110.85
2867-UIMSS,1,3,130,20,1,1,80.5,80.5,1,85,2734,True,True,80.5
8111-RKSPX,2,1,258,21,1,4,72.2,305.55,1,89,5668,True,True,72.2
1585-MQSSU,1,4,69,11,1,17,51.5,900.5,1,94,5659,True,True,51.5
2856-NNASM,2,4,132,15,1,43,89.55,3856.75,1,73,3802,True,True,89.55
8559-CIZFV,3,4,248,8,1,21,77.5,1625.0,1,74,5353,True,False,77.5
7547-EKNFS,2,1,284,1,1,42,95.25,3959.35,1,89,2075,True,True,95.25
6769-DYBQN,1,3,162,2,1,46,85.0,3969.4,1,71,2097,True,True,85.0
4439-JMPMT,2,3,135,2,1,5,85.75,470.95,1,71,3608,True,True,85.75
2446-BEGGB,2,3,277,2,1,6,98.25,560.6,1,83,3330,True,True,98.25
1496-GGSUK,2,4,1,1,1,1,25.7,25.7,1,83,4095,True,True,25.7
2575-GFSOE,2,3,129,1,1,7,69.0,506.9,1,65,5672,True,True,69.0
2842-JTCCU,1,1,65,1,1,2,46.05,80.35,1,72,4662,True,True,46.05
3296-SILRA,2,4,145,2,1,1,76.4,76.4,1,89,2426,True,True,76.4
9681-OXGVC,2,3,269,4,1,5,100.5,514.0,1,85,5180,True,True,100.5
5180-UCIIQ,1,4,34,14,1,22,40.05,880.2,1,75,2061,True,True,40.05
7153-OANIO,1,3,129,14,1,1,69.95,69.95,1,79,5066,True,True,69.95
6521-YYTYI,2,3,261,14,1,1,93.3,93.3,1,65,2578,True,True,93.3
8878-HMWBV,2,3,73,3,1,3,49.15,169.05,1,68,5598,True,True,49.15
3751-KTZEL,1,4,2,5,1,1,35.05,35.05,1,89,3706,True,True,35.05
1977-STDKI,2,3,145,6,1,1,73.0,73.0,1,76,4116,True,True,73.0
5813-UECBU,2,2,282,4,1,33,83.85,2716.3,1,79,2583,True,True,83.85
0328-GRPMV,2,3,129,3,1,1,70.1,70.1,1,84,3706,True,True,70.1
4342-HENTK,2,3,129,3,1,2,70.65,142.35,1,74,2189,True,True,70.65
4195-SMMNX,1,4,193,5,1,2,20.35,33.2,1,65,5627,True,True,20.35
6956-SMUCM,2,2,172,5,1,3,99.0,287.4,1,77,5236,True,True,99.0
3223-WZWJM,2,3,259,5,1,26,83.95,2254.2,1,85,5869,True,True,83.95
9053-JZFKV,5,2,321,8,1,67,116.2,7752.3,1,82,4495,True,False,116.2
2530-ENDWQ,6,1,261,6,1,71,93.7,6585.35,1,100,4296,True,False,93.7
6615-ZGEDR,1,4,193,6,1,1,19.7,19.7,1,90,5707,True,True,19.7
9250-WYPLL,1,3,258,4,1,5,75.55,413.65,1,79,4600,True,True,75.55
2754-XBHTB,2,1,131,4,1,9,77.65,714.15,1,96,3847,True,True,77.65
1597-LHYNC,2,3,307,19,1,26,95.0,2497.2,1,90,4232,True,True,95.0
7055-VKGDA,4,2,184,20,1,54,105.4,5643.4,1,87,4406,True,False,105.4
0754-UKWQP,2,3,140,21,1,2,95.85,197.7,1,66,3790,True,True,95.85
7493-TPUWZ,2,3,274,11,1,1,79.15,79.15,1,85,4243,True,True,79.15
1577-HKTFG,1,1,193,15,1,30,19.65,655.85,1,79,2486,True,True,19.65
8752-STIVR,2,3,131,12,1,4,79.0,303.15,1,69,2085,True,True,79.0
4558-FANTW,1,3,167,10,1,17,91.85,1574.45,1,89,5643,True,True,91.85
8651-ENBZX,4,3,273,13,1,60,106.0,6441.4,1,78,5507,True,False,106.0
7623-TRNQN,2,4,69,9,1,1,49.9,49.9,1,72,3113,True,True,49.9
9330-IJWIO,2,3,293,19,1,13,100.35,1358.85,1,69,2008,True,True,100.35
9286-DOJGF,2,1,258,20,1,38,74.95,2869.85,1,82,5165,True,True,74.95
9661-MHUMO,2,2,69,21,1,1,49.25,49.25,1,84,4478,True,True,49.25
1842-EZJMK,1,3,281,11,1,50,103.7,5071.05,1,82,5897,True,True,103.7
8079-XRJRS,3,3,314,15,1,65,89.75,5769.6,1,72,6110,True,False,89.75
8073-IJDCM,2,4,193,8,1,1,20.3,20.3,1,67,3830,True,True,20.3
8884-ADFVN,2,3,269,8,1,7,101.95,700.85,1,74,2016,True,True,101.95
2720-WGKHP,2,3,261,8,1,2,94.0,181.7,1,93,5569,True,True,94.0
2869-ADAWR,2,2,276,17,1,45,89.3,4016.85,1,97,4880,True,True,89.3
9894-EZEWG,2,2,145,18,1,1,74.3,74.3,1,69,5996,True,True,74.3
7851-FLGGQ,2,4,22,3,1,1,44.65,44.65,1,66,3704,True,True,44.65
0637-UBJRP,1,3,162,5,1,13,84.05,1095.3,1,77,4745,True,True,84.05
0940-OUQEC,2,1,274,6,1,10,80.7,788.8,1,77,3492,True,True,80.7
0702-PGIBZ,2,3,277,4,1,4,101.7,364.55,1,91,2777,True,True,101.7
1963-VAUKV,1,4,193,8,1,1,20.4,20.4,1,92,3663,True,True,20.4
3058-HJCUY,4,3,273,3,1,41,102.6,4213.35,1,84,2098,True,False,102.6
3259-FDWOY,6,1,285,5,1,71,106.0,7723.7,1,81,4072,True,False,106.0
0807-ZABDG,2,4,101,5,1,3,55.1,154.65,1,97,4412,True,True,55.1
5748-RNCJT,6,1,273,5,1,69,106.5,7348.8,1,81,4859,True,False,106.5
7739-LAXOG,2,1,267,6,1,32,91.05,2954.5,1,80,3590,True,True,91.05
9776-CLUJA,2,3,290,6,1,51,77.5,3807.35,1,96,5748,True,True,77.5
6034-ZRYCV,6,3,28,6,1,72,54.2,3937.45,1,66,4481,True,False,54.2
2079-FBMZK,2,4,129,4,1,6,69.25,418.4,1,77,5816,True,True,69.25
6608-QQLVK,2,3,73,4,1,1,50.5,50.5,1,83,2077,True,True,50.5
3551-HUAZH,2,3,258,19,1,1,74.4,74.4,1,89,3429,True,True,74.4
6302-JGYRJ,4,4,217,20,1,31,79.45,2587.7,1,67,2872,True,False,79.45
3685-YLCMQ,4,3,273,21,1,58,104.65,6219.6,1,66,5411,True,False,104.65
8634-MPHTR,2,3,269,11,1,47,100.05,4871.05,1,91,5166,True,True,100.05
8761-NSOBC,1,3,152,15,1,44,100.55,4398.15,1,81,3486,True,True,100.55
8413-VONUO,1,3,148,12,1,2,95.65,167.3,1,82,5332,True,True,95.65
9223-UCPVT,1,3,140,10,1,1,94.4,94.4,1,77,5764,True,True,94.4
4351-QLCSU,2,2,67,13,1,1,55.0,55.0,1,98,3809,True,True,55.0
5419-JPRRN,2,3,269,9,1,1,101.45,101.45,1,77,4390,True,True,101.45
2100-BDNSN,1,1,208,19,1,5,67.95,350.3,1,69,3889,True,True,67.95
0488-GSLFR,2,3,129,20,1,1,69.5,69.5,1,91,3365,True,True,69.5
9318-NKNFC,2,4,193,21,1,1,18.85,18.85,1,90,4132,True,True,18.85
9728-FTTVZ,2,3,129,11,1,1,69.2,69.2,1,82,4073,True,True,69.2
7254-IQWOZ,2,3,129,15,1,1,69.65,69.65,1,67,5258,True,True,69.65
2474-BRUCM,1,3,293,8,1,40,101.85,4086.3,1,84,2837,True,True,101.85
0742-NXBGR,2,3,153,3,1,1,82.3,82.3,1,71,4278,True,True,82.3
6110-OHIHY,1,3,131,5,1,3,79.25,267.6,1,89,4183,True,True,79.25
5889-LFOLL,2,3,259,6,1,13,84.6,1115.2,1,77,2659,True,True,84.6
5708-EVONK,2,1,307,8,1,58,93.4,5435.6,1,73,5989,True,True,93.4
8708-XPXHZ,2,3,261,3,1,42,94.2,4186.3,1,95,5458,True,True,94.2
0616-ATFGB,1,3,1,3,1,1,25.05,25.05,1,95,2119,True,True,25.05
7016-BPGEU,2,2,1,5,1,29,25.1,712.85,1,81,2796,True,True,25.1
6876-ADESB,1,3,73,5,1,1,48.95,48.95,1,65,3913,True,True,48.95
1963-SVUCV,1,3,65,5,1,1,45.3,45.3,1,78,5774,True,True,45.3
0220-EBGCE,2,3,138,6,1,2,85.85,167.3,1,67,3273,True,True,85.85
2754-VDLTR,1,3,261,6,1,10,95.2,930.4,1,69,4922,True,True,95.2
3190-XFANI,4,1,265,6,1,49,100.6,5069.65,1,82,5585,True,False,100.6
7551-DACSP,2,4,89,4,1,6,55.3,324.25,1,99,3878,True,True,55.3
7235-NXZCP,2,4,258,4,1,2,74.85,156.4,1,84,5378,True,True,74.85
0520-FDVVT,4,1,156,19,1,35,102.35,3626.1,1,80,2473,True,False,102.35
1444-VVSGW,3,2,321,20,1,70,115.65,7968.85,1,99,5563,True,False,115.65
5712-PTIWW,2,3,141,21,1,2,79.85,152.45,1,91,3280,True,True,79.85
3315-TOTBP,2,4,258,11,1,15,76.0,1130.85,1,74,4938,True,True,76.0
6661-HBGWL,2,1,285,15,1,42,104.75,4323.45,1,79,2984,True,True,104.75
1518-VOWAV,2,3,116,12,1,9,74.65,703.55,1,90,5900,True,True,74.65
5909-ECHUI,2,3,66,10,1,1,56.25,56.25,1,71,3065,True,True,56.25
1309-BXVOQ,2,3,273,13,1,21,106.1,2249.95,1,69,3584,True,True,106.1
9317-WZPGV,2,1,130,9,1,2,79.75,159.4,1,77,4038,True,True,79.75
2856-HYAPG,1,3,129,19,1,1,68.65,68.65,1,99,3052,True,True,68.65
4488-PSYCG,1,1,193,20,1,16,20.25,327.45,1,83,4327,True,True,20.25
3621-CEOVK,2,3,277,21,1,14,100.2,1369.8,1,97,3369,True,True,100.2
6906-ANDWJ,2,1,258,11,1,15,74.9,1107.25,1,97,2510,True,True,74.9
1031-IIDEO,2,3,129,15,1,1,70.85,70.85,1,72,2874,True,True,70.85
5832-XKAES,2,2,129,8,1,2,69.8,134.7,1,74,2320,True,True,69.8
4701-AHWMW,2,1,16,1,1,55,54.55,2978.3,1,69,6041,True,True,54.55
9210-IAHGH,2,2,72,2,1,7,70.75,450.8,1,84,2248,True,True,70.75
0023-XUOPT,1,3,284,8,1,13,94.1,1215.6,1,75,2973,True,True,94.1
4592-IWTJI,1,2,33,2,1,3,29.7,91.7,1,84,2613,True,True,29.7
7632-MNYOY,3,2,289,1,1,66,110.9,7432.05,1,93,4389,True,False,110.9
6518-LGAOV,2,3,273,1,1,38,105.0,4026.4,1,92,2341,True,True,105.0
7242-QZLXF,2,3,1,1,1,1,25.3,25.3,1,99,5421,True,True,25.3
4576-CSAJH,4,2,85,2,1,22,55.15,1193.05,1,84,5866,True,False,55.15
1000-AJSLD,2,4,193,4,1,1,20.1,20.1,1,70,4389,True,True,20.1
1062-LHZOD,2,4,129,14,1,1,69.9,69.9,1,84,2100,True,True,69.9
9600-NAXZN,2,3,277,14,1,43,101.4,4528.0,1,79,3370,True,True,101.4
6457-USBER,2,3,130,14,1,1,80.8,80.8,1,82,4424,True,True,80.8
4662-EKDPQ,1,1,195,3,1,2,62.05,118.3,1,96,5344,True,True,62.05
9248-OJYKK,2,3,258,5,1,1,76.45,76.45,1,95,3763,True,True,76.45
3398-FSHON,2,3,276,6,1,12,91.3,1094.5,1,94,4703,True,True,91.3
3319-DWOEP,2,3,140,4,1,6,95.75,573.75,1,89,5750,True,True,95.75
9259-PACGQ,1,3,246,3,1,34,62.65,2274.9,1,91,3918,True,True,62.65
4415-IJZTP,2,3,258,3,1,1,74.5,74.5,1,69,2016,True,True,74.5
1465-VINDH,2,2,285,5,1,10,102.1,1068.85,1,78,3596,True,True,102.1
2810-FTLEM,2,3,97,5,1,16,50.15,762.25,1,69,4254,True,True,50.15
1925-TIBLE,2,3,260,5,1,7,86.5,582.5,1,74,3887,True,True,86.5
0818-OCPZO,2,3,274,6,1,27,81.45,2122.05,1,83,2571,True,True,81.45
1447-GIQMR,2,3,129,6,1,1,69.15,69.15,1,87,4179,True,True,69.15
0872-NXJYS,2,3,130,6,1,9,79.55,723.4,1,81,3246,True,True,79.55
9412-ARGBX,6,4,159,4,1,48,95.5,4627.85,1,97,2459,True,False,95.5
1389-CXMLU,1,3,268,4,1,3,91.05,289.1,1,99,2194,True,True,91.05
5561-NWEVX,1,3,266,19,1,2,79.2,172.85,1,67,4225,True,True,79.2
2737-WFVYW,2,3,4,20,1,2,45.25,85.5,1,74,4566,True,True,45.25
2272-QAGFO,2,3,258,21,1,14,74.3,1096.25,1,71,5342,True,True,74.3
9850-OWRHQ,2,2,258,11,1,3,74.1,228.0,1,69,5657,True,True,74.1
3768-NLUBH,1,3,269,15,1,57,100.6,5746.15,1,74,5247,True,True,100.6
8676-TRMJS,1,4,258,12,1,3,75.0,209.1,1,88,3190,True,True,75.0
7359-SSBJK,6,2,119,10,1,64,70.2,4481.0,1,89,6080,True,False,70.2
0685-MLYYM,1,3,129,13,1,2,70.75,154.85,1,96,4407,True,True,70.75
8182-PNAGI,1,1,69,9,1,12,50.25,593.75,1,67,3624,True,True,50.25
7957-RYHQD,2,2,177,19,1,40,79.2,3233.85,1,94,3207,True,True,79.2
2180-DXNEG,2,3,140,20,1,12,96.0,1062.1,1,89,5239,True,True,96.0
5515-AKOAJ,2,3,265,21,1,54,100.1,5440.9,1,75,5763,True,True,100.1
8976-OQHGT,1,4,85,11,1,4,56.5,235.1,1,99,5758,True,True,56.5
6230-BSUXY,2,3,138,15,1,1,85.0,85.0,1,93,2650,True,True,85.0
5294-CDGWY,3,3,60,8,1,51,59.3,3014.65,1,95,5633,True,False,59.3
5295-PCJOO,2,3,97,8,1,4,49.4,184.4,1,84,4455,True,True,49.4
9863-JZAIC,1,4,67,8,1,35,55.0,2010.55,1,100,2220,True,True,55.0
7660-HDPJV,2,3,129,17,1,1,69.2,69.2,1,81,2637,True,True,69.2
7931-PXHFC,4,4,78,18,1,38,62.3,2354.8,1,83,3818,True,False,62.3
3990-QYKBE,2,3,261,3,1,37,92.5,3473.4,1,95,4127,True,True,92.5
4919-MOAVT,1,3,129,5,1,3,69.65,220.1,1,84,2421,True,True,69.65
3090-HAWSU,6,2,305,6,1,61,111.6,6876.05,1,87,4495,True,False,111.6
9820-RMCQV,1,2,97,4,1,11,48.55,501.0,1,92,4444,True,True,48.55
7839-QRKXN,2,4,193,3,1,1,20.2,20.2,1,69,4197,True,True,20.2
5204-QZXPU,2,3,11,3,1,19,39.65,733.35,1,78,2933,True,True,39.65
4597-ELFTS,3,3,322,5,1,56,24.9,1334.0,1,92,5327,True,False,24.9
8450-JOVAH,1,4,226,5,1,2,56.7,113.55,1,77,5560,True,True,56.7
1113-IUJYX,3,4,184,5,1,14,105.95,1348.9,1,84,5887,True,False,105.95
9274-CNFMO,1,3,258,6,1,4,74.95,308.7,1,69,3716,True,True,74.95
7758-XKCBS,2,3,5,6,1,15,29.7,438.25,1,82,5518,True,True,29.7
8992-JQYUN,2,3,12,6,1,1,50.35,50.35,1,65,4526,True,True,50.35
0617-AQNWT,5,3,46,4,1,64,47.85,3147.5,1,66,6347,True,False,47.85
2446-PLQVO,2,3,129,8,1,1,70.3,70.3,1,78,4512,True,True,70.3
3005-NFMTA,2,3,293,19,1,55,98.8,5617.75,1,69,5543,True,True,98.8
8784-CGILN,2,1,265,20,1,18,99.85,1776.95,1,100,3068,True,True,99.85
5389-FFVKB,2,2,130,21,1,32,80.3,2483.05,1,94,5365,True,True,80.3
8444-WRIDW,2,2,274,11,1,66,80.45,5224.35,1,79,5011,True,True,80.45
9451-LPGOO,2,3,259,15,1,7,86.8,620.35,1,66,3780,True,True,86.8
5868-YWPDW,2,3,146,12,1,6,84.2,519.15,1,72,5834,True,True,84.2
2025-JKFWI,2,4,265,10,1,13,99.0,1301.7,1,81,3493,True,True,99.0
4078-SAYYN,2,3,269,13,1,11,100.75,1129.75,1,65,2229,True,True,100.75
9940-HPQPG,1,1,314,9,1,9,91.75,865.8,1,91,4176,True,True,91.75
6618-RYATB,2,4,266,19,1,1,79.55,79.55,1,93,5571,True,True,79.55
9079-YEXQJ,1,3,289,20,1,54,111.1,6014.85,1,93,5527,True,True,111.1
2685-SREOM,2,3,267,21,1,25,89.1,2368.4,1,96,4793,True,True,89.1
0402-CQAJN,2,1,285,11,1,37,101.9,3545.35,1,83,4437,True,True,101.9
6692-UDPJC,2,3,264,15,1,14,91.65,1301.0,1,65,4304,True,True,91.65
1273-MTETI,2,3,267,8,1,4,88.85,372.45,1,74,2754,True,True,88.85
5480-HPRRX,1,3,1,2,1,3,25.3,77.75,1,74,3542,True,True,25.3
0295-PPHDO,2,3,261,2,1,1,95.45,95.45,1,71,5962,True,True,95.45
1195-OIYEJ,2,3,132,2,1,13,91.1,1135.7,1,78,5347,True,True,91.1
5906-CVLHP,4,2,85,1,1,45,54.15,2319.8,1,92,2761,True,False,54.15
4501-EQDRN,1,1,129,1,1,1,69.7,69.7,1,98,4620,True,True,69.7
2990-HWIML,2,3,132,1,1,6,89.5,573.3,1,82,2898,True,True,89.5
7384-GHBPI,2,3,2,2,1,3,35.15,99.75,1,83,2987,True,True,35.15
7603-USHJS,2,2,258,2,1,12,73.75,871.4,1,78,2010,True,True,73.75
7234-FECYN,1,3,269,2,1,8,101.35,780.5,1,68,5546,True,True,101.35
5876-HZVZM,1,2,113,1,1,6,55.9,365.35,1,87,4914,True,True,55.9
1400-MMYXY,2,3,285,1,1,3,105.9,334.65,1,71,2715,True,True,105.9
3085-QUOZK,1,4,65,1,1,1,43.95,43.95,1,76,3238,True,True,43.95
3926-CUQZX,2,1,65,8,1,1,45.1,45.1,1,77,4884,True,True,45.1
1041-RXHRA,1,1,129,2,1,41,70.25,2868.05,1,69,3407,True,True,70.25
1750-CSKKM,1,3,67,2,1,9,55.35,449.75,1,70,2688,True,True,55.35
7142-HVGBG,2,3,285,1,1,43,103.0,4414.3,1,99,2505,True,True,103.0
8267-ZNYVZ,4,3,176,1,1,33,103.75,3361.05,1,81,3824,True,False,103.75
6457-GIRWB,2,3,129,1,1,1,69.35,69.35,1,88,2843,True,True,69.35
1450-SKCVI,2,3,145,2,1,56,73.85,4092.85,1,72,5276,True,True,73.85
5570-PTWEH,2,2,258,2,1,3,75.15,216.75,1,78,2270,True,True,75.15
6502-MJQAE,2,3,129,2,1,1,69.6,69.6,1,87,2072,True,True,69.6
7693-LCKZL,2,3,274,1,1,5,80.15,385.0,1,84,5124,True,True,80.15
0032-PGELS,1,1,33,1,1,1,30.5,30.5,1,74,5171,True,True,30.5
6797-LNAQX,5,1,277,1,1,70,98.3,6859.5,1,98,4794,True,False,98.3
6394-MFYNG,2,1,285,2,1,48,107.4,5121.3,1,89,4956,True,True,107.4
1564-NTYXF,2,3,259,2,1,13,82.0,1127.2,1,99,3363,True,True,82.0
8155-IBNHG,2,2,258,2,1,24,75.4,1747.85,1,74,2325,True,True,75.4
0886-QGENL,2,3,172,1,1,27,101.25,2754.45,1,77,4853,True,True,101.25
8739-WWKDU,2,3,276,1,1,25,89.5,2196.15,1,90,4849,True,True,89.5
8685-WHQPW,2,1,258,1,1,22,74.4,1692.6,1,81,2407,True,True,74.4
4745-LSPLO,1,4,193,2,1,1,20.5,20.5,1,84,3731,True,True,20.5
8083-YTZES,2,3,258,2,1,4,74.35,265.35,1,73,3622,True,True,74.35
7240-FQLHE,1,1,265,2,1,18,99.75,1836.25,1,68,5857,True,True,99.75
6664-FPDAC,4,3,289,1,1,56,111.95,6418.9,1,91,4060,True,False,111.95
0786-VSSUD,2,4,19,1,1,16,39.0,679.85,1,92,5692,True,True,39.0
3976-BWUCK,2,2,280,1,1,30,94.1,2804.45,1,94,5255,True,True,94.1
3585-ISXZP,1,1,261,2,1,8,95.65,778.1,1,95,5335,True,True,95.65
6583-QGCSI,2,3,276,4,1,50,88.05,4367.35,1,87,5813,True,True,88.05
4174-LPGTI,4,1,86,14,1,41,66.5,2728.6,1,65,2517,True,False,66.5
2108-XWMPY,2,4,49,14,1,3,35.45,106.85,1,70,2095,True,True,35.45
6304-IJFSQ,2,4,81,14,1,3,49.9,130.1,1,73,5585,True,True,49.9
0093-XWZFY,2,2,285,3,1,40,104.5,4036.85,1,93,2832,True,True,104.5
1980-KXVPM,2,2,258,5,1,3,75.05,256.25,1,83,3553,True,True,75.05
7703-ZEKEF,2,3,266,6,1,23,81.0,1917.1,1,78,5701,True,True,81.0
0723-DRCLG,2,3,258,4,1,1,74.45,74.45,1,94,2394,True,True,74.45
5482-NUPNA,2,4,117,3,1,4,60.4,272.15,1,90,5730,True,True,60.4
1122-JWTJW,2,4,129,3,1,1,70.65,70.65,1,82,3463,True,True,70.65
1699-HPSBG,4,3,71,5,1,12,59.8,727.8,1,69,4581,True,False,59.8
8775-CEBBJ,2,1,65,5,1,9,44.2,403.35,1,87,2029,True,True,44.2
6894-LFHLY,2,3,258,5,1,1,75.75,75.75,1,97,5571,True,True,75.75
0639-TSIQW,2,2,316,6,1,67,102.95,6886.25,1,70,5620,True,True,102.95
8361-LTMKD,2,4,258,6,1,4,74.4,306.6,1,77,5839,True,True,74.4
7590-VHVEG,2,3,17,16,1,1,29.85,29.85,0,27,3964,False,True,0.0
5575-GNVDE,3,4,105,16,1,34,56.95,1889.5,0,61,3441,False,False,0.0
7795-CFOCW,3,1,45,16,1,45,42.3,1840.75,0,66,4307,False,False,0.0
1452-KIOVK,2,2,276,16,1,22,89.1,1949.4,0,43,4459,False,True,0.0
6713-OKOMC,1,4,33,16,1,10,29.75,301.9,0,51,2013,False,True,0.0
6388-TABGU,3,1,113,16,1,62,56.15,3487.95,0,58,4529,False,False,0.0
9763-GRSKD,2,4,97,16,1,13,49.95,587.45,0,76,5764,False,True,0.0
7469-LKBCI,5,2,193,16,1,16,18.95,326.8,0,39,4726,False,False,0.0
8091-TTVAX,3,2,269,16,1,58,100.35,5681.1,0,71,6432,False,False,0.0
5129-JLPIS,2,3,176,16,1,25,105.5,2686.05,0,75,5822,False,True,0.0
3655-SNQYZ,5,2,321,16,1,69,113.25,7895.15,0,43,5141,False,False,0.0
8191-XWSZG,3,4,193,16,1,52,20.65,1022.95,0,35,5186,False,False,0.0
9959-WOFKT,5,1,301,16,1,71,106.7,7382.25,0,73,4479,False,False,0.0
4183-MYFRB,2,3,154,16,1,21,90.05,1862.9,0,57,5982,False,True,0.0
1680-VDCWW,3,1,193,16,1,12,19.8,202.25,0,77,5279,False,False,0.0
3638-WEABW,6,2,214,16,1,58,59.9,3505.1,0,53,6407,False,False,0.0
6322-HRPFA,1,2,117,16,1,49,59.6,2970.3,0,79,4986,False,True,0.0
6865-JZNKO,2,1,113,16,1,30,55.3,1530.6,0,65,2725,False,True,0.0
5248-YGIJN,6,2,257,16,1,72,90.25,6369.45,0,21,5974,False,False,0.0
3841-NFECX,6,2,318,16,1,71,96.35,6766.95,0,38,5309,False,False,0.0
4929-XIHVW,2,2,140,16,1,2,95.5,181.65,0,69,4449,False,True,0.0
6827-IEAUQ,3,4,125,16,1,27,66.15,1874.45,0,66,3213,False,False,0.0
7310-EGVHZ,1,1,193,16,1,1,20.2,20.2,0,77,5526,False,True,0.0
3413-BMNZE,1,1,65,16,1,1,45.25,45.25,0,40,3144,False,True,0.0
6234-RAAPL,5,1,312,16,1,72,99.9,7251.7,0,79,5915,False,False,0.0
6572-ADKRS,2,2,137,16,1,46,74.8,3548.3,0,41,3395,False,True,0.0
8865-TNMNX,3,4,81,16,1,10,49.55,475.7,0,22,2392,False,False,0.0
9489-DEDVP,6,2,244,16,1,70,69.2,4872.35,0,25,4715,False,False,0.0
9867-JCZSP,3,4,193,16,1,17,20.75,418.25,0,64,3646,False,False,0.0
4671-VJLCL,6,2,256,16,1,63,79.85,4861.45,0,70,4595,False,False,0.0
4080-IIARD,2,3,248,16,1,13,76.2,981.45,0,41,2569,False,True,0.0
3714-NTNFO,2,3,259,16,1,49,84.5,3906.7,0,71,6434,False,True,0.0
5948-UJZLF,1,4,81,16,1,2,49.25,97.0,0,57,3805,False,True,0.0
7639-LIAYI,6,2,233,16,1,52,79.75,4217.8,0,49,4142,False,False,0.0
2954-PIBKO,6,2,238,16,1,69,64.15,4254.1,0,62,5128,False,False,0.0
8012-SOUDQ,2,3,276,16,1,43,90.25,3838.75,0,52,2223,False,True,0.0
6575-SUVOI,2,2,232,16,1,25,69.5,1752.65,0,25,3154,False,True,0.0
4667-QONEA,4,2,126,16,1,60,74.85,4456.35,0,59,5153,False,False,0.0
8769-KKTPH,4,2,293,16,1,63,99.65,6311.2,0,79,4572,False,False,0.0
5067-XJQFU,4,3,289,16,1,66,108.45,7076.35,0,74,4582,False,False,0.0
3957-SQXML,5,2,322,16,1,34,24.95,894.3,0,62,5408,False,False,0.0
5954-BDFSG,6,2,273,16,1,72,107.5,7853.7,0,53,4708,False,False,0.0
0434-CSFON,2,3,269,16,1,47,100.5,4707.1,0,70,4488,False,True,0.0
1215-FIGMP,2,1,276,16,1,60,89.9,5450.7,0,35,6292,False,True,0.0
0526-SXDJP,5,1,57,16,1,72,42.1,2962.0,0,29,6091,False,False,0.0
0557-ASKVU,4,2,77,16,1,18,54.4,957.1,0,33,4948,False,False,0.0
5122-CYFXA,2,3,88,16,1,3,75.3,244.1,0,35,5387,False,True,0.0
8627-ZYGSZ,4,3,274,16,1,47,78.9,3650.35,0,61,3817,False,False,0.0
3410-YOQBQ,5,4,96,16,1,31,79.2,2497.2,0,78,4984,False,False,0.0
3170-NMYVV,5,1,193,16,1,50,20.15,930.9,0,20,5849,False,False,0.0
7410-OIEDU,2,4,169,16,1,10,79.85,887.35,0,38,5983,False,True,0.0
2273-QCKXA,1,4,69,16,1,1,49.05,49.05,0,30,3178,False,True,0.0
0731-EBJQB,4,3,193,16,1,52,20.4,1090.65,0,26,5482,False,False,0.0
1891-QRQSA,6,1,305,16,1,64,111.6,7099.0,0,69,4881,False,False,0.0
8028-PNXHQ,6,1,322,16,1,62,24.25,1424.6,0,33,4444,False,False,0.0
5630-AHZIL,2,1,102,16,1,3,64.5,177.4,0,54,5613,False,True,0.0
2673-CXQEU,3,3,317,16,1,56,110.5,6139.5,0,21,4463,False,False,0.0
6416-JNVRK,3,2,66,16,1,46,55.65,2688.85,0,56,2867,False,False,0.0
5590-ZSKRV,1,4,113,16,1,8,54.65,482.25,0,43,5614,False,True,0.0
0191-ZHSKZ,2,3,116,16,1,30,74.75,2111.3,0,55,3033,False,True,0.0
3887-PBQAO,4,2,322,16,1,45,25.9,1216.6,0,78,5741,False,False,0.0
8108-UXRQN,1,3,36,16,1,11,50.55,565.35,0,28,3443,False,True,0.0
9919-YLNNG,2,1,160,16,1,42,103.8,4327.5,0,37,4005,False,True,0.0
0318-ZOPWS,6,1,193,16,1,49,20.15,973.35,0,37,5422,False,False,0.0
4445-ZJNMU,2,2,277,16,1,9,99.3,918.75,0,69,3540,False,True,0.0
4808-YNLEU,4,1,99,16,1,35,62.15,2215.45,0,39,5255,False,False,0.0
1862-QRWPE,5,1,193,16,1,48,20.65,1057.0,0,25,4124,False,False,0.0
2796-NNUFI,6,4,193,16,1,46,19.95,927.1,0,80,5480,False,False,0.0
3016-KSVCP,1,4,3,16,1,29,33.75,1009.25,0,62,3664,False,True,0.0
4767-HZZHQ,1,1,153,16,1,30,82.05,2570.2,0,9,5036,False,True,0.0
2424-WVHPL,1,3,133,16,1,1,74.7,74.7,0,60,4182,False,True,0.0
7233-PAHHL,6,4,241,16,1,66,84.0,5714.25,0,24,5825,False,False,0.0
6067-NGCEU,2,2,317,16,1,65,111.05,7107.0,0,38,5261,False,True,0.0
9848-JQJTX,6,1,285,16,1,72,100.9,7459.05,0,54,5781,False,False,0.0
9803-FTJCG,4,2,246,16,1,71,66.85,4748.7,0,26,4117,False,False,0.0
3212-KXOCR,5,1,193,16,1,52,21.0,1107.2,0,66,4158,False,False,0.0
6380-ARCEH,1,4,193,16,1,1,20.2,20.2,0,77,2710,False,True,0.0
3679-XASPY,1,3,193,16,1,1,19.45,19.45,0,26,5612,False,True,0.0
7123-WQUHX,3,1,272,16,1,38,95.0,3605.6,0,63,4741,False,False,0.0
5386-THSLQ,3,1,27,16,1,66,45.55,3027.25,0,28,6238,False,False,0.0
6180-YBIQI,1,4,1,16,1,5,24.3,100.2,0,61,4015,False,True,0.0
6728-DKUCO,4,3,309,16,1,72,104.15,7303.05,0,21,4594,False,False,0.0
9750-BOOHV,3,4,33,16,1,32,30.15,927.65,0,60,3585,False,False,0.0
8597-CWYHH,3,4,261,16,1,43,94.35,3921.3,0,53,5845,False,False,0.0
2848-YXSMW,5,2,193,16,1,72,19.4,1363.25,0,23,5234,False,False,0.0
4549-ZDQYY,3,2,109,16,1,52,57.95,3042.25,0,28,6078,False,False,0.0
5712-AHQNN,2,3,155,16,1,43,91.65,3954.1,0,65,3826,False,True,0.0
5256-SKJGO,6,3,24,16,1,64,54.6,3423.5,0,35,4850,False,False,0.0
3071-VBYPO,1,3,179,16,1,3,89.85,248.4,0,22,4648,False,True,0.0
9560-BBZXK,5,1,33,16,1,36,31.05,1126.35,0,54,4871,False,False,0.0
8402-OOOHJ,5,4,193,16,1,41,20.65,835.15,0,59,5918,False,False,0.0
9445-ZUEQE,2,2,278,16,1,27,85.2,2151.6,0,28,3796,False,True,0.0
1091-SOZGA,4,2,269,16,1,56,99.8,5515.45,0,43,4606,False,False,0.0
2928-HLDBA,1,4,193,16,1,6,20.7,112.75,0,47,5346,False,True,0.0
6497-TILVL,1,4,97,16,1,7,50.7,350.35,0,59,3097,False,True,0.0
7219-TLZHO,1,4,193,16,1,4,20.85,62.9,0,76,3172,False,True,0.0
4622-YNKIJ,6,3,167,16,1,33,88.95,3027.65,0,32,5087,False,False,0.0
6734-PSBAW,6,1,322,16,1,72,23.55,1723.95,0,59,5901,False,False,0.0
3930-ZGWVE,1,4,193,16,1,1,19.75,19.75,0,68,2484,False,True,0.0
2639-UGMAZ,4,3,52,16,1,71,56.45,3985.35,0,68,5372,False,False,0.0
2876-GZYZC,2,3,259,16,1,13,85.95,1215.65,0,58,5886,False,True,0.0
8587-XYZSF,5,1,69,16,1,67,50.55,3260.1,0,63,6064,False,False,0.0
7799-LGRDP,6,2,322,16,1,43,25.7,1188.2,0,79,2017,False,False,0.0
7850-VWJUU,2,1,161,16,1,23,75.0,1778.5,0,29,2221,False,True,0.0
3774-VBNXY,5,4,193,16,1,64,20.2,1277.75,0,51,4557,False,False,0.0
6217-KDYWC,6,4,193,16,1,57,19.6,1170.55,0,40,4393,False,False,0.0
3146-MSEGF,6,2,257,16,1,72,88.05,6425.65,0,8,6102,False,False,0.0
1095-WGNGG,6,1,277,16,1,61,101.05,5971.25,0,60,6311,False,False,0.0
2636-SJDOU,4,2,306,16,1,64,84.3,5289.05,0,53,5044,False,False,0.0
1131-QQZEB,5,1,322,16,1,71,23.95,1756.2,0,52,4329,False,False,0.0
5716-EZXZN,6,2,312,16,1,65,99.05,6416.7,0,59,5878,False,False,0.0
6837-BJYDQ,3,4,193,16,1,3,19.6,61.35,0,33,2543,False,False,0.0
6440-DKQGE,3,2,91,16,1,30,64.5,1929.95,0,30,4320,False,False,0.0
3466-BYAVD,2,4,94,16,1,15,69.5,1071.4,0,35,3128,False,True,0.0
3780-YVMFA,2,3,72,16,1,8,68.55,564.35,0,58,3123,False,True,0.0
1679-JRFBR,4,2,317,16,1,70,108.15,7930.55,0,41,5192,False,False,0.0
9073-ZZIAY,5,3,128,16,1,62,86.1,5215.25,0,62,5769,False,False,0.0
3077-RSNTJ,1,4,193,16,1,6,19.7,113.5,0,43,4293,False,True,0.0
6551-GNYDG,2,1,130,16,1,14,80.9,1152.8,0,46,2563,False,True,0.0
9167-APMXZ,2,1,260,16,1,22,84.15,1821.95,0,32,3549,False,True,0.0
2749-CTKAJ,3,4,193,16,1,22,20.15,419.9,0,72,2173,False,False,0.0
6371-NZYEG,5,4,107,16,1,16,64.25,1024.0,0,77,5511,False,False,0.0
7554-NEWDD,5,1,322,16,1,10,25.7,251.6,0,8,3611,False,False,0.0
8992-VONJD,2,3,113,16,1,13,56.0,764.55,0,22,5156,False,True,0.0
4482-EWFMI,2,3,129,16,1,2,69.7,135.2,0,43,3056,False,True,0.0
4648-YPBTM,6,1,223,16,1,53,73.9,3958.25,0,55,5644,False,False,0.0
2907-ILJBN,3,4,193,16,1,11,20.6,233.9,0,29,4047,False,False,0.0
6345-FZOQH,5,4,193,16,1,69,19.9,1363.45,0,54,5570,False,False,0.0
5997-OPVFA,6,1,257,16,1,72,89.05,6254.45,0,54,6212,False,False,0.0
1159-WFSGR,1,3,193,16,1,16,20.4,321.4,0,62,3990,False,True,0.0
7654-YWJUF,4,1,173,16,1,43,84.25,3539.25,0,51,4382,False,False,0.0
6727-IOTLZ,5,4,96,16,1,14,81.95,1181.75,0,52,2564,False,False,0.0
5918-VUKWP,3,1,193,16,1,32,20.55,654.55,0,77,5358,False,False,0.0
1744-JHKYS,1,3,322,16,1,34,24.7,780.2,0,72,3421,False,True,0.0
5947-SGKCL,2,1,285,16,1,15,105.35,1559.25,0,66,2721,False,True,0.0
3712-PKXZA,4,2,193,16,1,61,20.55,1252.0,0,42,5110,False,False,0.0
6582-OIVSP,1,4,65,16,1,1,45.3,45.3,0,48,3575,False,True,0.0
5524-KHNJP,3,2,108,16,1,33,74.75,2453.3,0,26,5344,False,False,0.0
4827-USJHP,2,4,81,16,1,20,51.8,1023.85,0,24,2764,False,True,0.0
8167-GJLRN,1,3,5,16,1,3,30.4,82.15,0,55,3108,False,True,0.0
0956-SYCWG,3,3,193,16,1,13,19.65,244.8,0,49,2024,False,False,0.0
8017-UVSZU,1,2,210,16,1,40,56.6,2379.1,0,72,3359,False,True,0.0
7100-FQPRV,4,2,231,16,1,43,71.9,3173.35,0,23,4106,False,False,0.0
2984-RGEYA,5,1,193,16,1,69,19.75,1375.4,0,72,5325,False,False,0.0
9680-NIAUV,5,2,317,16,1,72,109.7,8129.3,0,74,5945,False,False,0.0
2146-EGVDT,5,2,193,16,1,59,19.3,1192.7,0,28,4149,False,False,0.0
2604-IJPDU,2,3,183,16,1,20,96.55,1901.65,0,36,4382,False,True,0.0
9178-JHUVJ,6,1,322,16,1,24,24.1,587.4,0,26,4634,False,False,0.0
6168-YBYNP,2,3,289,16,1,59,111.35,6519.75,0,62,6047,False,True,0.0
7255-SSFBC,6,1,289,16,1,72,112.25,8041.65,0,55,4099,False,False,0.0
3645-DEYGF,1,4,193,16,1,1,20.75,20.75,0,25,3358,False,True,0.0
9323-HGFWY,4,2,168,16,1,27,101.9,2681.15,0,69,3795,False,False,0.0
8544-GOQSH,2,2,149,16,1,14,80.05,1112.3,0,53,4400,False,True,0.0
3363-DTIVD,5,3,301,16,1,71,105.55,7405.5,0,63,5010,False,False,0.0
7018-WBJNK,2,2,131,16,1,13,78.3,1033.95,0,26,5566,False,True,0.0
9142-KZXOP,1,2,129,16,1,44,68.85,2958.95,0,51,2053,False,True,0.0
7674-YTAFD,4,1,149,16,1,33,79.95,2684.85,0,52,3118,False,False,0.0
6348-SNFUS,6,2,62,16,1,72,55.45,4179.2,0,32,4556,False,False,0.0
1347-KTTTA,4,2,160,16,1,64,102.45,6654.1,0,58,6398,False,False,0.0
4195-NZGTA,1,3,1,16,1,1,25.25,25.25,0,73,5858,False,True,0.0
7157-SMCFK,5,4,193,16,1,61,19.75,1124.2,0,76,5411,False,False,0.0
4709-LKHYG,3,3,193,16,1,29,20.0,540.05,0,34,3800,False,False,0.0
2504-DSHIH,1,3,259,16,1,23,86.8,1975.85,0,38,5788,False,True,0.0
0699-NDKJM,2,1,60,16,1,57,58.75,3437.45,0,38,4115,False,True,0.0
9286-BHDQG,5,2,61,16,1,72,45.25,3139.8,0,22,5041,False,False,0.0
0230-WEQUW,6,1,63,16,1,66,56.6,3789.2,0,77,5500,False,False,0.0
2040-LDIWQ,6,1,225,16,1,65,84.2,5324.5,0,33,5256,False,False,0.0
6496-JDSSB,2,1,131,16,1,8,80.0,624.6,0,22,2165,False,True,0.0
4443-EMBNA,5,1,322,16,1,71,24.75,1836.9,0,51,4642,False,False,0.0
6469-MRVET,4,3,193,16,1,1,20.2,20.2,0,21,4160,False,False,0.0
5961-VUSRV,4,1,193,16,1,12,19.35,219.35,0,57,4451,False,False,0.0
6778-JFCMK,4,4,36,16,1,24,50.6,1288.75,0,32,4806,False,False,0.0
6341-JVQGF,4,4,112,16,1,31,81.15,2545.75,0,54,5643,False,False,0.0
4811-JBUVU,2,2,263,16,1,30,89.9,2723.15,0,33,3233,False,True,0.0
0945-TSONX,6,2,249,16,1,47,85.3,4107.25,0,30,5698,False,False,0.0
2651-ZCBXV,6,2,313,16,1,54,108.0,5760.65,0,73,6370,False,False,0.0
3316-UWXUY,2,2,182,16,1,50,93.5,4747.5,0,70,6367,False,True,0.0
7083-MIOPC,5,2,193,16,1,72,20.25,1566.9,0,49,5733,False,False,0.0
1984-GPTEH,1,3,322,16,1,29,25.15,702.0,0,46,5491,False,True,0.0
0621-JFHOL,6,4,5,16,1,10,29.6,299.05,0,62,3180,False,False,0.0
9903-LYSAB,2,3,258,16,1,18,73.15,1305.95,0,73,4283,False,True,0.0
9227-UAQFT,5,4,193,16,1,16,19.75,284.35,0,53,4272,False,False,0.0
7301-ABVAD,5,1,225,16,1,72,86.6,6350.5,0,37,4530,False,False,0.0
6614-FHDBO,5,1,289,16,1,72,109.2,7878.3,0,26,4551,False,False,0.0
7576-ASEJU,4,2,104,16,1,41,74.7,3187.65,0,56,5246,False,False,0.0
9058-HRZSV,1,3,186,16,1,65,94.4,6126.15,0,7,5348,False,True,0.0
4522-AKYLR,2,3,89,16,1,13,54.8,731.3,0,7,5557,False,True,0.0
0221-WMXNQ,1,3,161,16,1,4,75.35,273.4,0,40,4033,False,True,0.0
0303-UNCIP,3,4,203,16,1,41,65.0,2531.8,0,57,5043,False,False,0.0
0959-WHOKV,4,3,315,16,1,42,99.0,4298.45,0,46,2887,False,False,0.0
4075-JFPGR,4,3,187,16,1,51,93.5,4619.55,0,68,5561,False,False,0.0
3282-ZISZV,3,2,225,16,1,32,83.7,2633.3,0,71,3945,False,False,0.0
3675-YDUPJ,2,4,193,16,1,10,19.85,193.05,0,58,3768,False,True,0.0
4111-BNXIF,6,3,32,16,1,67,59.55,4103.9,0,56,4478,False,False,0.0
7017-VFHAY,5,2,321,16,1,61,115.1,7008.15,0,38,6090,False,False,0.0
6655-LHBYW,3,2,321,16,1,50,114.35,5791.1,0,33,5068,False,False,0.0
5046-NUHWD,2,3,42,16,1,29,45.0,1228.65,0,50,3094,False,True,0.0
7529-ZDFXI,2,3,275,16,1,57,89.85,4925.35,0,36,4429,False,True,0.0
7605-BDWDC,6,1,54,16,1,31,49.85,1520.1,0,67,2539,False,False,0.0
1950-KSVVJ,3,4,321,16,1,45,113.3,5032.25,0,61,4885,False,False,0.0
0123-CRBRT,5,4,257,16,1,61,88.1,5526.75,0,40,5152,False,False,0.0
6292-TOSSS,5,1,322,16,1,50,24.9,1195.25,0,68,4297,False,False,0.0
3197-ARFOY,2,4,184,16,1,19,105.0,2007.25,0,59,3524,False,True,0.0
7014-ZZXAW,6,2,322,16,1,71,24.25,1732.95,0,59,5409,False,False,0.0
7633-MVPUY,6,3,117,16,1,57,59.75,3450.15,0,68,4012,False,False,0.0
4716-HHKQH,1,3,281,16,1,20,107.05,2172.05,0,65,5328,False,True,0.0
3179-GBRWV,2,1,114,16,1,21,64.95,1339.8,0,23,4604,False,True,0.0
8645-KWHJO,2,3,16,16,1,14,55.0,771.95,0,23,4900,False,True,0.0
4130-MZLCC,1,1,81,16,1,5,50.55,244.75,0,54,2739,False,True,0.0
0314-TKOSI,1,4,113,16,1,6,55.15,322.9,0,42,5377,False,True,0.0
8229-MYEJZ,1,3,81,16,1,10,51.2,498.25,0,47,5765,False,True,0.0
2080-SRCDE,1,4,322,16,1,1,25.4,25.4,0,38,4556,False,True,0.0
9577-WJVCQ,1,4,226,16,1,68,54.45,3687.75,0,24,5310,False,True,0.0
6202-DYYFX,4,2,258,16,1,22,76.0,1783.6,0,41,2031,False,False,0.0
3808-HFKDE,2,3,65,16,1,20,44.35,927.15,0,59,3460,False,True,0.0
3727-OWVYD,3,4,121,16,1,35,61.2,2021.2,0,70,2075,False,False,0.0
2294-SALNE,3,4,157,16,1,23,86.8,1940.8,0,54,3200,False,False,0.0
4847-TAJYI,2,3,132,16,1,6,89.35,567.8,0,75,2578,False,True,0.0
1563-IWQEX,1,4,193,16,1,12,19.7,220.35,0,71,5715,False,True,0.0
8203-XJZRC,1,4,193,16,1,1,20.25,20.25,0,57,5384,False,True,0.0
6556-DBKZF,5,3,137,16,1,71,76.05,5436.45,0,26,5841,False,False,0.0
6851-WEFYX,2,3,269,16,1,35,100.8,3437.5,0,38,3318,False,True,0.0
2985-JUUBZ,2,3,205,16,1,40,74.55,3015.75,0,64,3718,False,True,0.0
0895-LMRSF,4,1,68,16,1,23,64.9,1509.8,0,50,3314,False,False,0.0
8266-VBFQL,2,3,142,16,1,4,90.4,356.65,0,35,3314,False,True,0.0
8181-YHCMF,5,2,32,16,1,68,60.3,4109.0,0,24,4864,False,False,0.0
2240-HSJQD,2,4,274,16,1,38,81.85,3141.7,0,55,3571,False,True,0.0
1248-DYXUB,5,4,322,16,1,52,24.8,1229.1,0,76,5320,False,False,0.0
4115-BNPJY,5,4,80,16,1,29,75.55,2054.4,0,44,5625,False,False,0.0
3167-SNQPL,1,3,277,16,1,38,101.15,3741.85,0,78,4036,False,True,0.0
4091-TVOCN,4,2,237,16,1,48,78.75,3682.45,0,69,2257,False,False,0.0
1098-TDVUQ,2,1,193,16,1,1,19.25,19.25,0,66,4745,False,True,0.0
7277-OZCGZ,2,3,166,16,1,22,89.05,1886.25,0,75,5479,False,True,0.0
1557-EMYVT,5,2,321,16,1,43,115.05,4895.1,0,57,4115,False,False,0.0
2799-ARNLO,2,3,129,16,1,5,69.35,341.6,0,41,5437,False,True,0.0
5027-YOCXN,3,2,313,16,1,51,110.05,5686.4,0,56,5604,False,False,0.0
3973-SKMLN,6,2,193,16,1,71,19.9,1355.1,0,28,5308,False,False,0.0
6745-JEFZB,2,2,264,16,1,35,91.5,3236.35,0,78,3617,False,True,0.0
9880-TDQAC,6,3,32,16,1,72,60.0,4264.0,0,43,5471,False,False,0.0
8705-WZCYL,2,3,65,16,1,1,44.8,44.8,0,31,2269,False,True,0.0
7102-JJVTX,3,4,97,16,1,9,48.6,422.3,0,46,4562,False,False,0.0
8626-PTQGE,6,1,56,16,1,69,60.05,4176.7,0,22,5388,False,False,0.0
4983-CLMLV,2,2,281,16,1,52,102.7,5138.1,0,63,4044,False,True,0.0
5701-YVSVF,2,3,135,16,1,11,82.9,880.05,0,21,4413,False,True,0.0
5697-GOMBF,2,3,3,16,1,28,35.9,973.65,0,34,5444,False,True,0.0
2739-CACDQ,2,2,266,16,1,17,82.65,1470.05,0,26,3754,False,True,0.0
9385-EHGDO,6,4,193,16,1,35,19.85,739.35,0,46,4177,False,False,0.0
9498-FIMXL,4,4,193,16,1,8,19.2,161.95,0,40,5272,False,False,0.0
2379-GYFLQ,4,2,284,16,1,46,94.9,4422.95,0,50,5316,False,False,0.0
2088-IEBAU,6,3,257,16,1,68,88.15,6148.45,0,46,5531,False,False,0.0
7982-VCELR,2,2,148,16,1,36,94.8,3565.65,0,22,2807,False,True,0.0
6035-BXTTY,1,1,85,16,1,32,54.65,1830.1,0,56,4045,False,True,0.0
6885-PKOAM,5,2,257,16,1,71,85.75,6223.8,0,57,4487,False,False,0.0
7520-HQWJU,2,1,250,16,1,66,67.45,4508.65,0,26,4172,False,True,0.0
9639-BUJXT,3,4,193,16,1,63,20.5,1328.15,0,28,5997,False,False,0.0
5924-SNGKP,4,2,193,16,1,41,20.25,865.0,0,25,3972,False,False,0.0
0021-IKXGC,2,3,258,16,1,1,72.1,72.1,0,50,4432,False,True,0.0
8966-SNIZF,5,1,193,16,1,70,19.45,1303.5,0,57,5540,False,False,0.0
6243-OZGFH,2,3,4,16,1,23,44.95,996.85,0,65,3248,False,True,0.0
4654-DLAMQ,3,1,186,16,1,64,97.0,6430.9,0,68,4053,False,False,0.0
0513-RBGPE,6,2,238,16,1,37,62.8,2278.75,0,66,5229,False,False,0.0
5160-UXJED,3,4,65,16,1,17,44.6,681.4,0,67,2130,False,False,0.0
4115-NZRKS,2,3,132,16,1,7,89.15,574.35,0,25,2415,False,True,0.0
3351-NGXYI,2,3,226,16,1,16,54.1,889.0,0,38,2276,False,True,0.0
8984-EYLLL,6,3,281,16,1,64,105.25,6823.4,0,72,5682,False,False,0.0
9833-TGFHX,3,3,293,16,1,42,97.1,4016.75,0,71,2170,False,False,0.0
9294-TDIPC,1,4,193,16,1,5,20.2,83.75,0,58,5169,False,True,0.0
5229-DTFYB,6,1,152,16,1,41,98.8,3959.15,0,69,5584,False,False,0.0
0104-PPXDV,3,2,73,16,1,58,50.3,2878.55,0,30,5232,False,False,0.0
5176-LMJXE,6,4,193,16,1,47,20.55,945.7,0,53,5404,False,False,0.0
3583-KRKMD,2,1,133,16,1,18,75.9,1373.05,0,62,4668,False,True,0.0
9069-LGEUL,2,1,98,16,1,23,59.95,1406.0,0,42,5379,False,True,0.0
7302-ZHMHP,1,4,193,16,1,1,19.15,19.15,0,51,2577,False,True,0.0
9571-EDEBV,4,2,269,16,1,71,98.65,6962.85,0,28,5101,False,False,0.0
3520-FJGCV,6,2,321,16,1,72,112.6,8126.65,0,70,6486,False,False,0.0
6563-VRERX,3,4,193,16,1,33,20.6,690.25,0,52,5212,False,False,0.0
6122-EFVKN,5,4,37,16,1,24,35.75,830.8,0,64,5531,False,False,0.0
2805-EDJPQ,4,2,287,16,1,56,99.75,5608.4,0,68,5926,False,False,0.0
6862-CQUMB,2,2,148,16,1,37,96.1,3646.8,0,75,2640,False,True,0.0
7156-MXBJE,3,2,225,16,1,43,85.1,3662.25,0,5,2319,False,False,0.0
6158-HDPXZ,1,4,1,16,1,1,25.35,25.35,0,51,4193,False,True,0.0
2863-IMQDR,5,3,257,16,1,61,89.65,5308.7,0,48,6149,False,False,0.0
5686-CMAWK,3,3,270,16,1,17,86.75,1410.25,0,29,5863,False,False,0.0
5651-CRHKQ,4,1,157,16,1,41,86.2,3339.05,0,62,5325,False,False,0.0
8204-YJCLA,6,1,64,16,1,72,64.8,4732.35,0,68,4886,False,False,0.0
6583-SZVGP,6,1,285,16,1,48,108.1,5067.45,0,76,5994,False,False,0.0
1708-PBBOA,4,3,62,16,1,42,54.75,2348.45,0,62,3179,False,False,0.0
8782-LKFPK,2,4,267,16,1,44,90.4,4063.0,0,63,4751,False,True,0.0
5522-JBWMO,1,3,65,16,1,1,44.0,44.0,0,29,4020,False,True,0.0
3597-MVHJT,2,1,261,16,1,27,95.6,2595.25,0,21,2026,False,True,0.0
9774-NRNAU,2,1,225,16,1,27,84.8,2309.55,0,75,5352,False,True,0.0
0224-RLWWD,2,3,65,16,1,2,44.3,89.3,0,44,3805,False,True,0.0
9967-ATRFS,1,4,193,16,1,19,19.9,367.55,0,21,3245,False,True,0.0
3951-NJCVI,2,3,261,16,1,42,95.05,3944.5,0,34,2677,False,True,0.0
2977-CEBSX,6,2,257,16,1,66,90.05,5965.95,0,74,5813,False,False,0.0
0177-PXBAT,2,1,305,16,1,33,109.9,3694.7,0,59,5655,False,True,0.0
2519-ERQOJ,2,3,16,16,1,33,54.6,1803.7,0,30,5322,False,True,0.0
5876-QMYLD,3,4,193,16,1,23,20.05,415.1,0,9,3742,False,False,0.0
2277-AXSDC,3,1,193,16,1,32,19.75,624.15,0,46,4691,False,False,0.0
9442-JTWDL,3,2,193,16,1,11,20.05,237.7,0,48,5355,False,False,0.0
3067-SVMTC,3,1,101,16,1,68,55.9,3848.8,0,77,5160,False,False,0.0
5495-GPSRW,6,4,193,16,1,20,19.7,419.4,0,56,2120,False,False,0.0
7606-BPHHN,6,2,193,16,1,72,19.8,1468.75,0,9,5368,False,False,0.0
4742-DRORA,4,1,300,16,1,60,95.4,5812.0,0,46,4149,False,False,0.0
0111-KLBQG,2,4,148,16,1,32,93.95,2861.45,0,62,2844,False,True,0.0
4163-NCJAK,4,1,322,16,1,46,24.45,1066.15,0,76,2438,False,False,0.0
5233-AOZUF,2,3,258,16,1,29,74.95,2149.05,0,80,3483,False,True,0.0
5973-EJGDP,2,3,286,16,1,51,87.35,4473.0,0,28,4899,False,True,0.0
1996-DBMUS,2,1,129,16,1,48,70.65,3545.05,0,71,5523,False,True,0.0
7916-VCCPB,1,1,145,16,1,16,73.25,1195.75,0,22,3624,False,True,0.0
4686-GEFRM,6,1,287,16,1,70,98.7,6858.9,0,57,5582,False,False,0.0
5249-QYHEX,6,4,322,16,1,40,24.8,1024.7,0,72,3021,False,False,0.0
2233-FAGXV,2,4,322,16,1,5,24.3,132.25,0,20,3181,False,True,0.0
5605-IYGFG,2,1,129,16,1,7,69.85,515.45,0,51,5501,False,True,0.0
7663-ZTEGJ,3,2,287,16,1,29,100.55,2830.45,0,77,3055,False,False,0.0
3935-TBRZZ,3,4,322,16,1,44,25.7,1110.5,0,80,3037,False,False,0.0
8111-BKVDS,1,1,57,16,1,10,40.7,449.3,0,26,2164,False,True,0.0
2055-SIFSS,1,1,194,16,1,55,51.65,2838.55,0,24,4763,False,True,0.0
2806-MLNTI,4,1,285,16,1,52,105.1,5376.4,0,47,4621,False,False,0.0
8734-DKSTZ,1,3,259,16,1,10,85.95,858.6,0,20,4922,False,True,0.0
4360-PNRQB,2,1,258,16,1,18,75.6,1395.05,0,78,4030,False,True,0.0
6152-ONASV,3,1,230,16,1,68,58.25,3975.7,0,74,4620,False,False,0.0
7781-HVGMK,6,2,64,16,1,72,65.2,4784.45,0,27,5092,False,False,0.0
2181-UAESM,1,3,105,16,1,2,53.45,119.5,0,25,3477,False,True,0.0
6048-NJXHX,6,3,193,16,1,41,19.75,899.45,0,53,2011,False,False,0.0
2320-SLKMB,2,2,15,16,1,26,44.45,1183.8,0,26,3080,False,True,0.0
4980-URKXC,3,1,193,16,1,36,20.85,720.05,0,78,5744,False,False,0.0
4376-KFVRS,6,2,321,16,1,72,114.05,8468.2,0,39,4842,False,False,0.0
5886-VLQVU,2,1,263,16,1,35,89.85,3161.2,0,78,4945,False,True,0.0
3577-AMVUX,1,4,77,16,1,1,55.05,55.05,0,32,2962,False,True,0.0
0771-WLCLA,2,3,305,16,1,16,112.95,1882.55,0,70,2683,False,True,0.0
5628-RKIFK,1,2,293,16,1,49,101.55,5070.4,0,22,5348,False,True,0.0
0206-TBWLC,4,4,321,16,1,54,114.65,6049.5,0,67,4488,False,False,0.0
2937-FTHUR,1,3,227,16,1,18,64.8,1166.7,0,37,2466,False,True,0.0
1910-FMXJM,1,3,130,16,1,36,80.4,2937.65,0,35,5544,False,True,0.0
0732-OCQOC,6,1,322,16,1,52,25.05,1270.25,0,42,5674,False,False,0.0
5168-MSWXT,2,3,140,16,1,8,94.75,759.55,0,44,5505,False,True,0.0
1090-ESELR,5,1,184,16,1,72,105.5,7611.55,0,25,5534,False,False,0.0
8592-PLTMQ,3,4,322,16,1,64,24.7,1642.75,0,32,5655,False,False,0.0
5760-WRAHC,2,4,110,16,1,22,69.75,1545.4,0,32,3509,False,True,0.0
8847-GEOOQ,2,1,32,16,1,60,60.2,3582.4,0,76,5359,False,True,0.0
4785-FCIFB,5,4,322,16,1,61,24.4,1417.9,0,23,4900,False,False,0.0
8313-NDOIA,2,3,285,16,1,24,104.15,2494.65,0,61,5813,False,True,0.0
5149-CUZUJ,3,1,159,16,1,28,92.9,2768.35,0,51,2037,False,False,0.0
0942-KOWSM,5,1,96,16,1,30,80.8,2369.3,0,46,4274,False,False,0.0
4237-CLSMM,1,4,193,16,1,2,20.0,38.0,0,77,4823,False,True,0.0
1452-VOQCH,2,3,258,16,1,1,75.1,75.1,0,28,4120,False,True,0.0
4719-UMSIY,1,4,193,16,1,6,19.65,100.9,0,34,2231,False,True,0.0
6614-VBEGU,2,1,84,16,1,24,69.45,1614.05,0,35,4208,False,True,0.0
1480-BKXGA,6,1,321,16,1,72,116.05,8404.9,0,64,4404,False,False,0.0
2996-XAUVF,6,4,6,16,1,70,40.05,2799.75,0,57,5055,False,False,0.0
9076-AXYIK,5,3,273,16,1,64,102.1,6538.45,0,28,6270,False,False,0.0
5968-XQIVE,4,3,276,16,1,72,89.7,6588.95,0,76,6016,False,False,0.0
8896-RAZCR,5,4,193,16,1,44,19.9,868.1,0,63,2809,False,False,0.0
4933-IKULF,3,4,193,16,1,17,20.65,330.6,0,40,4086,False,False,0.0
1304-BCCFO,2,4,76,16,1,9,70.05,564.4,0,69,4900,False,True,0.0
4104-PVRPS,1,4,101,16,1,24,53.6,1315.35,0,47,2977,False,True,0.0
3780-DDGSE,2,3,88,16,1,35,76.05,2747.2,0,38,5479,False,True,0.0
4431-EDMIQ,2,3,127,16,1,7,75.7,554.05,0,37,2950,False,True,0.0
0486-LGCCH,5,4,193,16,1,11,19.65,225.75,0,33,3372,False,False,0.0
4612-SSVHJ,2,3,130,16,1,20,81.45,1671.6,0,27,2416,False,True,0.0
5168-MQQCA,4,1,289,16,1,72,108.5,8003.8,0,56,6288,False,False,0.0
7971-HLVXI,6,2,259,16,1,72,84.5,6130.85,0,50,6202,False,False,0.0
9094-AZPHK,2,3,277,16,1,15,100.15,1415.0,0,65,2565,False,True,0.0
3649-JPUGY,6,1,225,16,1,72,88.6,6201.95,0,52,5842,False,False,0.0
4472-LVYGI,6,1,47,16,1,0,52.55,0.0,0,36,2578,False,False,0.0
3552-CTCYF,6,1,285,16,1,63,104.8,6597.25,0,20,4046,False,False,0.0
6778-YSNIH,2,3,83,16,1,2,59.0,114.15,0,33,5810,False,True,0.0
5756-OZRIO,3,1,211,16,1,61,64.05,3902.6,0,29,4001,False,False,0.0
6579-JPICP,1,4,193,16,1,1,20.4,20.4,0,46,2968,False,True,0.0
4134-BSXLX,1,4,117,16,1,28,60.9,1785.65,0,76,3851,False,True,0.0
0505-SPOOW,5,1,193,16,1,70,19.8,1397.65,0,30,4500,False,False,0.0
4374-YMUSQ,3,2,321,16,1,34,116.25,3899.05,0,22,4022,False,False,0.0
4513-CXYIX,6,2,290,16,1,71,80.7,5676.0,0,54,4583,False,False,0.0
3957-HHLMR,3,1,227,16,1,70,65.2,4543.15,0,20,6316,False,False,0.0
7803-XOCCZ,2,1,173,16,1,52,84.05,4326.8,0,48,6099,False,True,0.0
5736-YEJAX,6,2,256,16,1,69,79.45,5502.55,0,28,5189,False,False,0.0
8981-FJGLA,2,4,266,16,1,11,78.0,851.8,0,23,4886,False,True,0.0
1135-LMECX,1,4,193,16,1,1,19.85,19.85,0,51,4905,False,True,0.0
4332-MUOEZ,3,2,174,16,1,20,94.3,1818.3,0,32,2574,False,False,0.0
8535-SFUTN,2,3,301,16,1,61,106.45,6300.15,0,65,4842,False,True,0.0
8677-HDZEE,2,1,281,16,1,56,105.45,5916.95,0,55,4212,False,True,0.0
2475-MROZF,2,2,318,16,1,30,95.0,2852.4,0,64,3597,False,True,0.0
3482-ABPKK,3,4,101,16,1,28,54.3,1546.3,0,30,5271,False,False,0.0
6705-LXORM,1,3,129,16,1,5,70.05,302.6,0,24,2064,False,True,0.0
7531-GQHME,1,2,193,16,1,12,20.05,265.45,0,56,4996,False,True,0.0
5174-ITUMV,4,3,285,16,1,67,105.4,6989.45,0,45,5666,False,False,0.0
4109-CYRBD,2,3,194,16,1,29,51.6,1442.0,0,39,5495,False,True,0.0
0913-XWSCN,1,1,259,16,1,55,85.5,4713.4,0,20,6411,False,True,0.0
0750-EBAIU,3,3,171,16,1,52,91.25,4738.3,0,29,4770,False,False,0.0
8606-CIQUL,6,2,321,16,1,72,115.75,8399.15,0,60,5168,False,False,0.0
3571-DPYUH,4,2,280,16,1,58,94.7,5430.35,0,49,5653,False,False,0.0
7601-GNDYK,5,4,193,16,1,35,19.6,686.95,0,20,3764,False,False,0.0
0356-OBMAC,6,1,288,16,1,56,99.9,5706.3,0,45,5840,False,False,0.0
8067-NIOYM,6,2,193,16,1,24,21.1,490.65,0,46,4368,False,False,0.0
1403-GYAFU,5,2,193,16,1,70,20.05,1360.25,0,64,4485,False,False,0.0
4234-XTNEA,2,3,131,16,1,2,79.95,174.45,0,44,5213,False,True,0.0
1297-VQDRP,4,2,273,16,1,68,107.15,7379.8,0,66,4324,False,False,0.0
5348-CAGXB,2,3,268,16,1,12,89.55,1021.75,0,79,2325,False,True,0.0
0621-HJWXJ,2,1,274,16,1,63,81.55,5029.05,0,41,4980,False,True,0.0
5844-QVTAT,4,4,121,16,1,33,58.45,1955.4,0,21,4276,False,False,0.0
8905-IAZPF,4,2,148,16,1,69,95.65,6744.2,0,45,5251,False,False,0.0
5394-MEITZ,6,1,96,16,1,60,80.6,4946.7,0,52,5667,False,False,0.0
6859-QNXIQ,6,1,321,16,1,72,113.1,8248.5,0,23,5308,False,False,0.0
2782-LFZVW,2,4,195,16,1,11,58.95,601.6,0,21,3880,False,True,0.0
2866-IKBTM,1,4,193,16,1,1,19.55,19.55,0,80,3968,False,True,0.0
7129-AZJDE,4,1,130,16,1,34,78.95,2647.2,0,43,2074,False,False,0.0
2560-PPCHE,4,1,281,16,1,65,105.05,6744.25,0,73,5742,False,False,0.0
4676-MQUEA,4,1,316,16,1,50,101.9,5265.5,0,25,4184,False,False,0.0
8138-EALND,1,4,193,16,1,15,19.75,311.6,0,29,4123,False,True,0.0
3580-HYCSP,6,1,317,16,1,72,110.3,7966.9,0,73,5780,False,False,0.0
1352-HNSAW,6,1,321,16,1,72,115.6,8220.4,0,65,5633,False,False,0.0
2075-PUEPR,5,1,193,16,1,55,19.35,1153.25,0,49,5248,False,False,0.0
1982-FEBTD,6,2,322,16,1,23,25.6,514.75,0,78,5939,False,False,0.0
5791-KAJFD,4,1,235,16,1,56,68.75,3808.0,0,64,6198,False,False,0.0
2654-VBVPB,1,1,193,16,1,1,19.9,19.9,0,49,2010,False,True,0.0
1154-HYWWO,3,4,119,16,1,38,70.6,2708.2,0,67,4993,False,False,0.0
2501-XWWTZ,1,3,129,16,1,11,70.2,760.05,0,34,2535,False,True,0.0
3716-UVSPD,2,3,69,16,1,1,49.3,49.3,0,45,4209,False,True,0.0
6815-ABQFQ,4,3,281,16,1,56,107.25,6033.3,0,70,5800,False,False,0.0
7343-EOBEU,2,4,322,16,1,3,23.6,89.05,0,27,5587,False,True,0.0
3701-SFMUH,1,2,100,16,1,7,69.7,516.15,0,50,4326,False,True,0.0
6103-LIANB,6,2,269,16,1,59,99.5,5861.75,0,35,4583,False,False,0.0
7319-VENRZ,1,1,79,16,1,7,64.3,445.95,0,40,4010,False,True,0.0
5846-NEQVZ,6,2,110,16,1,71,70.85,4973.4,0,25,5328,False,False,0.0
6967-QIQRV,3,3,168,16,1,15,101.9,1667.25,0,28,3707,False,False,0.0
5781-RFZRP,5,2,248,16,1,71,73.5,5357.75,0,31,5431,False,False,0.0
0308-IVGOK,4,2,29,16,1,11,40.4,422.6,0,62,2133,False,False,0.0
7293-LSCDV,6,2,193,16,1,60,19.25,1103.25,0,52,6134,False,False,0.0
7025-WCBNE,5,1,214,16,1,47,59.6,2754.0,0,33,3155,False,False,0.0
5756-JYOJT,3,2,78,16,1,11,64.9,697.25,0,49,3206,False,False,0.0
6030-REHUX,2,3,289,16,1,28,110.85,3204.4,0,58,3906,False,True,0.0
9548-LIGTA,6,4,120,16,1,61,81.05,4747.65,0,20,4072,False,False,0.0
5150-LJNSR,3,1,300,16,1,31,98.05,3082.1,0,80,4524,False,False,0.0
8270-RKSAP,2,3,129,16,1,9,70.5,597.9,0,37,3198,False,True,0.0
6522-YRBXD,2,3,307,16,1,35,94.55,3365.4,0,69,2631,False,True,0.0
2640-LYMOV,2,4,193,16,1,2,19.65,38.8,0,65,3007,False,True,0.0
1423-BMPBQ,2,4,193,16,1,1,19.0,19.0,0,44,2400,False,True,0.0
2393-DIVAI,2,4,193,16,1,3,20.0,61.7,0,21,5575,False,True,0.0
4568-KNYWR,6,2,115,16,1,52,63.25,3342.45,0,43,6471,False,False,0.0
8752-IMQOS,3,4,193,16,1,5,20.1,85.1,0,42,2894,False,False,0.0
0742-LAFQK,6,3,315,16,1,72,99.15,7422.1,0,46,5152,False,False,0.0
0795-LAFGP,5,3,257,16,1,71,90.4,6668.05,0,40,5633,False,False,0.0
0619-OLYUR,6,2,305,16,1,72,111.9,8071.05,0,80,6437,False,False,0.0
5512-IDZEI,3,3,322,16,1,46,24.9,1174.8,0,41,2026,False,False,0.0
0459-SPZHJ,5,2,253,16,1,63,83.5,5435.0,0,75,4652,False,False,0.0
0215-BQKGS,2,2,185,16,1,30,84.3,2438.6,0,66,5393,False,True,0.0
9244-ZVAPM,1,4,65,16,1,1,45.6,45.6,0,50,2352,False,True,0.0
8208-EUMTE,5,4,63,16,1,16,54.85,916.15,0,40,2136,False,False,0.0
5172-MIGPM,1,4,199,16,1,4,65.55,237.2,0,46,5707,False,True,0.0
1710-RCXUS,4,2,275,16,1,51,90.35,4614.55,0,26,4965,False,False,0.0
0374-FIUCA,6,2,193,16,1,65,20.4,1414.45,0,80,5368,False,False,0.0
5839-SUYVZ,2,2,133,16,1,16,74.55,1170.5,0,70,2893,False,True,0.0
5173-ZXXXL,3,4,193,16,1,2,19.95,47.7,0,61,3488,False,False,0.0
1096-ADRUX,4,1,258,16,1,66,74.25,4859.25,0,45,4395,False,False,0.0
2001-MCUUW,5,3,289,16,1,46,108.65,4903.2,0,25,4210,False,False,0.0
2731-GJRDG,4,1,305,16,1,32,109.55,3608.0,0,72,5076,False,False,0.0
4723-BEGSG,5,2,241,16,1,72,86.65,6094.25,0,61,5483,False,False,0.0
6516-NKQBO,5,2,112,16,1,38,81.0,3084.9,0,75,3067,False,False,0.0
8672-OAUPW,3,2,69,16,1,51,47.85,2356.75,0,56,4138,False,False,0.0
8207-DMRVL,5,1,321,16,1,72,114.55,8306.05,0,51,6158,False,False,0.0
2804-ETQDK,5,4,193,16,1,66,20.55,1357.1,0,74,4101,False,False,0.0
6689-VRRTK,4,2,317,16,1,44,109.8,4860.35,0,35,5720,False,False,0.0
7138-GIRSH,5,1,207,16,1,50,69.5,3418.2,0,76,4145,False,False,0.0
9396-ZSFLL,1,4,194,16,1,15,48.85,631.4,0,78,3762,False,True,0.0
6464-KEXXH,2,2,1,16,1,8,25.25,186.3,0,33,2372,False,True,0.0
7134-MJPDY,4,2,273,16,1,66,102.85,6976.75,0,40,5569,False,False,0.0
5240-CAOYT,2,1,310,16,1,57,87.55,4884.85,0,43,4882,False,True,0.0
4059-IIEBK,2,1,274,16,1,7,78.55,522.95,0,61,4025,False,True,0.0
4881-JVQOD,2,1,2,16,1,10,34.55,362.6,0,55,5248,False,True,0.0
0516-UXRMT,4,3,314,16,1,62,92.05,5755.8,0,71,5801,False,False,0.0
4851-BQDNX,4,3,139,16,1,40,85.05,3355.65,0,50,5904,False,False,0.0
5148-HKFIR,5,4,193,16,1,20,19.7,406.95,0,76,4404,False,False,0.0
3003-CMDUU,2,3,136,16,1,25,95.15,2395.7,0,52,3273,False,True,0.0
5016-IBERQ,1,3,282,16,1,23,84.25,1968.1,0,33,2781,False,True,0.0
6797-UCJHZ,3,2,285,16,1,66,104.6,6819.45,0,27,5722,False,False,0.0
2469-DTSGX,5,3,289,16,1,72,111.65,7943.45,0,75,5388,False,False,0.0
9931-KGHOA,1,1,226,16,1,46,55.0,2473.95,0,40,5928,False,True,0.0
1775-KWJKQ,5,2,257,16,1,72,89.85,6562.9,0,50,6046,False,False,0.0
7665-VIGUD,3,4,193,16,1,10,20.35,176.3,0,38,4745,False,False,0.0
9411-TPQQV,4,1,40,16,1,40,54.55,2236.2,0,74,3533,False,False,0.0
7954-MLBUN,5,1,144,16,1,31,99.45,3109.9,0,64,2021,False,False,0.0
2077-DDHJK,5,2,254,16,1,68,70.9,4911.35,0,50,4114,False,False,0.0
9574-BOSMD,5,1,322,16,1,68,25.4,1620.2,0,72,5668,False,False,0.0
4908-XAXAY,4,1,154,16,1,49,89.85,4287.2,0,30,5982,False,False,0.0
8404-VLQFB,2,3,322,16,1,15,25.25,394.85,0,59,4667,False,True,0.0
2391-IPLOP,4,3,208,16,1,50,69.65,3442.15,0,27,4706,False,False,0.0
3509-GWQGF,1,2,129,16,1,24,70.0,1732.6,0,77,5242,False,True,0.0
5845-BZZIB,5,4,193,16,1,35,20.1,655.3,0,65,4517,False,False,0.0
1140-UKVZG,1,4,322,16,1,17,24.8,475.25,0,66,5208,False,True,0.0
5183-SNMJQ,2,2,136,16,1,10,95.1,865.1,0,33,5787,False,True,0.0
8100-PNJMH,6,2,257,16,1,68,88.85,6132.7,0,42,5228,False,False,0.0
7838-LAZFO,3,1,124,16,1,45,78.8,3597.5,0,37,4192,False,False,0.0
2085-JVGAD,1,1,193,16,1,37,20.35,697.65,0,24,3078,False,True,0.0
8095-WANWK,1,4,65,16,1,10,45.25,428.7,0,38,5369,False,True,0.0
3030-ZKIWL,1,4,193,16,1,1,20.05,20.05,0,21,2798,False,True,0.0
9565-FLVCG,6,4,243,16,1,65,69.55,4459.15,0,74,5420,False,False,0.0
8755-OGKNA,5,1,193,16,1,57,19.5,1167.6,0,45,5864,False,False,0.0
2800-VEQXM,2,4,137,16,1,3,74.75,238.1,0,21,3319,False,True,0.0
5533-RJFTJ,2,1,9,16,1,49,30.2,1453.1,0,42,5214,False,True,0.0
0214-JHPFW,5,1,32,16,1,70,57.8,4039.3,0,42,5640,False,False,0.0
5642-MHDQT,4,1,193,16,1,53,19.85,1039.45,0,42,4836,False,False,0.0
3088-FVYWK,5,2,322,16,1,53,25.55,1336.1,0,46,5794,False,False,0.0
9092-GDZKO,2,2,322,16,1,22,24.85,493.4,0,51,3534,False,True,0.0
3729-OWRVL,6,3,305,16,1,65,110.35,7246.15,0,79,4295,False,False,0.0
2324-AALNO,3,1,322,16,1,48,24.55,1203.95,0,41,5517,False,False,0.0
5760-IFJOZ,1,4,285,16,1,3,107.95,313.6,0,77,3449,False,True,0.0
2826-UWHIS,1,1,274,16,1,45,81.4,3775.85,0,55,5602,False,True,0.0
7501-IWUNG,6,1,80,16,1,61,73.8,4616.05,0,58,6301,False,False,0.0
4957-TREIR,2,2,103,16,1,3,64.4,195.65,0,20,5645,False,True,0.0
7251-LJBQN,4,2,273,16,1,40,103.75,4188.4,0,20,3568,False,False,0.0
8040-MNRTF,1,4,129,16,1,1,71.1,71.1,0,64,3029,False,True,0.0
1536-HBSWP,2,3,69,16,1,1,49.9,49.9,0,56,4667,False,True,0.0
5313-FPXWG,4,1,322,16,1,51,24.6,1266.4,0,75,4886,False,False,0.0
0946-FKYTX,3,4,17,16,1,52,30.1,1623.4,0,51,6290,False,False,0.0
5076-YVXCM,1,1,259,16,1,51,83.4,4149.45,0,65,4191,False,True,0.0
8262-COGGB,2,4,193,16,1,1,20.45,20.45,0,48,5384,False,True,0.0
6663-JOCQO,4,1,247,16,1,31,75.25,2344.5,0,43,4258,False,False,0.0
9620-QJREV,3,2,193,16,1,47,20.55,1013.05,0,56,3313,False,False,0.0
2682-KEVRP,4,4,193,16,1,22,20.05,417.0,0,21,4327,False,False,0.0
2480-JZOSN,2,4,193,16,1,1,20.65,20.65,0,59,4517,False,True,0.0
0078-XZMHT,6,1,225,16,1,72,85.15,6316.2,0,76,6322,False,False,0.0
9978-HYCIN,4,1,147,16,1,47,84.95,4018.05,0,68,3384,False,False,0.0
8338-QIUNR,6,2,238,16,1,72,66.5,4811.6,0,49,4397,False,False,0.0
1525-LNLOJ,6,1,204,16,1,66,63.3,4189.7,0,60,4186,False,False,0.0
9450-TRJUU,1,3,260,16,1,35,83.15,2848.45,0,65,2332,False,True,0.0
1766-GKNMI,2,3,259,16,1,29,84.9,2516.2,0,69,4388,False,True,0.0
6942-LBFDP,2,4,193,16,1,2,20.55,33.6,0,25,5629,False,True,0.0
1456-TWCGB,1,4,81,16,1,4,49.25,208.45,0,37,3272,False,True,0.0
7596-ZYWBB,6,4,117,16,1,65,59.6,3739.8,0,75,4372,False,False,0.0
8329-UTMVM,4,1,281,16,1,27,104.65,2964.0,0,31,3104,False,False,0.0
3014-WJKSM,2,2,137,16,1,29,75.3,2263.4,0,40,4910,False,True,0.0
3347-YJZZE,1,2,221,16,1,29,80.1,2211.8,0,70,4558,False,True,0.0
7929-DMBCV,2,4,141,16,1,20,81.0,1683.7,0,22,4741,False,True,0.0
9661-JALZV,6,2,322,16,1,58,24.7,1519.0,0,54,5138,False,False,0.0
5433-KYGHE,2,4,294,16,1,14,86.0,1164.05,0,33,5494,False,True,0.0
4312-KFRXN,5,4,322,16,1,72,25.4,1710.9,0,30,5512,False,False,0.0
5575-TPIZQ,2,2,292,16,1,46,89.15,4245.55,0,43,5593,False,True,0.0
0114-IGABW,5,1,32,16,1,71,58.25,4145.9,0,76,5224,False,False,0.0
9944-AEXBM,2,1,259,16,1,32,85.65,2664.3,0,26,2383,False,True,0.0
1853-ARAAQ,2,2,12,16,1,26,50.35,1277.5,0,48,2510,False,True,0.0
6952-OMNWB,2,2,266,16,1,68,80.35,5589.3,0,28,5581,False,True,0.0
4697-LUPSU,3,4,193,16,1,2,20.2,34.75,0,44,3866,False,False,0.0
8434-VGEQQ,5,2,193,16,1,61,20.55,1305.95,0,36,4446,False,False,0.0
6549-YMFAW,2,4,193,16,1,9,21.25,204.55,0,69,2302,False,True,0.0
4950-HKQTE,5,4,322,16,1,22,26.25,605.9,0,64,5676,False,False,0.0
6786-OBWQR,2,3,131,16,1,5,80.85,356.1,0,69,5109,False,True,0.0
2753-JMMCV,6,2,223,16,1,65,74.2,4805.65,0,39,4774,False,False,0.0
6621-YOBKI,1,4,193,16,1,5,20.35,92.75,0,76,2303,False,True,0.0
1216-JWVUX,2,3,145,16,1,25,75.5,1901.05,0,33,5985,False,True,0.0
7564-GHCVB,5,1,290,16,1,72,79.05,5730.7,0,40,4689,False,False,0.0
1173-NOEYG,1,1,267,16,1,27,90.15,2423.4,0,67,5750,False,True,0.0
7595-EHCDL,1,2,12,16,1,32,50.6,1653.45,0,40,3087,False,True,0.0
6647-ZEDXT,3,2,289,16,1,30,110.45,3327.05,0,45,4983,False,False,0.0
2521-NPUZR,5,2,190,16,1,70,101.0,7085.5,0,48,5025,False,False,0.0
1307-TVUFB,2,1,274,16,1,42,79.35,3344.1,0,79,2399,False,True,0.0
7503-MIOGA,6,1,257,16,1,72,89.85,6697.35,0,56,5881,False,False,0.0
4381-MHQDC,6,4,238,16,1,47,65.0,2879.9,0,40,3286,False,False,0.0
6923-JHPMP,2,3,169,16,1,2,80.45,137.1,0,67,5602,False,True,0.0
4018-PPNDW,6,4,322,16,1,61,24.1,1551.6,0,21,5970,False,False,0.0
1635-FJFCC,2,2,65,16,1,5,44.05,202.15,0,74,5846,False,True,0.0
2499-AJYUA,6,2,289,16,1,72,110.8,7882.25,0,80,5933,False,False,0.0
6919-ELBGL,6,1,321,16,1,72,114.95,8196.4,0,61,6268,False,False,0.0
3966-HRMZA,1,4,137,16,1,3,75.05,202.9,0,56,3545,False,True,0.0
6425-JWTDV,5,4,193,16,1,48,19.25,855.1,0,46,2282,False,False,0.0
8405-IGQFX,4,2,143,16,1,63,90.05,5817.0,0,45,4039,False,False,0.0
8224-IVVPA,2,4,113,16,1,27,56.7,1652.95,0,79,4472,False,True,0.0
9477-LGWQI,6,2,124,16,1,70,80.15,5600.15,0,70,5715,False,False,0.0
1410-RSCMR,2,2,110,16,1,7,71.35,515.75,0,30,3459,False,True,0.0
3115-CZMZD,5,4,193,16,1,0,20.25,0.0,0,68,5504,False,False,0.0
0139-IVFJG,1,3,179,16,1,2,90.35,190.5,0,29,5361,False,True,0.0
5730-DBDSI,5,1,193,16,1,66,19.7,1253.8,0,36,4601,False,False,0.0
0030-FNXPP,1,4,193,16,1,3,19.85,57.2,0,59,5634,False,True,0.0
5684-FJVYR,6,1,310,16,1,72,90.35,6563.4,0,49,5794,False,False,0.0
4013-GUXND,1,4,193,16,1,1,20.8,20.8,0,38,3678,False,True,0.0
1266-NZYUI,5,1,238,16,1,72,66.85,4758.8,0,32,6264,False,False,0.0
7969-FFOWG,5,4,193,16,1,65,19.9,1292.6,0,34,6312,False,False,0.0
4718-DHSMV,2,4,3,16,1,11,35.8,363.15,0,44,2534,False,True,0.0
5175-WLYXL,2,4,274,16,1,22,78.85,1600.25,0,75,2444,False,True,0.0
7817-OMJNA,3,1,193,16,1,14,20.4,275.7,0,50,5068,False,False,0.0
8728-SKJLR,2,3,133,16,1,41,74.25,3089.1,0,78,3277,False,True,0.0
3137-NYQQI,3,4,114,16,1,17,64.8,1175.6,0,70,3546,False,False,0.0
7706-DZNKK,2,2,193,16,1,11,20.45,237.3,0,29,2642,False,True,0.0
8823-RLPWL,6,2,317,16,1,72,110.65,8065.65,0,22,4259,False,False,0.0
9505-SQFSW,1,4,18,16,1,3,40.3,92.5,0,65,5651,False,True,0.0
3758-CKOQL,4,2,319,16,1,59,107.0,6152.3,0,51,4620,False,False,0.0
5676-CFLYY,6,2,88,16,1,71,73.35,5154.5,0,68,5124,False,False,0.0
7521-AFHAB,1,4,65,16,1,5,44.8,220.45,0,64,2492,False,True,0.0
0285-INHLN,2,2,113,16,1,27,54.75,1510.3,0,41,3519,False,True,0.0
5125-CNDSP,4,1,53,16,1,63,40.6,2588.95,0,80,6406,False,False,0.0
4992-LTJNE,5,1,226,16,1,72,55.3,3983.6,0,64,6259,False,False,0.0
2202-OUTMO,2,1,230,16,1,34,60.85,2003.6,0,73,3012,False,True,0.0
0810-BDHAW,3,3,245,16,1,24,78.4,1832.4,0,77,2506,False,False,0.0
0229-LFJAF,5,1,254,16,1,72,69.65,4908.25,0,32,4262,False,False,0.0
7131-ZQZNK,5,2,48,16,1,60,59.85,3590.2,0,37,5790,False,False,0.0
3442-ZHHCC,4,2,251,16,1,68,76.9,5023.0,0,53,5355,False,False,0.0
5726-CVNYA,6,4,193,16,1,8,19.85,146.6,0,65,3260,False,False,0.0
9871-ELEYA,5,2,111,16,1,34,67.65,2339.3,0,40,4263,False,False,0.0
4257-GAESD,1,2,4,16,1,6,45.0,298.7,0,72,2270,False,True,0.0
5173-WXOQV,2,4,86,16,1,2,64.2,143.65,0,56,4369,False,True,0.0
2040-OBMLJ,3,2,262,16,1,31,81.7,2548.65,0,68,4850,False,False,0.0
6286-ZHAOK,2,1,322,16,1,20,25.55,507.4,0,35,3235,False,True,0.0
3807-XHCJH,1,3,193,16,1,1,20.0,20.0,0,33,2358,False,True,0.0
5671-RQRLP,6,2,258,16,1,70,75.65,5411.4,0,30,4181,False,False,0.0
8859-AXJZP,6,4,322,16,1,39,23.8,903.8,0,30,3970,False,False,0.0
3174-AKMAS,6,2,87,16,1,46,64.2,3009.5,0,41,4699,False,False,0.0
9926-PJHDQ,6,1,205,16,1,72,76.8,5468.45,0,34,5120,False,False,0.0
7382-DFJTU,1,2,77,16,1,18,55.2,1058.1,0,44,2110,False,True,0.0
2798-NYLMZ,6,2,305,16,1,71,108.55,7616.0,0,58,4111,False,False,0.0
8098-TDCBU,5,3,322,16,1,42,25.25,1108.2,0,53,3052,False,False,0.0
3551-GAEGL,3,1,33,16,1,34,30.4,938.65,0,33,4697,False,False,0.0
4785-NKHCX,1,1,193,16,1,5,20.05,94.15,0,31,2154,False,True,0.0
3196-NVXLZ,2,4,260,16,1,25,84.6,2088.05,0,23,4874,False,True,0.0
0036-IHMOT,4,1,160,16,1,55,103.7,5656.75,0,65,5892,False,False,0.0
4178-EGMON,6,2,310,16,1,70,88.0,5986.45,0,48,4867,False,False,0.0
4220-TINQT,2,3,273,16,1,61,106.35,6751.35,0,35,5632,False,True,0.0
5318-YKDPV,6,2,112,16,1,43,79.15,3566.6,0,63,3716,False,False,0.0
7975-TZMLR,4,3,285,16,1,47,103.1,4889.3,0,29,5029,False,False,0.0
0295-QVKPB,2,2,79,16,1,5,63.95,318.1,0,42,3099,False,True,0.0
4335-BSMJS,6,2,322,16,1,62,25.8,1563.95,0,34,6201,False,False,0.0
9146-JRIOX,1,4,322,16,1,14,25.55,372.45,0,65,2080,False,True,0.0
5337-IIWKZ,2,3,15,16,1,34,44.85,1442.6,0,49,5569,False,True,0.0
9650-VBUOG,5,2,322,16,1,38,25.05,963.95,0,73,3772,False,False,0.0
3487-EARAT,3,2,126,16,1,70,74.1,5222.3,0,43,6325,False,False,0.0
2672-TGEFF,2,3,276,16,1,37,88.8,3340.55,0,31,3746,False,True,0.0
4250-WAROZ,2,3,307,16,1,60,93.25,5774.55,0,70,4353,False,True,0.0
8184-WMOFI,3,2,110,16,1,62,71.4,4487.3,0,56,5327,False,False,0.0
6092-QZVPP,2,2,112,16,1,36,79.2,2854.95,0,53,4830,False,True,0.0
4625-LAMOB,5,2,193,16,1,44,20.4,905.55,0,55,2404,False,False,0.0
0392-BZIUW,6,2,301,16,1,72,105.0,7589.8,0,70,5678,False,False,0.0
6549-NNDYT,2,1,33,16,1,13,30.85,394.1,0,38,2444,False,True,0.0
0422-OHQHQ,3,4,193,16,1,15,20.55,295.95,0,22,3009,False,False,0.0
6916-HIJSE,6,1,128,16,1,65,84.85,5459.2,0,75,5434,False,False,0.0
2316-ESMLS,3,2,37,16,1,12,33.15,444.75,0,74,3882,False,False,0.0
9778-OGKQZ,6,2,257,16,1,72,92.0,6782.15,0,44,5883,False,False,0.0
7408-OFWXJ,5,2,257,16,1,72,89.8,6510.45,0,66,5762,False,False,0.0
6007-TCTST,6,1,321,16,1,72,115.8,8476.5,0,39,5841,False,False,0.0
2252-NKNSI,6,4,249,16,1,52,85.15,4461.85,0,69,4322,False,False,0.0
8713-IGZSO,1,4,322,16,1,2,24.85,62.0,0,57,5983,False,True,0.0
7905-TVXTA,2,3,103,16,1,5,64.35,352.65,0,35,4771,False,True,0.0
7695-PKLCZ,5,2,193,16,1,68,20.5,1424.9,0,68,4201,False,False,0.0
8374-UULRV,5,2,249,16,1,72,86.05,6309.65,0,33,5965,False,False,0.0
3224-DFQNQ,3,3,310,16,1,66,89.0,5898.6,0,53,4488,False,False,0.0
5275-PMFUT,6,2,64,16,1,72,64.8,4719.75,0,72,4036,False,False,0.0
4795-UXVCJ,3,2,193,16,1,26,19.8,457.3,0,77,5823,False,False,0.0
9777-IQHWP,5,1,299,16,1,64,93.4,5822.3,0,42,6249,False,False,0.0
0979-MOZQI,6,1,7,16,1,62,39.0,2337.45,0,54,4987,False,False,0.0
2732-ISEZX,2,4,193,16,1,5,20.5,104.3,0,53,5263,False,True,0.0
0323-XWWTN,6,4,322,16,1,3,26.4,121.25,0,77,4315,False,False,0.0
1937-OTUKY,6,1,304,16,1,72,98.2,7015.9,0,75,4332,False,False,0.0
1573-LGXBA,4,2,156,16,1,57,97.55,5598.0,0,51,5833,False,False,0.0
1764-VUUMT,5,2,193,16,1,66,19.95,1269.1,0,51,6382,False,False,0.0
4713-ZBURT,5,1,269,16,1,45,99.7,4634.35,0,38,3333,False,False,0.0
3050-GBUSH,2,2,3,16,1,3,34.8,113.95,0,67,2496,False,True,0.0
7876-AEHIG,3,1,48,16,1,51,60.15,3077.0,0,37,5404,False,False,0.0
7945-HLKEA,3,3,238,16,1,60,64.75,4039.5,0,25,6408,False,False,0.0
9342-VNIMQ,2,1,210,16,1,33,54.65,1665.2,0,58,5201,False,True,0.0
3523-BRGUW,3,2,193,16,1,26,19.3,504.2,0,64,2269,False,False,0.0
3199-NPKCN,4,3,305,16,1,67,111.25,7511.65,0,37,5649,False,False,0.0
5170-PTRKA,4,2,37,16,1,49,35.8,1782.0,0,69,4865,False,False,0.0
4661-NJEUX,2,4,193,16,1,1,20.05,20.05,0,52,5368,False,True,0.0
2123-AGEEN,2,3,139,16,1,7,84.35,609.65,0,38,2107,False,True,0.0
1258-YMZNM,4,1,317,16,1,27,110.5,2857.6,0,56,4997,False,False,0.0
0048-LUMLS,3,2,132,16,1,37,91.2,3247.55,0,55,5263,False,False,0.0
5898-IGSLP,1,3,302,16,1,31,89.3,2823.0,0,46,2132,False,True,0.0
6259-WJQLC,2,2,266,16,1,32,81.1,2619.25,0,50,2143,False,True,0.0
7997-EASSD,4,2,262,16,1,63,81.2,4965.1,0,64,6063,False,False,0.0
0730-KOAVE,2,2,307,16,1,30,94.3,2679.7,0,75,4219,False,True,0.0
8975-SKGRX,6,1,321,16,1,71,116.1,8310.55,0,42,5027,False,False,0.0
0678-RLHVP,5,3,285,16,1,53,105.55,5682.25,0,67,5731,False,False,0.0
2267-FPIMA,2,2,307,16,1,50,94.4,4914.9,0,21,5548,False,True,0.0
1051-GEJLJ,1,4,193,16,1,2,19.5,27.55,0,74,4836,False,True,0.0
5285-MVEHD,4,2,188,16,1,56,105.6,6068.65,0,24,4196,False,False,0.0
0379-DJQHR,5,2,124,16,1,67,81.35,5398.6,0,51,4219,False,False,0.0
5543-QDCRY,2,3,67,16,1,4,56.4,234.85,0,49,5344,False,True,0.0
0297-RBCSG,4,1,86,16,1,19,65.35,1231.85,0,39,2051,False,False,0.0
4694-PHWFW,1,4,193,16,1,8,19.95,170.9,0,40,5919,False,True,0.0
0835-JKADZ,6,3,289,16,1,71,111.25,7984.15,0,54,4361,False,False,0.0
7508-SMHXL,1,2,276,16,1,15,89.0,1288.3,0,77,4452,False,True,0.0
3865-YIOTT,4,1,301,16,1,72,106.1,7848.5,0,72,6283,False,False,0.0
5993-BQHEA,3,2,193,16,1,12,20.05,267.0,0,62,4018,False,False,0.0
6024-RUGGH,6,1,322,16,1,72,25.2,1798.9,0,62,6499,False,False,0.0
3956-CJUST,2,1,161,16,1,23,75.4,1643.55,0,49,2491,False,True,0.0
4079-WWQQQ,6,1,64,16,1,72,65.55,4807.45,0,24,4266,False,False,0.0
6103-BOCOU,2,3,266,16,1,26,80.7,2193.0,0,28,4501,False,True,0.0
5149-TGWDZ,4,4,160,16,1,21,104.55,2239.4,0,20,3471,False,False,0.0
7471-WNSUF,3,1,322,16,1,60,24.15,1505.9,0,24,4501,False,False,0.0
8942-DBMHZ,1,4,193,16,1,12,20.45,255.35,0,80,4883,False,True,0.0
4301-VVZKA,2,3,258,16,1,16,75.4,1189.4,0,51,5432,False,True,0.0
9199-PWQVC,4,2,245,16,1,63,79.7,4786.15,0,30,4010,False,False,0.0
4824-GUCBY,1,3,177,16,1,22,81.7,1820.9,0,34,5602,False,True,0.0
5393-HJZSM,1,1,126,16,1,32,76.3,2404.15,0,70,5324,False,True,0.0
0862-PRCBS,6,2,281,16,1,68,103.75,7039.45,0,45,4121,False,False,0.0
8812-ZRHFP,3,3,138,16,1,30,86.45,2538.05,0,24,2923,False,False,0.0
5146-CBVOE,1,1,145,16,1,16,75.1,1212.85,0,59,5176,False,True,0.0
0454-OKRCT,5,1,149,16,1,33,80.6,2651.1,0,80,5542,False,False,0.0
5787-KXGIY,5,2,193,16,1,72,19.3,1304.8,0,42,4035,False,False,0.0
4198-VFOEA,4,4,37,16,1,12,33.6,435.45,0,30,2990,False,False,0.0
6630-UJZMY,2,3,260,16,1,4,83.25,308.05,0,37,5251,False,True,0.0
5709-LVOEQ,5,4,124,16,1,0,80.85,0.0,0,45,2048,False,False,0.0
2692-AQCPF,4,2,289,16,1,65,108.05,7118.9,0,69,6047,False,False,0.0
0347-UBKUZ,1,4,193,16,1,15,19.9,320.45,0,29,3366,False,True,0.0
0835-DUUIQ,3,1,193,16,1,24,21.05,531.55,0,63,2050,False,False,0.0
0811-GSDTP,1,3,17,16,1,13,30.15,382.2,0,22,3540,False,True,0.0
7567-ECMCM,2,2,130,16,1,24,79.85,2001.0,0,43,5128,False,True,0.0
6115-ZTBFQ,5,1,64,16,1,72,65.5,4919.7,0,25,4119,False,False,0.0
6353-BRMMA,2,1,309,16,1,54,104.1,5645.8,0,57,5795,False,True,0.0
6231-WFGFH,2,4,193,16,1,4,20.5,77.6,0,34,5053,False,True,0.0
9904-EHEVJ,2,4,268,16,1,32,91.35,2896.55,0,35,2965,False,True,0.0
6169-PPETC,5,1,193,16,1,35,20.5,759.35,0,38,2009,False,False,0.0
8584-KMVXD,1,3,145,16,1,8,75.6,535.55,0,31,2934,False,True,0.0
8467-WYNSR,1,4,101,16,1,22,55.1,1253.15,0,62,2729,False,True,0.0
0851-DFJKB,1,3,109,16,1,15,58.95,955.15,0,55,4497,False,True,0.0
5382-SOYZL,2,3,261,16,1,22,95.1,2162.6,0,61,3729,False,True,0.0
3261-CQXOL,5,1,322,16,1,71,25.45,1813.35,0,37,4993,False,False,0.0
8388-FYNPZ,1,3,105,16,1,4,56.75,245.15,0,51,2401,False,True,0.0
4002-BQWPQ,1,1,255,16,1,25,81.75,2028.8,0,61,5917,False,True,0.0
5651-YLPRD,2,3,147,16,1,32,86.1,2723.75,0,48,4970,False,True,0.0
2826-DXLQO,1,1,33,16,1,7,29.8,220.45,0,69,2587,False,True,0.0
4378-BZYFP,4,4,193,16,1,17,20.5,365.8,0,65,2259,False,False,0.0
9489-UTFKA,1,1,99,16,1,8,60.9,551.95,0,27,2136,False,True,0.0
4849-PYRLQ,5,1,239,16,1,56,73.25,4054.2,0,26,4011,False,False,0.0
7764-BDPEE,1,4,193,16,1,3,20.85,60.65,0,38,5868,False,True,0.0
3429-IFLEM,5,2,127,16,1,71,77.35,5550.1,0,61,4846,False,False,0.0
5002-GCQFH,2,1,308,16,1,49,93.85,4733.1,0,62,5698,False,True,0.0
0556-FJEGU,5,1,95,16,1,58,70.1,4048.95,0,58,4474,False,False,0.0
0604-THJFP,6,2,88,16,1,59,75.95,4542.35,0,46,5446,False,False,0.0
5879-SESNB,1,3,258,16,1,11,75.25,888.65,0,75,5902,False,True,0.0
6461-PPAXN,4,1,101,16,1,35,54.95,1916.0,0,30,4858,False,False,0.0
3318-ISQFQ,2,1,193,16,1,20,19.5,413.0,0,28,5409,False,True,0.0
1106-HRLKZ,5,4,193,16,1,40,19.6,808.95,0,34,2630,False,False,0.0
2483-XSSMZ,4,3,97,16,1,39,47.85,1886.4,0,23,5531,False,False,0.0
8165-ZJRNM,5,1,322,16,1,72,23.75,1679.25,0,67,4923,False,False,0.0
2604-XVDAM,1,1,65,16,1,12,43.8,540.95,0,26,5706,False,True,0.0
3717-OFRTN,1,1,193,16,1,1,19.75,19.75,0,43,3595,False,True,0.0
9046-JBFWA,1,4,193,16,1,27,19.15,537.35,0,51,4004,False,True,0.0
3280-NMUVX,3,2,193,16,1,34,19.6,678.8,0,33,4669,False,False,0.0
1206-EHBDD,5,1,169,16,1,56,80.3,4513.65,0,67,6203,False,False,0.0
8361-LBRDI,5,2,322,16,1,58,24.35,1423.85,0,51,6190,False,False,0.0
4883-KCPZJ,5,2,322,16,1,22,25.25,555.4,0,75,4386,False,False,0.0
9108-EQPNQ,5,2,322,16,1,10,26.1,225.55,0,63,3179,False,False,0.0
7277-KAMWT,5,2,193,16,1,13,20.0,268.45,0,63,3037,False,False,0.0
2545-LXYVJ,5,1,193,16,1,72,20.7,1492.1,0,55,6317,False,False,0.0
3234-VKACU,1,3,72,16,1,2,70.3,132.4,0,27,4799,False,True,0.0
8120-JDCAM,2,4,129,16,1,4,69.55,284.9,0,44,3708,False,True,0.0
8917-FAEMR,5,4,193,16,1,37,19.85,784.25,0,27,3408,False,False,0.0
7047-YXDMZ,1,4,193,16,1,21,20.0,417.7,0,47,2366,False,True,0.0
2858-EIMXH,4,2,261,16,1,53,95.85,5016.25,0,65,5325,False,False,0.0
6419-ZTTLE,4,3,193,16,1,23,20.75,485.2,0,45,3418,False,False,0.0
0929-HYQEW,2,4,97,16,1,3,50.15,160.85,0,23,2085,False,True,0.0
6614-YOLAC,5,4,56,16,1,71,58.65,4145.25,0,48,4151,False,False,0.0
7426-RHZGU,2,1,136,16,1,9,95.9,827.45,0,66,5017,False,True,0.0
4065-JJAVA,1,3,81,16,1,1,49.5,49.5,0,59,5262,False,True,0.0
7649-SIJJF,6,4,255,16,1,71,80.1,5585.4,0,37,6045,False,False,0.0
9361-YNQWJ,4,1,322,16,1,64,24.4,1601.2,0,24,5887,False,False,0.0
3748-FVMZZ,2,3,6,16,1,4,40.05,162.45,0,57,2664,False,True,0.0
9391-TTOYH,2,4,193,16,1,23,19.5,470.2,0,42,5652,False,True,0.0
1452-XRSJV,1,2,97,16,1,39,51.05,2066.0,0,63,3154,False,True,0.0
3422-WJOYD,3,4,101,16,1,28,54.35,1426.45,0,70,5105,False,False,0.0
8242-SOQUO,2,3,147,16,1,5,84.7,392.5,0,54,2660,False,True,0.0
7460-ITWWP,2,3,138,16,1,45,86.1,3861.45,0,41,2701,False,True,0.0
7147-AYBAA,2,4,129,16,1,37,70.35,2552.9,0,32,5402,False,True,0.0
7868-TMWMZ,6,1,192,16,1,60,110.0,6668.35,0,59,4953,False,False,0.0
6732-FZUGP,3,2,300,16,1,47,94.9,4615.25,0,52,4510,False,False,0.0
8329-GWVPJ,2,1,129,16,1,50,69.75,3557.7,0,64,4539,False,True,0.0
1352-VHKAJ,1,1,201,16,1,27,71.6,1957.1,0,52,3773,False,True,0.0
2632-TACXW,5,1,322,16,1,62,23.65,1416.75,0,21,4671,False,False,0.0
8146-QQKZH,5,1,112,16,1,71,81.85,5924.4,0,78,4090,False,False,0.0
1767-CJKBA,5,4,322,16,1,66,25.1,1697.7,0,48,6025,False,False,0.0
6445-TNRXS,6,1,321,16,1,68,114.7,7849.85,0,59,5671,False,False,0.0
4581-LNWUM,1,3,12,16,1,13,49.15,649.4,0,78,3000,False,True,0.0
4869-EPIUS,4,3,130,16,1,56,80.9,4557.5,0,56,5344,False,False,0.0
1915-OAKWD,4,1,193,16,1,16,19.3,360.35,0,48,2870,False,False,0.0
7296-PIXQY,1,3,129,16,1,14,70.2,1046.5,0,25,5819,False,True,0.0
3354-OADJP,3,1,101,16,1,8,54.25,447.75,0,69,2237,False,False,0.0
3524-WQDSG,2,1,269,16,1,43,99.3,4209.95,0,73,3280,False,True,0.0
0810-DHDBD,3,2,240,16,1,52,74.0,3877.65,0,39,5806,False,False,0.0
4026-SKKHW,2,4,69,16,1,3,50.25,152.3,0,76,2166,False,True,0.0
2829-HYVZP,4,4,193,16,1,29,19.8,572.2,0,69,5696,False,False,0.0
3845-JHAMY,2,2,2,16,1,16,35.5,552.7,0,25,2069,False,True,0.0
7013-PSXHK,4,4,209,16,1,40,80.75,3208.65,0,27,2047,False,False,0.0
3486-NPGST,3,4,193,16,1,36,19.55,620.75,0,47,2691,False,False,0.0
6100-FJZDG,4,1,193,16,1,26,20.05,505.9,0,29,2403,False,False,0.0
4829-ZLJTK,6,3,317,16,1,72,112.4,8046.85,0,37,6144,False,False,0.0
1730-VFMWO,1,1,69,16,1,34,50.2,1815.3,0,54,4352,False,True,0.0
7143-BQIBA,1,1,103,16,1,10,62.25,612.95,0,76,3415,False,True,0.0
3800-LYTRK,3,4,101,16,1,14,55.7,795.15,0,57,4978,False,False,0.0
9646-NMHXE,5,4,193,16,1,47,19.65,973.1,0,77,2021,False,False,0.0
7030-NJVDP,2,3,166,16,1,24,89.25,2210.2,0,77,5436,False,True,0.0
8883-GRDWQ,3,4,101,16,1,20,54.0,1055.9,0,20,5090,False,False,0.0
7771-ZONAT,5,1,16,16,1,22,56.75,1304.85,0,55,4574,False,False,0.0
2111-DWYHN,1,4,193,16,1,1,21.1,21.1,0,52,2810,False,True,0.0
4194-WHFCB,2,1,279,16,1,59,96.65,5580.8,0,52,5266,False,True,0.0
4121-AGSIN,4,2,322,16,1,58,24.5,1497.9,0,47,4455,False,False,0.0
9845-PEEKO,6,2,274,16,1,59,79.2,4590.35,0,25,5400,False,False,0.0
0455-XFASS,2,3,129,16,1,3,69.55,200.2,0,59,5998,False,True,0.0
0301-KOBTQ,6,1,193,16,1,32,20.05,614.45,0,20,3398,False,False,0.0
1751-NCDLI,2,3,269,16,1,46,98.85,4564.9,0,41,2641,False,True,0.0
4367-NUYAO,5,4,322,16,1,0,25.75,0.0,0,48,4950,False,False,0.0
9170-ARBTB,3,2,193,16,1,52,19.6,1012.4,0,37,4848,False,False,0.0
7241-AJHFS,1,1,294,16,1,32,87.65,2766.4,0,66,2426,False,True,0.0
4546-FOKWR,2,2,258,16,1,16,74.75,1129.35,0,27,3574,False,True,0.0
9036-CSKBW,3,1,317,16,1,51,107.45,5680.9,0,24,5446,False,False,0.0
5832-TRLPB,4,1,80,16,1,29,75.35,2243.9,0,77,4422,False,False,0.0
8590-YFFQO,5,2,125,16,1,70,64.95,4523.25,0,78,5669,False,False,0.0
8659-IOOPU,5,3,303,16,1,71,100.45,7159.7,0,34,6171,False,False,0.0
1338-CECEE,3,1,220,16,1,41,68.5,2839.95,0,54,3877,False,False,0.0
7439-DKZTW,2,3,131,16,1,1,80.55,80.55,0,21,3154,False,True,0.0
4646-QZXTF,1,1,112,16,1,7,81.25,580.1,0,57,5928,False,True,0.0
9742-XOKTS,3,3,310,16,1,67,89.55,6038.55,0,69,6194,False,False,0.0
6921-OZMFH,2,4,198,16,1,5,55.7,259.4,0,46,3598,False,True,0.0
9578-FOMUK,2,3,322,16,1,15,24.8,324.15,0,57,3965,False,True,0.0
4712-UYOOI,1,3,193,16,1,20,20.0,417.65,0,70,3402,False,True,0.0
7722-CVFXN,4,3,281,16,1,54,105.2,5637.85,0,68,5546,False,False,0.0
8717-VCTXJ,4,4,193,16,1,42,19.55,839.4,0,43,5293,False,False,0.0
7363-QTBIW,2,3,130,16,1,9,79.75,769.1,0,62,4654,False,True,0.0
4159-NAAIX,5,1,277,16,1,63,97.45,6253.0,0,67,4769,False,False,0.0
0971-QIFJK,5,1,322,16,1,69,24.25,1641.8,0,21,4884,False,False,0.0
9397-TZSHA,5,2,322,16,1,69,24.6,1678.05,0,66,5294,False,False,0.0
3391-JSQEW,2,4,81,16,1,40,50.15,2058.5,0,71,2454,False,True,0.0
0343-QLUZP,5,1,57,16,1,60,39.6,2424.5,0,32,5544,False,False,0.0
2176-LVPNX,5,4,257,16,1,71,89.85,6293.45,0,33,4994,False,False,0.0
3312-UUMZW,2,2,277,16,1,32,98.85,3145.9,0,61,3981,False,True,0.0
1271-UODNO,6,2,198,16,1,39,53.85,2200.7,0,79,2380,False,False,0.0
8461-EFQYM,4,3,322,16,1,38,24.25,914.4,0,23,2997,False,False,0.0
6900-RBKER,6,2,267,16,1,52,89.45,4577.75,0,35,5386,False,False,0.0
6891-JPYFF,2,2,309,16,1,48,105.25,4997.5,0,79,4275,False,True,0.0
1459-QNFQT,5,1,48,16,1,70,59.5,4144.8,0,27,4031,False,False,0.0
1047-NNCBF,1,2,129,16,1,20,70.55,1493.55,0,59,5790,False,True,0.0
3696-XRIEN,4,2,241,16,1,50,82.5,4179.1,0,71,5258,False,False,0.0
0074-HDKDG,4,1,121,16,1,25,61.6,1611.0,0,66,3807,False,False,0.0
8791-GFXLZ,2,1,81,16,1,12,49.05,593.05,0,70,4244,False,True,0.0
9330-DHBFL,4,4,125,16,1,23,66.25,1533.8,0,22,2072,False,False,0.0
0098-BOWSO,2,3,193,16,1,27,19.4,529.8,0,39,3792,False,True,0.0
3452-ABWRL,2,2,260,16,1,47,86.05,3865.6,0,69,5527,False,True,0.0
5859-HZYLF,6,2,193,16,1,26,19.15,515.75,0,58,4347,False,False,0.0
3156-QLHBO,1,4,193,16,1,2,19.25,48.35,0,45,4725,False,True,0.0
2208-NQBCT,1,3,177,16,1,26,81.95,2070.05,0,72,2817,False,True,0.0
1779-PWPMG,6,1,321,16,1,72,114.65,8333.95,0,29,5408,False,False,0.0
6621-NRZAK,5,2,193,16,1,63,20.0,1209.25,0,56,5975,False,False,0.0
0831-JNISG,5,4,193,16,1,71,19.8,1396.25,0,20,5406,False,False,0.0
0774-IFUVM,2,1,228,16,1,11,65.15,723.35,0,42,5942,False,True,0.0
3082-WQRVY,3,4,193,16,1,14,19.65,228.65,0,66,2962,False,False,0.0
9553-DLCLU,5,2,257,16,1,13,88.95,1161.75,0,27,5407,False,False,0.0
1641-BYBTK,2,4,193,16,1,6,20.2,98.35,0,75,3478,False,True,0.0
2460-NGXBJ,2,2,258,16,1,11,75.2,775.3,0,28,5193,False,True,0.0
2446-ZKVAF,1,2,210,16,1,18,56.8,1074.65,0,59,5558,False,True,0.0
3522-CDKHF,2,1,161,16,1,32,75.5,2324.7,0,76,3131,False,True,0.0
1430-SFQSA,3,4,37,16,1,29,35.6,1072.6,0,74,3898,False,False,0.0
0411-EZJZE,2,3,196,16,1,3,60.25,170.5,0,31,4830,False,True,0.0
8807-ARQET,2,3,18,16,1,41,40.35,1677.85,0,79,2454,False,True,0.0
8992-CEUEN,1,3,193,16,1,1,18.85,18.85,0,37,5084,False,True,0.0
4320-QMLLA,1,4,67,16,1,7,54.85,370.4,0,20,3481,False,True,0.0
8777-PVYGU,4,4,107,16,1,52,64.3,3410.6,0,73,4405,False,False,0.0
8292-ITGYJ,6,1,322,16,1,45,24.65,1138.8,0,67,3043,False,False,0.0
6870-ZWMNX,5,2,224,16,1,70,76.1,5264.25,0,67,5115,False,False,0.0
0621-CXBKL,5,4,193,16,1,53,18.7,1005.7,0,54,4116,False,False,0.0
5268-DSMNQ,4,2,284,16,1,62,97.95,5936.55,0,50,5428,False,False,0.0
5334-JLAXU,2,2,307,16,1,60,94.1,5475.9,0,62,5267,False,True,0.0
6242-MBHPK,2,3,164,16,1,23,95.1,2326.05,0,66,4025,False,True,0.0
9359-UGBTK,4,1,110,16,1,67,72.35,4991.5,0,50,4910,False,False,0.0
4782-OSFXZ,6,1,255,16,1,71,82.7,5831.2,0,20,5089,False,False,0.0
6479-OAUSD,3,2,193,16,1,25,19.9,510.8,0,22,2130,False,False,0.0
7129-ACFOG,2,3,226,16,1,5,53.8,283.95,0,78,2182,False,True,0.0
4189-NAKJS,4,2,194,16,1,26,51.55,1295.4,0,36,3130,False,False,0.0
5562-BETPV,3,4,193,16,1,1,19.65,19.65,0,53,2539,False,False,0.0
1282-IHQAC,4,2,27,16,1,70,44.05,3011.65,0,68,4022,False,False,0.0
9127-FHJBZ,6,3,321,16,1,72,114.0,8093.15,0,29,4558,False,False,0.0
1641-RQDAY,2,3,277,16,1,32,100.4,3217.65,0,59,4848,False,True,0.0
6994-ORCWG,4,4,210,16,1,14,54.25,773.2,0,44,4423,False,False,0.0
1346-UFHAX,2,2,290,16,1,13,80.0,1029.35,0,78,5577,False,True,0.0
2933-XEUJM,5,4,237,16,1,46,79.2,3593.8,0,63,2007,False,False,0.0
5461-QKNTN,2,3,280,16,1,43,94.3,3953.15,0,63,2040,False,True,0.0
4835-YSJMR,6,1,69,16,1,39,49.8,1971.15,0,51,2202,False,False,0.0
3164-YAXFY,2,3,44,16,1,57,53.75,3196.0,0,58,5594,False,True,0.0
0887-WBJVH,4,3,136,16,1,53,93.45,4872.2,0,20,4700,False,False,0.0
4660-IRIBM,2,4,171,16,1,18,87.9,1500.5,0,33,5192,False,True,0.0
7670-ZBPOQ,4,1,230,16,1,58,61.05,3478.75,0,46,4411,False,False,0.0
8089-UZWLX,5,1,269,16,1,71,104.05,7413.55,0,70,4113,False,False,0.0
0080-OROZO,4,3,144,16,1,35,99.25,3532.0,0,36,3244,False,False,0.0
3916-NRPAP,1,2,138,16,1,3,85.7,256.75,0,33,5806,False,True,0.0
6807-SIWJI,4,3,309,16,1,38,104.85,3887.25,0,35,2709,False,False,0.0
8221-HVAYI,6,2,254,16,1,35,69.15,2490.15,0,61,3945,False,False,0.0
5232-NXPAY,5,4,80,16,1,47,74.45,3510.3,0,55,3459,False,False,0.0
8967-SZQAS,1,3,81,16,1,14,50.45,765.45,0,48,3185,False,True,0.0
4468-KAZHE,2,3,82,16,1,20,60.0,1259.35,0,37,2399,False,True,0.0
0455-ENTCR,5,3,249,16,1,66,85.25,5538.35,0,38,5012,False,False,0.0
8944-AILEF,2,2,193,16,1,15,19.45,340.85,0,67,2483,False,True,0.0
5542-NKVRU,6,1,193,16,1,42,20.75,844.45,0,57,2574,False,False,0.0
7126-RBHSD,1,3,290,16,1,17,78.9,1348.95,0,38,2362,False,True,0.0
5370-IIVVL,4,2,281,16,1,37,104.5,3778.0,0,21,4812,False,False,0.0
6789-HJBWG,2,3,81,16,1,12,49.4,611.65,0,70,5007,False,True,0.0
9087-EYCPR,5,4,322,16,1,60,25.0,1505.05,0,24,6355,False,False,0.0
6791-YBNAK,1,2,1,16,1,18,25.55,467.85,0,28,4134,False,True,0.0
6077-BDPXA,2,3,129,16,1,3,70.15,194.2,0,26,2228,False,True,0.0
0013-MHZWF,2,2,72,16,1,9,69.4,571.45,0,55,5108,False,True,0.0
8268-YDIXR,4,3,314,16,1,56,93.15,5253.95,0,56,4778,False,False,0.0
4291-SHSBH,2,3,129,16,1,7,69.55,521.35,0,71,4704,False,True,0.0
6980-IMXXE,5,1,193,16,1,69,20.2,1412.65,0,34,5267,False,False,0.0
0040-HALCW,5,2,193,16,1,54,20.4,1090.6,0,60,6393,False,False,0.0
0784-GTUUK,4,2,322,16,1,62,23.75,1446.8,0,66,4811,False,False,0.0
2294-DMMUS,2,2,197,16,1,62,70.45,4300.45,0,37,5057,False,True,0.0
0872-JCPIB,1,1,227,16,1,17,65.75,1111.2,0,63,3921,False,True,0.0
3055-MJDSB,2,4,1,16,1,9,24.6,190.1,0,49,2323,False,True,0.0
9091-WTUUY,5,4,111,16,1,64,69.25,4447.75,0,25,4226,False,False,0.0
7115-IRDHS,5,1,322,16,1,72,24.65,1830.05,0,66,5065,False,False,0.0
8496-DMZUK,3,1,314,16,1,30,90.4,2820.65,0,78,3171,False,False,0.0
2040-VZIKE,2,4,293,16,1,49,100.85,4847.35,0,53,5417,False,True,0.0
9068-VPWQQ,5,2,239,16,1,61,75.35,4729.3,0,35,6466,False,False,0.0
0178-SZBHO,1,3,276,16,1,47,87.2,4017.45,0,76,3760,False,True,0.0
0384-RVBPI,1,2,106,16,1,20,64.4,1398.6,0,80,2120,False,True,0.0
1299-AURJA,5,1,322,16,1,70,24.7,1685.9,0,59,5907,False,False,0.0
4525-VZCZG,4,3,184,16,1,54,105.85,5826.65,0,35,5915,False,False,0.0
1543-LLLFT,4,4,288,16,1,61,98.3,6066.55,0,74,5413,False,False,0.0
2788-CJQAQ,3,4,193,16,1,13,19.45,270.2,0,37,3799,False,False,0.0
0319-QZTCO,2,2,83,16,1,3,58.7,168.6,0,52,3654,False,True,0.0
2120-SMPEX,2,4,193,16,1,25,20.15,536.35,0,58,3848,False,True,0.0
0096-FCPUF,2,4,227,16,1,30,64.5,1888.45,0,48,5039,False,True,0.0
0668-OGMHD,1,3,33,16,1,21,28.5,629.35,0,77,3766,False,True,0.0
6507-ZJSUR,2,3,132,16,1,23,90.45,2117.25,0,24,5272,False,True,0.0
9408-HRXRK,2,3,309,16,1,45,105.15,4730.9,0,22,5915,False,True,0.0
5593-SUAOO,3,1,282,16,1,24,83.15,2033.05,0,53,2404,False,False,0.0
6766-HFKLA,5,1,273,16,1,56,103.2,5744.35,0,34,4534,False,False,0.0
7617-EYGLW,1,3,193,16,1,1,19.45,19.45,0,64,5820,False,True,0.0
9220-ZNKJI,5,2,143,16,1,55,88.8,4805.3,0,73,4291,False,False,0.0
2226-ICFDO,6,2,241,16,1,72,85.9,6110.75,0,72,6361,False,False,0.0
0723-VSOBE,3,3,2,16,1,45,34.2,1596.6,0,38,5715,False,False,0.0
5529-GIBVH,5,4,193,16,1,47,20.15,1046.2,0,74,2618,False,False,0.0
9992-UJOEL,2,4,81,16,1,2,50.3,92.75,0,33,5870,False,True,0.0
4741-WWJQZ,2,3,165,16,1,2,80.15,194.55,0,26,5251,False,True,0.0
6625-UTXEW,2,3,81,16,1,12,51.25,612.1,0,57,3097,False,True,0.0
6244-BESBM,6,2,136,16,1,69,95.2,6671.7,0,34,6166,False,False,0.0
1004-NOZNR,3,2,164,16,1,56,94.8,5264.3,0,59,5693,False,False,0.0
1251-STYSZ,2,3,290,16,1,4,80.25,303.7,0,20,3828,False,True,0.0
2612-PHGOX,6,1,224,16,1,64,76.1,4818.8,0,26,4222,False,False,0.0
8480-PPONV,5,1,321,16,1,62,115.55,7159.05,0,25,6349,False,False,0.0
8780-IHCRN,5,2,322,16,1,63,24.65,1574.5,0,40,4392,False,False,0.0
4598-ZADCK,4,3,63,16,1,53,53.6,2879.2,0,28,5183,False,False,0.0
1257-SXUXQ,1,4,193,16,1,5,19.45,86.05,0,79,4573,False,True,0.0
9681-KYGYB,2,3,314,16,1,49,88.2,4159.45,0,24,5987,False,True,0.0
7182-OVLBJ,6,1,293,16,1,62,101.15,6638.35,0,36,5735,False,False,0.0
5095-ETBRJ,5,4,117,16,1,55,56.8,3112.05,0,33,4702,False,False,0.0
7005-CYUIL,6,3,191,16,1,71,99.4,7168.25,0,29,4964,False,False,0.0
4821-WQOYN,6,2,193,16,1,72,20.1,1326.25,0,41,4603,False,False,0.0
4730-AWNAU,3,2,48,16,1,36,60.7,2234.55,0,69,3671,False,False,0.0
3452-FLHYD,4,1,193,16,1,25,20.95,495.15,0,77,5682,False,False,0.0
2388-LAESQ,6,1,321,16,1,72,114.85,8317.95,0,26,4796,False,False,0.0
9531-NSBMR,4,1,193,16,1,36,19.25,679.8,0,79,4904,False,False,0.0
6260-ONULR,2,4,68,16,1,1,62.8,62.8,0,36,2438,False,True,0.0
4389-UEFCZ,6,3,301,16,1,72,105.5,7544.0,0,62,5551,False,False,0.0
8711-LOBKY,5,4,193,16,1,59,19.85,1188.25,0,59,6144,False,False,0.0
8985-OOPOS,3,2,80,16,1,1,74.1,74.1,0,23,2900,False,False,0.0
8800-ZKRFW,2,3,289,16,1,30,107.5,3242.5,0,51,3094,False,True,0.0
2616-FLVQC,5,4,193,16,1,64,19.55,1240.15,0,27,6036,False,False,0.0
9968-FFVVH,3,1,254,16,1,63,68.8,4111.35,0,40,5082,False,False,0.0
3108-PCCGG,5,2,253,16,1,72,84.45,5899.85,0,25,5856,False,False,0.0
8390-FESFV,5,1,225,16,1,62,84.5,5193.2,0,61,5466,False,False,0.0
3022-BEXHZ,6,1,289,16,1,67,111.2,7530.8,0,71,6060,False,False,0.0
6248-TKCQV,6,1,233,16,1,70,80.6,5460.2,0,68,5880,False,False,0.0
6729-GDNGC,1,1,131,16,1,20,80.7,1614.2,0,73,3111,False,True,0.0
6198-ZFIOJ,1,3,258,16,1,5,75.6,402.5,0,27,3469,False,True,0.0
5989-OMNJE,3,3,60,16,1,24,57.6,1367.75,0,70,5623,False,False,0.0
1291-CUOCY,6,2,289,16,1,72,110.6,7962.2,0,64,5444,False,False,0.0
9795-SHUHB,6,2,117,16,1,66,58.2,3810.8,0,79,5313,False,False,0.0
3230-IUALN,6,4,112,16,1,45,81.0,3533.6,0,56,2934,False,False,0.0
0042-RLHYP,5,1,193,16,1,69,19.7,1396.9,0,76,4131,False,False,0.0
4945-RVMTE,2,1,75,16,1,28,59.55,1646.45,0,37,3354,False,True,0.0
1866-NXPSP,4,4,126,16,1,36,75.55,2680.15,0,22,3235,False,False,0.0
3941-XTSKM,4,2,26,16,1,42,45.1,2049.05,0,71,3844,False,False,0.0
1661-CZBAU,4,1,231,16,1,48,70.95,3629.2,0,56,2667,False,False,0.0
5158-RIVOP,5,2,193,16,1,11,20.9,202.3,0,63,5359,False,False,0.0
9788-YTFGE,2,4,193,16,1,7,19.95,147.5,0,38,3331,False,True,0.0
9277-JOOMO,1,4,322,16,1,3,24.6,86.35,0,56,5756,False,True,0.0
1907-YLNYW,2,3,106,16,1,8,66.7,579.0,0,35,4490,False,True,0.0
8947-YRTDV,3,4,186,16,1,32,94.8,3131.55,0,52,5288,False,False,0.0
3161-ONRWK,4,1,125,16,1,60,65.85,3928.3,0,48,4053,False,False,0.0
0114-RSRRW,2,1,193,16,1,10,19.95,187.75,0,54,3831,False,True,0.0
4565-NLZBV,6,1,322,16,1,71,24.65,1710.15,0,42,4015,False,False,0.0
6682-VCIXC,4,1,55,16,1,43,51.25,2151.6,0,43,5656,False,False,0.0
6475-VHUIZ,1,3,77,16,1,23,54.25,1221.55,0,49,5140,False,True,0.0
3910-MRQOY,5,1,193,16,1,72,19.4,1496.45,0,79,5398,False,False,0.0
0661-WCQNQ,4,2,101,16,1,22,56.25,1292.2,0,28,3733,False,False,0.0
7537-RBWEA,2,4,1,16,1,1,25.15,25.15,0,45,3513,False,True,0.0
4656-CAURT,5,1,322,16,1,69,23.95,1713.1,0,31,6059,False,False,0.0
0121-SNYRK,4,4,37,16,1,50,35.4,1748.9,0,36,5052,False,False,0.0
3733-LSYCE,1,1,145,16,1,15,75.35,1114.55,0,67,4891,False,True,0.0
6265-FRMTQ,5,1,193,16,1,31,20.4,609.1,0,29,5363,False,False,0.0
1371-DWPAZ,5,2,63,16,1,0,56.05,0.0,0,30,4740,False,False,0.0
2017-CCBLH,5,4,193,16,1,8,20.0,141.6,0,71,3087,False,False,0.0
7690-KPNCU,4,2,108,16,1,64,73.05,4688.65,0,28,4515,False,False,0.0
0536-BGFMZ,1,4,193,16,1,28,20.5,563.05,0,41,5145,False,True,0.0
2293-IJWPS,4,2,269,16,1,57,100.75,5985.0,0,31,6354,False,False,0.0
5469-NUJUR,6,4,193,16,1,19,19.95,373.5,0,50,2831,False,False,0.0
2625-TRCZQ,2,3,20,16,1,51,49.65,2553.35,0,30,5528,False,True,0.0
4102-HLENU,5,4,250,16,1,67,65.65,4322.85,0,20,5441,False,False,0.0
7266-GSSJX,2,3,193,16,1,11,20.45,250.8,0,28,2606,False,True,0.0
7722-VJRQD,5,1,48,16,1,72,60.95,4549.05,0,21,4147,False,False,0.0
7073-QETQY,4,3,193,16,1,66,20.35,1359.5,0,22,4845,False,False,0.0
5624-RYAMH,2,3,193,16,1,9,19.5,178.85,0,64,4283,False,True,0.0
0196-JTUQI,2,2,258,16,1,9,75.2,633.85,0,68,5841,False,True,0.0
7130-YXBRO,2,1,317,16,1,48,111.45,5315.1,0,74,2319,False,True,0.0
9272-LSVYH,1,4,129,16,1,10,70.15,735.5,0,78,3963,False,True,0.0
3084-DOWLE,5,1,257,16,1,72,92.0,6474.4,0,42,6434,False,False,0.0
1084-MNSMJ,5,2,128,16,1,51,85.5,4421.95,0,43,6261,False,False,0.0
4238-HFHSN,2,3,274,16,1,61,82.15,4904.85,0,33,4250,False,True,0.0
6250-CGGUN,3,3,173,16,1,54,84.4,4484.05,0,31,4154,False,False,0.0
5478-JJVZK,2,4,242,16,1,33,60.9,2033.85,0,36,3009,False,True,0.0
7596-IIWYC,6,1,193,16,1,27,20.25,538.2,0,79,5250,False,False,0.0
9793-WECQC,1,4,148,16,1,23,95.3,2192.9,0,68,5029,False,True,0.0
4291-HPAXL,1,4,193,16,1,1,19.85,19.85,0,75,4840,False,True,0.0
8999-YPYBV,6,4,128,16,1,45,84.35,3858.05,0,35,3403,False,False,0.0
1839-FBNFR,6,1,193,16,1,39,19.85,854.8,0,72,3032,False,False,0.0
3071-MVJCD,5,1,256,16,1,72,82.3,5815.15,0,60,4162,False,False,0.0
1697-BCSHV,2,1,212,16,1,58,66.8,3970.4,0,70,6433,False,True,0.0
0562-KBDVM,6,1,61,16,1,70,44.6,3058.15,0,26,4442,False,False,0.0
1131-SUEKT,4,1,152,16,1,61,98.45,6145.2,0,64,4000,False,False,0.0
3717-OEAUQ,1,4,129,16,1,2,70.7,129.2,0,38,2388,False,True,0.0
4538-WNTMJ,3,4,322,16,1,46,24.95,1165.9,0,58,3979,False,False,0.0
9432-RUVSL,6,2,176,16,1,48,102.5,4904.25,0,75,3262,False,False,0.0
8060-HIWJJ,5,2,225,16,1,64,86.55,5632.55,0,57,4934,False,False,0.0
7684-XSZIY,5,1,322,16,1,72,24.3,1643.25,0,43,5160,False,False,0.0
9089-UOWJG,2,2,75,16,1,12,58.35,740.55,0,29,5068,False,True,0.0
8039-ACLPL,5,2,122,16,1,72,68.75,4888.2,0,52,4505,False,False,0.0
9885-AIBVB,2,3,282,16,1,29,85.8,2440.25,0,70,2568,False,True,0.0
1934-MKPXS,3,2,193,16,1,33,20.1,620.55,0,59,3636,False,False,0.0
2592-YKDIF,1,4,193,16,1,1,20.35,20.35,0,72,5774,False,True,0.0
2272-JKMSI,4,3,289,16,1,62,110.8,6840.95,0,49,4306,False,False,0.0
8714-CTZJW,2,2,138,16,1,4,82.85,319.6,0,80,3154,False,True,0.0
3569-EDBPQ,2,3,294,16,1,24,84.35,1938.05,0,31,2198,False,True,0.0
3131-NWVFJ,3,4,193,16,1,14,19.55,294.5,0,47,5620,False,False,0.0
7521-YXVZY,1,4,193,16,1,3,19.95,58.3,0,77,4430,False,True,0.0
2373-NTKOD,2,3,68,16,1,8,66.25,546.45,0,60,3026,False,True,0.0
1970-KKFWL,5,1,322,16,1,35,23.3,797.1,0,78,2416,False,False,0.0
9337-SRRNI,6,2,322,16,1,66,25.3,1673.8,0,56,6019,False,False,0.0
0895-UADGO,6,4,38,16,1,8,44.55,343.45,0,66,5489,False,False,0.0
5678-VFNEQ,4,2,301,16,1,71,104.1,7412.25,0,45,4695,False,False,0.0
5977-CKHON,2,1,267,16,1,43,92.55,4039.0,0,37,3853,False,True,0.0
2692-BUCFV,2,1,156,16,1,29,101.45,2948.6,0,76,5285,False,True,0.0
1830-GGFNM,5,2,318,16,1,65,94.55,6078.75,0,36,4603,False,False,0.0
5302-BDJNT,1,3,272,16,1,35,95.5,3418.2,0,27,3715,False,True,0.0
5223-UZAVK,4,2,180,16,1,64,100.3,6603.8,0,77,4986,False,False,0.0
4859-ZSRDZ,6,2,16,16,1,58,55.5,3166.9,0,69,4080,False,False,0.0
5651-WYIPH,2,2,81,16,1,18,49.85,865.75,0,71,3283,False,True,0.0
9350-VLHMB,2,1,275,16,1,67,89.55,6373.1,0,45,6111,False,True,0.0
3498-LZGQZ,6,4,193,16,1,63,19.15,1177.05,0,38,6373,False,False,0.0
8785-CJSHH,2,3,277,16,1,60,99.8,5985.75,0,38,6213,False,True,0.0
3870-SPZSI,6,2,321,16,1,70,113.05,7869.05,0,54,4203,False,False,0.0
7560-QRBXH,3,4,193,16,1,48,19.95,936.7,0,21,3396,False,False,0.0
7077-XJMET,2,3,80,16,1,12,74.15,741.4,0,52,5426,False,True,0.0
8752-GHJFU,4,3,318,16,1,71,92.0,6585.2,0,66,4322,False,False,0.0
6896-SRVYQ,1,3,137,16,1,44,73.85,3122.4,0,48,4374,False,True,0.0
4652-ODEVH,5,4,322,16,1,45,24.45,1088.25,0,57,3586,False,False,0.0
6510-UPNKS,3,2,322,16,1,23,24.8,615.35,0,46,4402,False,False,0.0
6718-BDGHG,4,1,200,16,1,43,64.85,2908.2,0,72,4000,False,False,0.0
9046-DQMTP,1,1,193,16,1,35,20.75,739.9,0,75,5876,False,True,0.0
6439-LAJXL,2,4,119,16,1,9,68.95,593.85,0,29,2452,False,True,0.0
9052-VKDUW,2,2,317,16,1,65,109.4,7227.45,0,39,4452,False,True,0.0
1666-JZPZT,1,4,194,16,1,27,49.0,1291.35,0,51,5428,False,True,0.0
5777-KJIRB,4,4,73,16,1,40,50.25,2023.55,0,25,2449,False,False,0.0
7677-SJJJK,3,2,193,16,1,8,19.9,153.95,0,29,3152,False,False,0.0
2480-EJWYP,4,1,277,16,1,58,97.8,5458.8,0,23,6019,False,False,0.0
3253-HKOKL,3,3,172,16,1,52,100.3,5244.45,0,29,4811,False,False,0.0
7055-HNEOJ,2,4,77,16,1,3,55.8,154.55,0,48,2662,False,True,0.0
5514-YQENT,6,3,192,16,1,41,111.15,4507.15,0,32,5038,False,False,0.0
3211-AAPKX,2,4,265,16,1,20,98.55,2031.95,0,42,3300,False,True,0.0
8445-DNBAE,2,3,194,16,1,1,50.05,50.05,0,61,5523,False,True,0.0
2958-NHPPS,1,3,193,16,1,23,20.85,473.9,0,53,4263,False,True,0.0
6806-YDEUL,1,1,193,16,1,6,19.5,106.8,0,77,3288,False,True,0.0
1735-XMJVH,2,4,193,16,1,8,19.35,152.6,0,58,5416,False,True,0.0
6890-PFRQX,1,4,236,16,1,18,69.5,1199.4,0,24,4466,False,True,0.0
0222-CNVPT,2,2,36,16,1,52,48.8,2555.05,0,67,4865,False,True,0.0
5899-OUVKV,2,3,148,16,1,31,94.5,2979.2,0,42,3949,False,True,0.0
8681-ICONS,2,4,193,16,1,29,20.65,654.85,0,72,4667,False,True,0.0
1621-YNCJH,6,2,319,16,1,36,106.05,3834.4,0,25,4505,False,False,0.0
6362-QHAFM,4,3,273,16,1,42,108.3,4586.15,0,63,5106,False,False,0.0
3070-BDOQC,6,3,156,16,1,60,99.65,5941.05,0,41,4616,False,False,0.0
6234-PFPXL,1,2,296,16,1,22,95.9,2234.95,0,56,3207,False,True,0.0
9824-QCJPK,3,4,193,16,1,36,20.0,666.75,0,60,4175,False,False,0.0
4283-IVYCI,1,4,102,16,1,9,64.95,547.8,0,66,3013,False,True,0.0
1866-OBPNR,1,2,145,16,1,1,74.6,74.6,0,22,5494,False,True,0.0
8205-MQUGY,2,3,97,16,1,12,49.2,571.15,0,37,3582,False,True,0.0
8970-ANWXO,4,4,201,16,1,23,73.75,1756.6,0,28,3483,False,False,0.0
9480-BQJEI,4,1,307,16,1,62,92.3,5731.45,0,58,6468,False,False,0.0
6979-TNDEU,1,4,193,16,1,8,19.2,156.85,0,42,2879,False,True,0.0
9777-WJJPR,1,2,268,16,1,31,88.65,2683.2,0,48,4821,False,True,0.0
9495-SKLKD,2,1,283,16,1,45,95.95,4456.65,0,63,5322,False,True,0.0
6048-UWKAL,5,2,281,16,1,69,105.4,6998.95,0,45,5467,False,False,0.0
5067-DGXLL,1,4,193,16,1,2,20.25,36.8,0,59,5736,False,True,0.0
6281-FKEWS,4,3,12,16,1,44,49.05,2265.0,0,68,3910,False,False,0.0
8898-KASCD,3,4,13,16,1,39,35.55,1309.15,0,76,3752,False,False,0.0
9242-TKFSV,6,2,64,16,1,72,65.1,4754.3,0,30,4969,False,False,0.0
9290-SHCMB,2,3,140,16,1,13,96.85,1235.55,0,28,3098,False,True,0.0
0743-HNPFG,4,2,118,16,1,51,69.75,3562.5,0,50,5628,False,False,0.0
2277-BKJKN,6,3,156,16,1,71,99.2,7213.75,0,23,4951,False,False,0.0
5035-PGZXH,4,3,285,16,1,56,106.8,5914.4,0,49,6161,False,False,0.0
8695-WDYEA,1,4,97,16,1,1,51.25,51.25,0,57,4483,False,True,0.0
6543-JXSOO,4,4,117,16,1,23,57.75,1282.85,0,22,3794,False,False,0.0
8016-ZMGMO,4,1,220,16,1,66,70.85,4738.85,0,37,5572,False,False,0.0
8605-ITULD,1,4,193,16,1,1,19.55,19.55,0,31,5750,False,True,0.0
6416-YJTTB,2,1,169,16,1,11,79.5,795.65,0,57,2278,False,True,0.0
4472-VESGY,1,1,315,16,1,52,98.15,4993.4,0,48,5123,False,True,0.0
3195-TQDZX,2,3,193,16,1,3,20.25,61.45,0,42,4050,False,True,0.0
3128-YOVTD,2,1,177,16,1,51,79.15,4018.55,0,64,6321,False,True,0.0
1728-CXQBE,2,3,283,16,1,64,94.25,6081.4,0,63,6020,False,True,0.0
7041-TXQJH,2,2,10,16,1,37,40.2,1478.85,0,20,5924,False,True,0.0
5014-GSOUQ,5,4,193,16,1,13,19.95,243.65,0,63,2884,False,False,0.0
5724-BIDBU,4,3,226,16,1,49,55.35,2633.95,0,26,5601,False,False,0.0
0481-SUMCB,4,1,269,16,1,45,102.15,4735.35,0,69,5391,False,False,0.0
1769-GRUIK,2,3,129,16,1,18,71.1,1247.75,0,28,4911,False,True,0.0
8819-WFGGJ,6,1,44,16,1,68,54.1,3794.5,0,30,4601,False,False,0.0
7427-AUFPY,5,2,193,16,1,54,19.65,1008.7,0,70,5708,False,False,0.0
2811-POVEX,2,1,154,16,1,23,88.45,2130.55,0,70,3937,False,True,0.0
7898-PDWQE,5,2,255,16,1,71,80.4,5727.15,0,20,5228,False,False,0.0
9972-EWRJS,6,1,193,16,1,67,19.25,1372.9,0,61,5154,False,False,0.0
9314-IJWSQ,2,3,260,16,1,14,84.8,1203.9,0,80,2452,False,True,0.0
5799-JRCZO,5,2,193,16,1,63,19.5,1215.1,0,44,4370,False,False,0.0
1921-KYSAY,4,3,207,16,1,41,68.6,2877.05,0,34,4572,False,False,0.0
6198-RTPMF,1,3,261,16,1,17,92.6,1579.7,0,32,4756,False,True,0.0
2924-KHUVI,4,3,293,16,1,56,100.55,5514.95,0,61,4847,False,False,0.0
1925-GMVBW,1,2,193,16,1,5,20.55,96.1,0,23,5967,False,True,0.0
6184-DYUOB,2,4,193,16,1,3,19.6,55.25,0,29,2941,False,True,0.0
9207-ZPANB,3,3,254,16,1,37,67.45,2443.3,0,37,5042,False,False,0.0
9327-QSDED,1,4,65,16,1,8,43.55,335.4,0,60,3266,False,True,0.0
1656-DRSMG,2,2,289,16,1,63,109.85,7002.95,0,66,5775,False,True,0.0
3012-VFFMN,1,4,193,16,1,7,20.65,158.95,0,74,4058,False,True,0.0
2984-AFWNC,1,3,148,16,1,3,95.4,293.15,0,70,2813,False,True,0.0
0640-YJTPY,5,1,193,16,1,72,21.0,1493.75,0,71,4974,False,False,0.0
8096-LOIST,2,3,66,16,1,19,56.2,1093.4,0,38,3384,False,True,0.0
9764-REAFF,5,1,193,16,1,59,18.4,1057.85,0,20,4375,False,False,0.0
7107-UBYKY,2,3,322,16,1,35,25.75,882.55,0,49,4194,False,True,0.0
4881-GQJTW,1,2,193,16,1,14,19.6,300.4,0,40,2847,False,True,0.0
7876-DNYAP,5,2,193,16,1,69,19.8,1436.95,0,36,5423,False,False,0.0
7905-NJMXS,1,3,246,16,1,7,64.2,475.0,0,74,5116,False,True,0.0
2882-WDTBA,6,1,127,16,1,69,75.75,5388.15,0,75,5839,False,False,0.0
2091-GPPIQ,6,3,217,16,1,72,78.95,5730.15,0,76,5050,False,False,0.0
5071-FBJFS,1,3,97,16,1,4,50.3,217.1,0,73,3147,False,True,0.0
2796-UUZZO,2,2,153,16,1,63,80.3,4896.35,0,66,5157,False,True,0.0
2429-AYKKO,5,1,193,16,1,72,19.85,1434.1,0,22,4790,False,False,0.0
9798-OPFEM,6,3,193,16,1,46,21.1,937.1,0,37,4791,False,False,0.0
3794-NFNCH,2,4,73,16,1,30,50.0,1474.9,0,29,4715,False,True,0.0
5193-QLVZB,6,1,285,16,1,63,104.75,6536.5,0,30,5882,False,False,0.0
7114-AEOZE,5,1,193,16,1,60,19.85,1128.1,0,58,6213,False,False,0.0
5522-NYKPB,1,3,135,16,1,25,85.9,2199.05,0,79,3153,False,True,0.0
9957-YODKZ,2,3,266,16,1,6,80.8,457.1,0,68,5611,False,True,0.0
6518-KZXCB,5,4,322,16,1,22,25.25,566.5,0,61,3403,False,False,0.0
2245-ADZFJ,5,1,217,16,1,31,80.55,2471.6,0,24,3491,False,False,0.0
7776-QGYJC,2,1,141,16,1,39,81.5,3107.3,0,25,2042,False,True,0.0
9313-QOLTZ,1,4,193,16,1,26,20.9,518.3,0,51,5895,False,True,0.0
4672-FOTSD,2,3,246,16,1,12,67.25,832.3,0,56,4334,False,True,0.0
9818-XQCUV,1,4,193,16,1,2,20.35,45.3,0,61,5994,False,True,0.0
7338-ERIVA,3,1,39,16,1,39,45.05,1790.6,0,61,4003,False,False,0.0
8259-NFJTV,1,4,37,16,1,7,34.65,246.6,0,45,5996,False,True,0.0
3223-DWFIO,1,3,129,16,1,4,69.35,261.65,0,26,4140,False,True,0.0
6968-GMKPR,2,3,153,16,1,55,81.55,4509.5,0,80,5167,False,True,0.0
4751-ERMAN,6,1,92,16,1,72,75.4,5480.25,0,35,4171,False,False,0.0
1436-ZMJAN,2,2,76,16,1,10,67.8,653.15,0,79,2709,False,True,0.0
3292-PBZEJ,2,3,289,16,1,11,111.4,1183.05,0,28,3175,False,True,0.0
0799-DDIHE,1,3,65,16,1,15,46.3,639.45,0,68,3103,False,True,0.0
3070-FNFZQ,5,1,193,16,1,23,20.4,478.75,0,33,4698,False,False,0.0
2812-SFXMJ,1,4,193,16,1,1,20.05,20.05,0,27,4221,False,True,0.0
5014-WUQMG,4,3,186,16,1,47,96.1,4391.45,0,68,5793,False,False,0.0
5312-TSZVC,3,4,193,16,1,15,19.65,270.6,0,34,4818,False,False,0.0
0993-OSGPT,4,1,93,16,1,68,60.65,3975.9,0,24,6418,False,False,0.0
7108-DGVUU,3,1,219,16,1,21,71.7,1497.05,0,38,2784,False,False,0.0
2782-JEEBU,2,4,21,16,1,21,36.0,780.15,0,64,3378,False,True,0.0
5127-BZENZ,3,1,228,16,1,56,65.2,3512.15,0,26,4775,False,False,0.0
2720-FVBQP,2,2,194,16,1,6,48.95,273.25,0,30,3061,False,True,0.0
9906-NHHVC,6,1,28,16,1,65,53.5,3517.9,0,76,5693,False,False,0.0
4522-XRWWI,3,2,233,16,1,42,80.45,3375.9,0,62,4397,False,False,0.0
3766-EJLFL,6,1,305,16,1,68,109.05,7508.55,0,80,6391,False,False,0.0
5939-SXWHM,5,1,322,16,1,48,26.3,1245.05,0,72,2111,False,False,0.0
8152-UOBNY,4,3,281,16,1,50,106.8,5347.95,0,59,5746,False,False,0.0
7351-KYHQH,2,3,91,16,1,7,64.95,493.65,0,37,4615,False,True,0.0
7643-RCHXS,5,3,193,16,1,63,19.35,1263.85,0,23,4566,False,False,0.0
8246-SHFGA,1,2,193,16,1,17,21.1,385.55,0,78,2842,False,True,0.0
0620-XEFWH,1,4,193,16,1,4,18.85,84.2,0,63,5279,False,True,0.0
6485-QXWWE,5,1,322,16,1,62,26.0,1638.7,0,46,4535,False,False,0.0
7321-VGNKU,2,3,129,16,1,2,70.35,120.25,0,39,4917,False,True,0.0
5327-CNLUQ,6,1,316,16,1,48,96.9,4473.45,0,38,2613,False,False,0.0
7552-KEYGT,5,1,193,16,1,27,19.55,520.55,0,44,4430,False,False,0.0
5816-JMLGY,6,1,96,16,1,70,80.4,5717.85,0,28,6367,False,False,0.0
2927-QRRQV,4,3,284,16,1,46,94.65,4312.5,0,79,4120,False,False,0.0
6265-SXWBU,3,2,284,16,1,69,95.75,6511.25,0,74,5561,False,False,0.0
7941-RCJOW,6,2,193,16,1,65,19.55,1218.65,0,76,4309,False,False,0.0
6374-NTQLP,6,2,176,16,1,72,104.1,7447.7,0,54,5092,False,False,0.0
2387-KDZQY,4,4,193,16,1,17,20.1,279.5,0,51,2185,False,False,0.0
3584-WKTTW,4,3,305,16,1,51,111.55,5720.35,0,35,4053,False,False,0.0
3399-BMLVW,5,2,117,16,1,51,60.5,3121.45,0,75,4994,False,False,0.0
1971-DTCZB,6,1,257,16,1,72,90.95,6468.6,0,54,6091,False,False,0.0
3374-PZLXD,1,4,193,16,1,34,19.7,675.6,0,73,4136,False,True,0.0
3813-DHBBB,6,1,54,16,1,67,50.95,3521.7,0,77,6395,False,False,0.0
2812-REYAT,4,1,193,16,1,49,20.05,923.1,0,72,5579,False,False,0.0
6518-PPLMZ,6,4,193,16,1,53,19.4,1110.35,0,73,4497,False,False,0.0
4939-KYYPY,1,3,206,16,1,27,59.45,1611.65,0,23,4818,False,True,0.0
5930-GBIWP,6,2,255,16,1,69,81.5,5553.25,0,45,5286,False,False,0.0
6022-KOUQO,1,1,5,16,1,2,29.05,44.75,0,22,4998,False,True,0.0
2361-UPSND,3,4,118,16,1,46,70.6,3231.05,0,52,5433,False,False,0.0
6035-RIIOM,6,1,277,16,1,54,97.2,5129.45,0,55,4971,False,False,0.0
9504-DSHWM,1,1,230,16,1,20,59.2,1191.2,0,58,5924,False,True,0.0
5035-BVCXS,2,4,145,16,1,11,75.9,866.4,0,70,4278,False,True,0.0
6267-DCFFZ,2,3,276,16,1,30,90.05,2627.2,0,39,3792,False,True,0.0
3533-UVMOM,5,1,122,16,1,68,70.95,4741.45,0,43,5036,False,False,0.0
2439-LYPMQ,2,3,285,16,1,38,102.6,4009.2,0,40,5469,False,True,0.0
1478-VPOAD,1,3,65,16,1,1,43.8,43.8,0,31,4633,False,True,0.0
9995-HOTOH,5,3,60,16,1,63,59.0,3707.6,0,20,5639,False,False,0.0
2988-PLAHS,4,3,76,16,1,3,69.95,220.45,0,67,2754,False,False,0.0
1371-OJCEK,3,1,322,16,1,48,24.35,1133.7,0,70,4200,False,False,0.0
4999-IEZLT,3,2,5,16,1,66,29.45,1983.15,0,55,5112,False,False,0.0
8883-ANODQ,6,2,282,16,1,68,84.4,5746.75,0,34,5045,False,False,0.0
2351-RRBUE,3,4,193,16,1,7,20.65,134.05,0,70,3575,False,False,0.0
5980-BDHPY,6,1,257,16,1,72,87.1,6230.1,0,76,5993,False,False,0.0
1498-DQNRX,1,4,193,16,1,29,19.85,573.05,0,59,2712,False,True,0.0
9469-WEJBT,2,3,142,16,1,37,90.35,3419.3,0,76,3347,False,True,0.0
2581-VKIRT,3,4,246,16,1,59,65.5,3801.3,0,35,5631,False,False,0.0
7426-WEIJX,2,3,290,16,1,60,80.95,4859.1,0,71,6214,False,True,0.0
2851-MMUTZ,2,4,85,16,1,27,56.15,1439.35,0,69,3056,False,True,0.0
3307-TLCUD,1,4,41,16,1,17,34.4,592.75,0,45,4207,False,True,0.0
6625-FLENO,5,4,193,16,1,58,20.75,1185.95,0,20,4927,False,False,0.0
2967-MXRAV,3,4,193,16,1,1,18.8,18.8,0,51,5160,False,False,0.0
8189-HBVRW,1,3,314,16,1,53,90.8,4921.2,0,20,5249,False,True,0.0
4163-KIUHY,2,3,322,16,1,35,25.6,901.25,0,56,2980,False,True,0.0
3500-NSDOA,5,2,215,16,1,68,70.8,4859.95,0,61,5540,False,False,0.0
1171-TYKUR,1,3,322,16,1,47,25.4,1139.2,0,33,3159,False,True,0.0
3761-FLYZI,2,1,285,16,1,65,108.8,7082.45,0,64,5225,False,True,0.0
1219-NNDDO,2,3,258,16,1,9,76.85,663.55,0,38,4834,False,True,0.0
8388-DMKAE,5,4,193,16,1,8,20.25,174.65,0,37,2653,False,False,0.0
4403-BWPAY,4,2,322,16,1,14,24.8,321.7,0,22,4527,False,False,0.0
9659-QEQSY,2,3,321,16,1,45,115.65,5125.5,0,75,3974,False,True,0.0
5405-ZMYXQ,2,2,258,16,1,8,74.6,548.9,0,57,2142,False,True,0.0
1442-OKRJE,4,1,188,16,1,66,103.15,7031.3,0,80,4663,False,False,0.0
4737-AQCPU,5,2,254,16,1,72,72.1,5016.65,0,42,4658,False,False,0.0
2808-CHTDM,5,4,322,16,1,23,25.1,611.45,0,67,2267,False,False,0.0
0793-TWELN,2,3,290,16,1,4,80.15,319.85,0,62,2841,False,True,0.0
3283-WCWXT,5,4,322,16,1,6,25.4,153.3,0,52,2882,False,False,0.0
1060-ENTOF,4,2,319,16,1,67,105.4,7035.6,0,64,5703,False,False,0.0
0999-QXNSA,2,4,65,16,1,7,45.75,344.2,0,57,3779,False,True,0.0
5451-MHQOF,4,4,322,16,1,56,24.45,1431.65,0,78,5623,False,False,0.0
4836-WNFNO,5,2,322,16,1,72,25.0,1849.2,0,35,6126,False,False,0.0
9225-BZLNZ,6,3,253,16,1,72,85.25,6083.1,0,52,6275,False,False,0.0
0354-VXMJC,5,2,193,16,1,23,19.6,426.65,0,35,4617,False,False,0.0
4422-QVIJA,1,4,194,16,1,35,50.15,1655.35,0,74,5879,False,True,0.0
9365-SRSZE,2,3,129,16,1,27,70.55,1943.9,0,65,2534,False,True,0.0
8332-OSJDW,3,4,322,16,1,12,26.4,314.95,0,65,3277,False,False,0.0
4735-BJKOU,5,4,193,16,1,40,20.15,804.85,0,64,3915,False,False,0.0
0274-JKUJR,1,4,60,16,1,7,58.85,465.7,0,76,3332,False,True,0.0
5740-YHGTW,2,2,308,16,1,70,97.55,6669.05,0,49,4551,False,True,0.0
8917-SZTTJ,5,2,193,16,1,60,19.65,1161.75,0,50,6315,False,False,0.0
1696-MZVAU,4,2,1,16,1,39,25.25,947.75,0,21,4259,False,False,0.0
7359-WWYJV,5,2,321,16,1,72,114.45,8375.05,0,53,6274,False,False,0.0
4906-ZHGPK,4,3,216,16,1,54,70.7,3770.0,0,77,5276,False,False,0.0
3795-GWTRD,5,2,127,16,1,63,75.55,4707.85,0,64,4626,False,False,0.0
1298-PHBTI,6,3,278,16,1,71,84.8,6152.4,0,43,5952,False,False,0.0
6223-DHJGV,4,4,193,16,1,42,20.65,958.1,0,49,5956,False,False,0.0
6961-MJKBO,5,1,193,16,1,47,20.45,943.0,0,72,4342,False,False,0.0
8158-WPEZG,2,3,21,16,1,11,35.65,425.1,0,61,4986,False,True,0.0
4918-FYJNT,1,3,286,16,1,55,90.45,5044.8,0,42,5140,False,True,0.0
0727-BNRLG,6,2,288,16,1,69,97.65,6743.55,0,20,5709,False,False,0.0
4854-CIDCF,1,3,137,16,1,3,73.85,196.4,0,74,2868,False,True,0.0
3280-MRDOF,6,2,208,16,1,30,69.1,2093.9,0,75,3415,False,False,0.0
6435-SRWBJ,2,3,270,16,1,5,82.75,417.75,0,36,5269,False,True,0.0
9964-WBQDJ,6,2,322,16,1,71,24.4,1725.4,0,56,4412,False,False,0.0
6303-KFWSL,4,3,210,16,1,29,55.25,1620.2,0,55,5481,False,False,0.0
1702-CCFNJ,1,1,214,16,1,52,61.35,3169.55,0,49,4729,False,True,0.0
8932-CZHRQ,3,2,251,16,1,68,76.75,5233.25,0,33,5395,False,False,0.0
0386-CWRGM,5,4,193,16,1,46,19.4,967.85,0,47,2320,False,False,0.0
5515-RUGKN,2,2,66,16,1,8,54.75,438.05,0,53,5317,False,True,0.0
0404-AHASP,5,2,193,16,1,72,19.7,1421.9,0,36,6436,False,False,0.0
7279-NMVJC,3,1,193,16,1,17,19.9,323.15,0,70,2093,False,False,0.0
2081-VEYEH,2,3,160,16,1,3,107.95,318.6,0,70,5653,False,True,0.0
6407-UTSLV,2,1,147,16,1,2,83.8,163.7,0,53,2885,False,True,0.0
9060-HJJRW,4,2,28,16,1,51,56.4,2928.5,0,62,4380,False,False,0.0
2587-YNLES,5,4,193,16,1,6,20.1,100.35,0,42,5874,False,False,0.0
7398-SKNQZ,1,3,261,16,1,3,94.9,273.2,0,58,2330,False,True,0.0
5935-FCCNB,2,3,261,16,1,17,94.2,1608.15,0,54,4425,False,True,0.0
1958-RNRKS,1,3,194,16,1,30,49.9,1441.95,0,45,3712,False,True,0.0
5136-RGMZO,2,3,216,16,1,31,71.05,2168.15,0,37,4443,False,True,0.0
8345-MVDYC,5,1,112,16,1,45,81.65,3618.7,0,41,5937,False,False,0.0
8226-BXGES,3,1,314,16,1,64,89.45,5692.65,0,67,5519,False,False,0.0
9705-IOVQQ,3,3,277,16,1,61,99.0,5969.3,0,20,5177,False,False,0.0
1015-OWJKI,1,4,193,16,1,1,19.05,19.05,0,59,5279,False,True,0.0
2040-XBAVJ,5,1,321,16,1,72,114.45,8100.55,0,32,4700,False,False,0.0
8887-IPQNC,2,4,65,16,1,7,44.25,313.45,0,58,5014,False,True,0.0
8646-JCOMS,4,1,286,16,1,66,90.55,6130.95,0,38,4958,False,False,0.0
1222-KJNZD,2,1,193,16,1,40,20.4,745.3,0,72,5918,False,True,0.0
0106-GHRQR,2,1,219,16,1,16,71.4,1212.1,0,39,3360,False,True,0.0
3768-VHXQO,5,2,322,16,1,67,24.85,1583.5,0,51,4833,False,False,0.0
8952-WCVCD,4,1,188,16,1,41,104.45,4162.05,0,65,2719,False,False,0.0
2418-TPEUN,6,2,193,16,1,56,19.8,1119.9,0,59,4681,False,False,0.0
3963-RYFNS,6,1,321,16,1,72,116.45,8013.55,0,20,5567,False,False,0.0
8540-ZQGEA,5,2,193,16,1,54,20.05,1102.4,0,40,4212,False,False,0.0
1320-REHCS,2,3,289,16,1,52,110.75,5832.0,0,46,4993,False,True,0.0
4137-JOPHL,6,1,142,16,1,50,89.7,4304.5,0,45,5306,False,False,0.0
7801-CEDNV,3,2,97,16,1,27,48.7,1421.75,0,30,3560,False,False,0.0
2057-BOYKM,6,1,318,16,1,72,96.6,6827.5,0,78,5153,False,False,0.0
3658-QQJYD,4,2,116,16,1,62,74.3,4698.05,0,77,5974,False,False,0.0
1803-BGNBD,2,3,85,16,1,12,54.3,654.5,0,63,3854,False,True,0.0
0134-XWXCE,3,1,80,16,1,44,74.85,3268.05,0,71,3253,False,False,0.0
6950-TWMYB,6,1,149,16,1,54,79.95,4362.05,0,48,4387,False,False,0.0
5848-FHRFC,5,1,193,16,1,68,20.05,1386.9,0,63,5740,False,False,0.0
2243-FNMMI,1,4,193,16,1,20,19.4,415.4,0,32,4958,False,True,0.0
2511-MORQY,3,1,202,16,1,50,54.9,2614.1,0,41,4322,False,False,0.0
5356-KZCKT,6,2,322,16,1,58,24.45,1513.6,0,38,6490,False,False,0.0
9470-XCCEM,2,1,276,16,1,35,89.65,3161.6,0,34,2622,False,True,0.0
6519-CFDBX,2,3,65,16,1,2,45.4,80.95,0,45,4964,False,True,0.0
3902-MIVLE,5,4,239,16,1,63,75.7,4676.7,0,62,5113,False,False,0.0
0409-WTMPL,4,2,317,16,1,58,110.65,6526.65,0,55,4761,False,False,0.0
8763-KIAFH,4,4,193,16,1,27,20.55,583.3,0,31,2269,False,False,0.0
3669-WHAFY,6,2,321,16,1,71,115.15,8078.1,0,24,4144,False,False,0.0
3055-VTCGS,3,2,74,16,1,63,58.55,3503.5,0,63,6312,False,False,0.0
3144-KMTWZ,2,1,283,16,1,71,93.25,6669.45,0,63,6035,False,True,0.0
2007-QVGAW,6,1,193,16,1,68,19.35,1292.65,0,27,6303,False,False,0.0
5207-PLSTK,2,4,97,16,1,1,48.75,48.75,0,58,5068,False,True,0.0
2307-FYNNL,6,3,305,16,1,65,109.05,7108.2,0,29,5692,False,False,0.0
5605-XNWEN,6,1,322,16,1,72,25.0,1802.55,0,69,4055,False,False,0.0
2155-AMQRX,2,2,198,16,1,28,54.9,1505.15,0,26,2885,False,True,0.0
6181-AXXYF,5,2,322,16,1,72,24.75,1859.1,0,71,4185,False,False,0.0
5091-HFAZW,2,3,179,16,1,2,91.15,168.5,0,52,2686,False,True,0.0
2519-LBNQL,4,3,285,16,1,60,104.35,6339.45,0,73,4040,False,False,0.0
8623-ULFNQ,2,3,199,16,1,26,66.05,1652.4,0,43,3225,False,True,0.0
1568-LJSZU,6,2,257,16,1,68,92.2,6392.85,0,43,4451,False,False,0.0
7789-HKSBS,4,1,301,16,1,42,105.2,4599.15,0,36,5573,False,False,0.0
7416-CKTEP,6,1,193,16,1,57,19.6,1134.25,0,77,6064,False,False,0.0
2586-CWXVV,1,3,17,16,1,54,30.4,1621.35,0,78,4778,False,True,0.0
2348-KCJLT,4,4,121,16,1,44,61.5,2722.2,0,21,2059,False,False,0.0
8401-EMUWF,2,1,244,16,1,42,69.4,3058.3,0,36,4701,False,True,0.0
4193-IBKSW,5,1,322,16,1,72,24.75,1769.6,0,67,6232,False,False,0.0
5377-NDTOU,5,4,257,16,1,71,91.05,6293.75,0,39,4644,False,False,0.0
2474-LCNUE,2,2,201,16,1,23,73.65,1642.75,0,61,2590,False,True,0.0
0839-QNXME,5,2,193,16,1,30,19.4,578.5,0,78,3986,False,False,0.0
3506-OVLKD,3,1,322,16,1,35,26.2,954.9,0,80,4419,False,False,0.0
6650-VJONK,2,1,65,16,1,1,43.85,43.85,0,39,5913,False,True,0.0
2178-PMGCJ,2,4,129,16,1,22,69.7,1490.4,0,32,4838,False,True,0.0
7492-TAFJD,5,4,57,16,1,7,38.55,280.0,0,70,3345,False,False,0.0
2773-MADBQ,6,4,62,16,1,36,53.1,1901.25,0,40,2751,False,False,0.0
6016-LVTJQ,1,4,193,16,1,34,20.65,716.4,0,74,5099,False,True,0.0
7860-KSUGX,5,2,250,16,1,72,64.45,4720.0,0,74,6330,False,False,0.0
8966-KZXXA,5,2,322,16,1,36,25.1,930.95,0,45,3040,False,False,0.0
5149-QYTTU,4,2,318,16,1,71,95.15,6770.85,0,41,5647,False,False,0.0
2070-XYMFH,2,4,266,16,1,23,79.35,1835.3,0,50,3558,False,True,0.0
2085-BOJKI,4,1,140,16,1,17,96.65,1588.25,0,37,5228,False,False,0.0
0817-HSUSE,2,3,80,16,1,1,75.5,75.5,0,43,2954,False,True,0.0
5442-PPTJY,5,4,193,16,1,12,19.7,258.35,0,24,5104,False,False,0.0
1927-QEWMY,5,2,193,16,1,72,20.5,1502.25,0,25,6302,False,False,0.0
1663-MHLHE,1,4,193,16,1,1,19.2,19.2,0,44,4629,False,True,0.0
5663-QBGIS,5,1,277,16,1,72,98.35,6929.4,0,73,6120,False,False,0.0
4450-MDZFX,1,1,258,16,1,60,74.35,4453.3,0,26,5100,False,True,0.0
6701-DHKWQ,5,2,31,16,1,61,51.35,3244.4,0,55,4159,False,False,0.0
7554-AKDQF,1,4,65,16,1,6,45.65,323.45,0,40,4227,False,True,0.0
0794-YVSGE,5,1,193,16,1,72,20.3,1401.15,0,76,5265,False,False,0.0
5423-BHIXO,2,3,210,16,1,32,54.2,1739.6,0,43,4454,False,True,0.0
6908-VVYHM,2,3,275,16,1,65,90.65,5931.0,0,70,6358,False,True,0.0
2959-EEXWB,2,1,36,16,1,45,50.9,2333.85,0,64,3937,False,True,0.0
1839-UMACK,3,3,322,16,1,42,25.05,949.85,0,55,3756,False,False,0.0
3030-YDNRM,2,3,258,16,1,8,74.85,572.45,0,40,5514,False,True,0.0
7321-KKSDU,5,4,193,16,1,32,20.5,696.8,0,50,3114,False,False,0.0
3402-XRIUO,2,4,246,16,1,22,63.55,1381.8,0,36,2136,False,True,0.0
8286-AFUYI,1,3,97,16,1,1,47.95,47.95,0,35,5092,False,True,0.0
8356-WUAOJ,2,3,65,16,1,1,45.0,45.0,0,63,5669,False,True,0.0
8058-DMYRU,2,3,275,16,1,54,90.05,4931.8,0,23,5232,False,True,0.0
9350-ZXYJC,6,2,322,16,1,4,25.3,116.95,0,63,3808,False,False,0.0
8958-JPTRR,3,3,322,16,1,56,24.3,1261.7,0,33,5052,False,False,0.0
6959-GQEGV,2,3,108,16,1,45,75.95,3273.8,0,28,2185,False,True,0.0
3173-WSSUE,5,2,193,16,1,71,19.7,1415.85,0,52,5921,False,False,0.0
1265-HVPZB,3,2,123,16,1,59,66.4,3958.2,0,64,6432,False,False,0.0
4115-UMJFQ,4,1,25,16,1,69,35.75,2492.25,0,32,4043,False,False,0.0
7369-TRPFD,3,4,193,16,1,19,18.8,279.2,0,43,2916,False,False,0.0
1098-KFQEC,5,2,193,16,1,55,19.4,1083.0,0,23,5366,False,False,0.0
7190-XHTWJ,3,4,193,16,1,38,19.3,755.5,0,32,4705,False,False,0.0
3537-RYBHH,2,2,250,16,1,47,67.45,3252.0,0,67,4074,False,True,0.0
5296-BFCYD,6,4,193,16,1,46,20.1,936.85,0,24,3392,False,False,0.0
9359-JANWS,5,2,109,16,1,65,58.9,3857.1,0,50,5657,False,False,0.0
3279-DYZQM,5,4,193,16,1,71,19.45,1378.45,0,63,5497,False,False,0.0
0523-VNGTF,2,3,31,16,1,52,50.5,2566.3,0,70,5185,False,True,0.0
9575-IWCAZ,3,4,322,16,1,6,25.1,171.0,0,31,5161,False,False,0.0
7105-MXJLL,3,4,74,16,1,26,60.7,1597.4,0,68,2502,False,False,0.0
7064-FRRSW,4,3,277,16,1,48,99.0,4744.35,0,78,3061,False,False,0.0
7940-UQQUG,4,1,297,16,1,64,104.4,6721.6,0,33,5133,False,False,0.0
3961-SXAXY,2,1,65,16,1,1,44.05,44.05,0,54,5925,False,True,0.0
7010-BRBUU,5,2,322,16,1,72,24.1,1734.65,0,23,4264,False,False,0.0
3566-HJGPK,2,4,65,16,1,1,45.55,45.55,0,31,3173,False,True,0.0
3062-ICYZQ,2,3,307,16,1,51,93.8,4539.35,0,20,5457,False,True,0.0
9938-PRCVK,5,1,193,16,1,41,19.7,804.25,0,52,2902,False,False,0.0
0973-KYVNF,6,2,123,16,1,72,70.65,5011.15,0,75,5176,False,False,0.0
5129-HHMZC,5,2,249,16,1,43,86.45,3574.5,0,53,3110,False,False,0.0
9637-CDTKZ,6,2,321,16,1,72,114.1,8086.4,0,61,4965,False,False,0.0
3946-JEWRQ,4,2,261,16,1,47,95.2,4563.0,0,72,4977,False,False,0.0
7873-CVMAW,5,2,257,16,1,72,88.55,6362.35,0,32,6468,False,False,0.0
0463-WZZKO,2,2,193,16,1,3,20.75,67.1,0,30,2406,False,True,0.0
4524-QCSSM,2,1,50,16,1,26,44.65,1156.55,0,33,4512,False,True,0.0
5832-EXGTT,2,4,98,16,1,29,60.2,1834.15,0,76,5517,False,True,0.0
2039-JONDJ,3,1,113,16,1,27,55.45,1477.65,0,80,3616,False,False,0.0
7217-JYHOQ,2,2,118,16,1,24,70.3,1706.45,0,56,3359,False,True,0.0
6695-FRVEC,6,1,109,16,1,67,60.4,3953.7,0,73,5356,False,False,0.0
9894-QMIMJ,3,1,89,16,1,23,55.8,1327.85,0,20,2499,False,False,0.0
8069-YQQAJ,2,4,17,16,1,14,31.1,419.7,0,55,3448,False,True,0.0
1636-NTNCO,2,2,20,16,1,4,50.95,207.35,0,33,2104,False,True,0.0
3466-WAESX,2,3,243,16,1,16,69.1,1083.7,0,71,5172,False,True,0.0
9281-PKKZE,2,3,4,16,1,46,43.95,2007.85,0,47,4818,False,True,0.0
3638-VBZTA,6,1,249,16,1,68,86.5,5882.75,0,45,4280,False,False,0.0
7459-IMVYU,1,3,254,16,1,38,69.95,2657.55,0,39,5858,False,True,0.0
8563-OYMQY,2,2,154,16,1,17,90.95,1612.2,0,23,5687,False,True,0.0
0754-EEBDC,5,4,193,16,1,4,19.9,76.65,0,74,2347,False,False,0.0
5777-ZPQNC,3,3,193,16,1,12,20.15,260.7,0,38,4628,False,False,0.0
1951-IEYXM,6,2,257,16,1,72,90.6,6441.85,0,73,4528,False,False,0.0
3318-NMQXL,2,3,132,16,1,3,92.0,266.8,0,42,4345,False,True,0.0
1022-RKXDR,4,4,322,16,1,41,24.85,962.25,0,42,3089,False,False,0.0
2361-FJWNO,3,2,21,16,1,40,36.0,1382.9,0,38,5323,False,False,0.0
2272-UOINI,2,3,120,16,1,7,78.5,571.05,0,47,3601,False,True,0.0
8232-UTFOZ,5,2,193,16,1,69,19.95,1399.35,0,59,4328,False,False,0.0
3750-YHRYO,3,4,193,16,1,7,20.65,150.0,0,27,2874,False,False,0.0
6637-KYRCV,2,3,17,16,1,5,30.5,167.2,0,27,5973,False,True,0.0
5668-MEISB,5,2,320,16,1,72,106.1,7657.4,0,34,5146,False,False,0.0
0129-QMPDR,4,1,193,16,1,44,20.5,865.05,0,59,3093,False,False,0.0
7188-CBBBA,4,3,284,16,1,65,95.5,6153.85,0,35,6153,False,False,0.0
5356-CSVSQ,1,3,200,16,1,3,64.6,174.2,0,24,5277,False,True,0.0
3221-CJMSG,2,2,69,16,1,24,51.1,1269.6,0,23,2515,False,True,0.0
3219-JQRSL,5,2,257,16,1,72,89.1,6352.4,0,39,4627,False,False,0.0
2801-NISEI,1,3,101,16,1,24,54.95,1348.5,0,55,3407,False,True,0.0
4623-ZKHLY,2,1,193,16,1,22,20.45,471.55,0,28,3727,False,True,0.0
6732-VAILE,6,2,225,16,1,70,85.95,5931.75,0,60,6354,False,False,0.0
8201-AAXCB,1,3,196,16,1,25,60.35,1404.65,0,75,3192,False,True,0.0
7696-CFTAT,5,1,193,16,1,37,19.8,726.1,0,28,2745,False,False,0.0
1845-CSBRZ,1,1,260,16,1,22,85.35,1961.6,0,49,2656,False,True,0.0
2123-VSCOT,6,1,208,16,1,59,72.1,4194.85,0,52,6225,False,False,0.0
2018-QKYGT,2,3,130,16,1,1,81.05,81.05,0,27,4396,False,True,0.0
2792-VPPET,2,3,193,16,1,3,20.5,76.95,0,35,5296,False,True,0.0
7409-JURKQ,4,1,289,16,1,53,111.8,5809.75,0,28,5713,False,False,0.0
3247-MHJKM,1,4,193,16,1,1,20.2,20.2,0,72,3586,False,True,0.0
1964-SVLEA,4,4,193,16,1,20,19.7,415.9,0,80,2860,False,False,0.0
7297-DVYGA,4,1,193,16,1,51,19.85,996.95,0,65,5089,False,False,0.0
2239-CGBUZ,4,1,117,16,1,51,60.5,3145.15,0,63,4207,False,False,0.0
0854-UYHZD,5,4,193,16,1,13,19.55,265.3,0,55,2816,False,False,0.0
7243-LCGGZ,1,4,193,16,1,1,20.9,20.9,0,72,3901,False,True,0.0
8267-KFGYD,2,4,193,16,1,1,21.05,21.05,0,32,3389,False,True,0.0
4890-VMUAV,3,3,254,16,1,63,71.5,4576.3,0,36,5342,False,False,0.0
9261-WDCAF,1,4,66,16,1,3,54.65,189.1,0,34,2168,False,True,0.0
3764-MNMOI,5,2,193,16,1,46,19.2,908.15,0,54,2776,False,False,0.0
7442-YGZFK,2,2,194,16,1,1,49.8,49.8,0,79,4796,False,True,0.0
8229-BUJHX,5,1,193,16,1,71,20.5,1500.95,0,62,4941,False,False,0.0
7449-HVPIV,2,2,268,16,1,55,90.4,5099.15,0,44,4603,False,True,0.0
5504-WSIUR,4,1,286,16,1,70,90.25,6385.95,0,33,5327,False,False,0.0
8466-PZBLH,5,1,297,16,1,67,104.6,6885.75,0,56,4743,False,False,0.0
8735-IJJEG,1,2,73,16,1,14,50.2,668.85,0,48,4253,False,True,0.0
0564-MUUQK,2,1,271,16,1,20,95.5,1916.2,0,73,3186,False,True,0.0
0701-RFGFI,2,1,261,16,1,49,95.4,4613.95,0,41,6136,False,True,0.0
0019-EFAEP,6,1,316,16,1,72,101.3,7261.25,0,53,5513,False,False,0.0
5619-PTMIK,1,3,226,16,1,46,53.1,2459.8,0,72,3358,False,True,0.0
3737-XBQDD,2,1,282,16,1,24,84.85,2048.8,0,23,2941,False,True,0.0
5882-CMAZQ,1,3,21,16,1,5,34.25,163.55,0,21,5100,False,True,0.0
5846-QFDFI,1,2,286,16,1,33,88.6,2888.7,0,78,3648,False,True,0.0
4445-KWOKW,4,1,242,16,1,42,60.15,2421.6,0,55,5988,False,False,0.0
3511-APPBJ,4,2,172,16,1,23,99.95,2292.75,0,62,3515,False,False,0.0
7967-HYCDE,1,1,129,16,1,8,70.7,553.4,0,27,4946,False,True,0.0
2430-RRYUW,4,4,113,16,1,66,54.8,3465.7,0,20,4621,False,False,0.0
3723-BFBGR,1,2,210,16,1,24,54.8,1291.3,0,25,4330,False,True,0.0
5447-WZAFP,4,4,156,16,1,53,100.3,5200.8,0,71,5377,False,False,0.0
5110-CHOPY,5,3,44,16,1,60,53.6,3237.05,0,39,4173,False,False,0.0
4425-OWHWB,4,2,193,16,1,20,19.35,433.75,0,77,5811,False,False,0.0
7892-QVYKW,1,3,259,16,1,23,85.6,1868.4,0,25,3513,False,True,0.0
9675-ICXCT,6,3,112,16,1,72,80.8,5728.55,0,75,4689,False,False,0.0
4703-MQYKT,5,4,193,16,1,21,19.6,390.4,0,22,4562,False,False,0.0
5692-ICXLW,2,3,276,16,1,31,90.7,2845.15,0,60,3493,False,True,0.0
0602-DDUML,5,4,95,16,1,57,69.75,3894.4,0,38,4487,False,False,0.0
2208-MPXIO,6,1,193,16,1,45,20.0,886.4,0,71,5169,False,False,0.0
1960-UYCNN,2,3,283,16,1,10,95.25,1021.55,0,23,4810,False,True,0.0
3190-FZATL,1,4,193,16,1,14,19.95,268.4,0,71,5770,False,True,0.0
7336-RLLRH,3,4,233,16,1,27,80.85,2204.35,0,51,4732,False,False,0.0
7710-JSYOA,6,1,279,16,1,69,93.3,6398.05,0,45,5205,False,False,0.0
9885-MFVSU,6,2,39,16,1,35,46.35,1662.05,0,46,4577,False,False,0.0
0607-MVMGC,3,2,221,16,1,45,78.75,3600.65,0,63,2595,False,False,0.0
3365-SAIGS,2,3,147,16,1,17,83.55,1329.15,0,59,5564,False,True,0.0
8022-BECSI,3,4,193,16,1,22,19.6,422.5,0,37,2203,False,False,0.0
9993-LHIEB,5,4,110,16,1,67,67.85,4627.65,0,59,4792,False,False,0.0
0266-CLZKZ,6,1,273,16,1,67,105.65,6717.9,0,59,6383,False,False,0.0
7020-OZKXZ,1,2,137,16,1,9,75.5,637.4,0,30,3021,False,True,0.0
3977-QCRSL,1,4,193,16,1,5,20.15,117.95,0,66,5020,False,True,0.0
0017-DINOC,5,2,39,16,1,54,45.2,2460.55,0,54,5435,False,False,0.0
7639-OPLNG,6,1,256,16,1,70,79.25,5731.85,0,27,5085,False,False,0.0
1492-QGCLU,1,3,241,16,1,53,85.7,4616.1,0,36,5957,False,True,0.0
7328-OWMOM,3,2,193,16,1,31,20.1,589.25,0,30,3086,False,False,0.0
4418-LZMSV,1,1,93,16,1,13,61.8,750.1,0,47,4749,False,True,0.0
5155-AZQPB,1,4,194,16,1,28,49.9,1410.25,0,74,5250,False,True,0.0
1087-GRUYI,5,1,193,16,1,38,20.4,743.5,0,65,3756,False,False,0.0
2546-KZAAT,4,4,116,16,1,52,75.4,3865.45,0,59,5211,False,False,0.0
0181-RITDD,5,4,192,16,1,62,108.15,6825.65,0,43,5298,False,False,0.0
5989-PGKJB,2,3,146,16,1,16,86.25,1340.1,0,65,3511,False,True,0.0
8272-ONJLV,3,3,140,16,1,12,95.7,1184.0,0,41,5527,False,False,0.0
1488-PBLJN,6,1,321,16,1,72,116.85,8477.7,0,33,4055,False,False,0.0
0308-GIQJT,3,1,281,16,1,71,105.75,7382.85,0,54,4921,False,False,0.0
3778-FOAQW,3,4,193,16,1,24,20.15,456.85,0,39,3573,False,False,0.0
4452-ROHMO,5,4,193,16,1,15,19.6,331.6,0,38,2722,False,False,0.0
3090-LETTY,1,1,242,16,1,2,60.95,134.6,0,78,3172,False,True,0.0
5349-AZPEW,1,4,1,16,1,5,25.05,125.5,0,24,2071,False,True,0.0
9720-JJJOR,4,1,121,16,1,41,60.3,2511.3,0,50,4565,False,False,0.0
8100-HZZLJ,2,3,114,16,1,43,63.95,2737.05,0,55,4205,False,True,0.0
8775-ERLNB,1,3,258,16,1,1,74.3,74.3,0,47,2968,False,True,0.0
8309-IEYJD,2,4,129,16,1,1,70.6,70.6,0,25,2576,False,True,0.0
7398-HPYZQ,5,1,257,16,1,71,90.55,6404.0,0,23,5007,False,False,0.0
3546-GHEAE,5,4,193,16,1,7,19.45,165.35,0,42,2600,False,False,0.0
7361-YPXFS,1,1,222,16,1,28,64.45,1867.6,0,37,3820,False,True,0.0
6557-BZXLQ,1,3,129,16,1,16,69.65,1043.3,0,63,5610,False,True,0.0
2550-QHZGP,3,4,193,16,1,7,19.5,128.6,0,71,4271,False,False,0.0
7519-JTWQH,6,1,289,16,1,69,110.5,7455.45,0,33,4803,False,False,0.0
2538-OIMXF,1,4,1,16,1,1,24.7,24.7,0,55,3065,False,True,0.0
8543-MSDMF,2,3,108,16,1,3,77.4,206.15,0,24,5528,False,True,0.0
1170-SASML,2,1,282,16,1,69,85.4,5869.4,0,62,5976,False,True,0.0
4872-JCVCA,6,1,61,16,1,71,47.6,3377.8,0,22,4795,False,False,0.0
5346-BZCHP,5,4,193,16,1,69,19.4,1346.2,0,57,6408,False,False,0.0
2038-LLMLM,2,3,273,16,1,48,103.85,4946.05,0,78,4304,False,True,0.0
1216-BGTSP,2,2,305,16,1,45,108.45,4964.7,0,33,5093,False,True,0.0
4138-NAXED,1,1,274,16,1,51,81.0,4085.75,0,34,4121,False,True,0.0
0744-BIKKF,5,1,257,16,1,72,86.65,6224.8,0,67,4621,False,False,0.0
7483-IQWIB,2,3,284,16,1,37,92.95,3415.25,0,42,3462,False,True,0.0
5248-KWLAR,5,3,257,16,1,71,90.35,6325.25,0,28,6483,False,False,0.0
7996-MHXLW,6,2,322,16,1,66,25.15,1683.6,0,61,6141,False,False,0.0
7833-PKIHD,4,1,104,16,1,51,76.4,3966.3,0,52,6385,False,False,0.0
7061-OVMIM,3,1,193,16,1,30,19.55,608.5,0,50,5203,False,False,0.0
5153-RTHKF,1,3,260,16,1,34,85.35,2896.6,0,78,3818,False,True,0.0
1852-QSWCD,6,4,322,16,1,64,24.8,1514.85,0,55,6281,False,False,0.0
4832-VRBMR,4,1,285,16,1,65,103.15,6792.45,0,51,6441,False,False,0.0
9079-LWTFD,1,4,312,16,1,47,100.75,4669.2,0,27,2508,False,True,0.0
3392-EHMNK,5,2,280,16,1,67,94.1,6302.8,0,58,4803,False,False,0.0
5986-WWXDV,3,1,193,16,1,39,19.35,779.2,0,68,2607,False,False,0.0
3061-BCKYI,1,4,193,16,1,14,19.9,283.75,0,34,3854,False,True,0.0
7901-TBKJX,2,3,269,16,1,56,101.05,5594.0,0,65,5514,False,True,0.0
7228-PAQPD,3,2,70,16,1,14,59.1,772.85,0,58,5718,False,False,0.0
7746-QYVCO,4,4,113,16,1,16,55.85,857.8,0,55,2464,False,False,0.0
5804-HYIEZ,2,3,309,16,1,70,106.05,7554.05,0,30,4583,False,True,0.0
9919-FZDED,6,2,253,16,1,72,84.1,5981.65,0,63,4671,False,False,0.0
5934-TSSAU,2,2,137,16,1,23,75.3,1702.9,0,49,5903,False,True,0.0
3486-KHMLI,1,4,322,16,1,21,24.7,467.15,0,54,5403,False,True,0.0
6784-XYJAE,3,3,202,16,1,36,55.8,1941.5,0,25,4770,False,False,0.0
3933-DQPWX,5,2,29,16,1,50,39.7,1932.75,0,49,5174,False,False,0.0
6661-EIPZC,2,2,5,16,1,48,29.5,1423.05,0,36,3194,False,True,0.0
8957-THMOA,5,2,193,16,1,50,20.15,970.85,0,27,4263,False,False,0.0
2251-PYLPB,5,2,255,16,1,72,79.55,5810.9,0,55,4766,False,False,0.0
5555-RNPGT,1,2,322,16,1,10,24.8,223.9,0,36,5212,False,True,0.0
1057-FOGLZ,1,4,193,16,1,18,19.65,391.7,0,20,4333,False,True,0.0
8087-LGYHQ,2,3,140,16,1,9,94.05,811.65,0,42,3475,False,True,0.0
4137-BTIKL,1,4,291,16,1,2,90.75,174.75,0,60,4766,False,True,0.0
2190-BCXEC,2,2,262,16,1,40,78.85,3126.85,0,45,5257,False,True,0.0
6227-FBDXH,3,1,269,16,1,69,99.5,6841.45,0,56,4237,False,False,0.0
2911-WDXMV,2,2,266,16,1,18,80.55,1406.65,0,37,5334,False,True,0.0
7206-PQBBZ,2,3,129,16,1,11,70.2,834.7,0,29,2848,False,True,0.0
4547-FZJWE,3,2,98,16,1,55,59.45,3157.0,0,77,5712,False,False,0.0
7422-WNBTY,2,3,283,16,1,33,93.35,3092.0,0,40,3348,False,True,0.0
0842-IWYCP,1,1,65,16,1,46,44.95,2168.9,0,44,2626,False,True,0.0
3521-HTQTV,5,1,322,16,1,34,26.1,980.35,0,46,2026,False,False,0.0
3744-ZBHON,1,3,193,16,1,3,20.2,65.95,0,24,4369,False,True,0.0
3373-DIUUN,5,4,193,16,1,30,21.25,711.9,0,70,3047,False,False,0.0
8383-SGHJU,3,3,230,16,1,33,59.4,1952.8,0,38,2853,False,False,0.0
7607-QKKTJ,4,2,283,16,1,45,95.0,4368.85,0,27,2719,False,False,0.0
7707-PYBBH,2,4,117,16,1,40,61.9,2647.1,0,52,2520,False,True,0.0
8984-HPEMB,6,3,321,16,1,71,118.65,8477.6,0,73,4296,False,False,0.0
4139-DETXS,5,1,64,16,1,72,64.45,4528.0,0,45,5265,False,False,0.0
9779-DPNEJ,2,3,130,16,1,22,80.15,1790.65,0,42,4732,False,True,0.0
9805-FILKB,4,1,193,16,1,46,20.2,845.6,0,68,2325,False,False,0.0
5793-YOLJN,5,4,193,16,1,55,21.0,1210.3,0,24,5046,False,False,0.0
0673-IGUQO,1,4,193,16,1,1,20.45,20.45,0,38,4845,False,True,0.0
4123-FCVCB,4,4,201,16,1,12,75.85,854.45,0,70,5942,False,False,0.0
8819-IMISP,2,3,274,16,1,31,80.45,2429.1,0,49,4684,False,True,0.0
8311-UEUAB,6,3,229,16,1,67,75.5,5229.45,0,69,5420,False,False,0.0
5858-EAFCZ,1,4,65,16,1,1,44.45,44.45,0,74,3498,False,True,0.0
1163-ONYEY,2,2,252,16,1,41,74.55,3023.55,0,61,2748,False,True,0.0
5656-MJEFC,5,2,47,16,1,42,48.15,2032.3,0,25,2673,False,False,0.0
6082-OQFBA,3,4,193,16,1,23,19.65,436.9,0,70,5460,False,False,0.0
8974-OVACP,1,4,193,16,1,1,20.15,20.15,0,31,3167,False,True,0.0
4010-YLMVT,2,2,309,16,1,56,106.6,5893.95,0,80,5056,False,True,0.0
1379-FRVEB,2,3,276,16,1,15,91.0,1430.05,0,48,4602,False,True,0.0
8612-GXIDD,6,1,322,16,1,12,25.4,313.0,0,71,2219,False,False,0.0
6288-CHQJB,5,1,110,16,1,54,69.95,3871.85,0,57,5077,False,False,0.0
8160-HOWOX,2,3,68,16,1,7,66.85,458.1,0,43,4858,False,True,0.0
6648-INWPS,1,3,193,16,1,16,20.15,341.35,0,58,5271,False,True,0.0
4223-BKEOR,3,4,106,16,1,21,64.85,1336.8,0,51,3302,False,False,0.0
4079-VTGLK,5,3,205,16,1,30,74.85,2181.75,0,27,5610,False,False,0.0
1763-WQFUK,2,4,69,16,1,3,50.5,147.75,0,43,5258,False,True,0.0
1391-UBDAR,1,3,137,16,1,11,72.9,818.45,0,71,3042,False,True,0.0
8894-JVDCV,4,2,321,16,1,62,115.05,7133.45,0,43,6494,False,False,0.0
2023-VQFDL,1,3,193,16,1,18,19.0,348.8,0,39,5379,False,True,0.0
1345-GKDZZ,1,4,193,16,1,6,19.55,128.6,0,69,2309,False,True,0.0
2014-MKGMH,4,3,269,16,1,46,101.1,4674.4,0,54,4883,False,False,0.0
5628-FCGYG,2,3,259,16,1,21,84.1,1737.45,0,69,4649,False,True,0.0
2560-WBWXF,6,1,322,16,1,68,24.15,1498.85,0,70,5987,False,False,0.0
0248-IPDFW,2,3,194,16,1,1,50.1,50.1,0,57,5617,False,True,0.0
7978-DKUQH,2,3,137,16,1,25,74.6,1797.75,0,35,4591,False,True,0.0
4335-UPJSI,5,4,193,16,1,24,19.75,498.1,0,43,2639,False,False,0.0
1784-EZDKJ,4,1,285,16,1,51,106.8,5498.8,0,33,4640,False,False,0.0
9297-FVVDH,6,3,241,16,1,57,84.5,4845.4,0,41,5928,False,False,0.0
8007-YYPWD,5,1,322,16,1,15,25.05,369.1,0,43,5218,False,False,0.0
7101-HRBLJ,6,1,128,16,1,72,83.7,6096.9,0,36,4592,False,False,0.0
6635-CPNUN,1,2,284,16,1,28,96.6,2684.35,0,43,5530,False,True,0.0
5453-YBTWV,6,2,191,16,1,70,101.1,6994.8,0,62,4226,False,False,0.0
5039-LZRQT,3,4,193,16,1,13,20.2,273.25,0,34,2953,False,False,0.0
2931-VUVJN,4,3,318,16,1,59,94.05,5483.9,0,30,5061,False,False,0.0
6418-PIQSP,5,4,112,16,1,62,81.0,4985.9,0,31,4684,False,False,0.0
8220-OCUFY,4,3,109,16,1,21,60.25,1258.35,0,25,4870,False,False,0.0
3995-WFCSM,1,3,74,16,1,2,60.85,111.4,0,54,3796,False,True,0.0
1895-QTKDO,1,2,65,16,1,1,43.95,43.95,0,20,5684,False,True,0.0
2038-OEQZH,1,3,138,16,1,4,86.05,308.1,0,55,3653,False,True,0.0
1178-PZGAB,3,2,193,16,1,19,20.25,383.65,0,78,5586,False,False,0.0
2626-VEEWG,6,2,193,16,1,67,19.4,1284.2,0,70,4890,False,False,0.0
2878-RMWXY,6,2,315,16,1,72,102.65,7550.3,0,66,4680,False,False,0.0
1657-DYMBM,5,2,193,16,1,53,19.9,1110.05,0,61,4157,False,False,0.0
7311-MQJCH,3,3,193,16,1,5,19.55,99.6,0,47,2575,False,False,0.0
7375-WMVMT,6,2,158,16,1,71,95.5,6707.15,0,80,6412,False,False,0.0
1136-XGEQU,4,2,225,16,1,50,84.15,4164.4,0,43,4625,False,False,0.0
2530-FMFXO,6,3,273,16,1,56,103.2,5873.75,0,55,4478,False,False,0.0
6844-DZKRF,2,2,69,16,1,2,50.2,109.25,0,59,4697,False,True,0.0
5970-GHJAW,5,2,193,16,1,46,19.95,862.4,0,75,3574,False,False,0.0
8879-XUAHX,6,3,321,16,1,71,116.25,8564.75,0,47,6124,False,False,0.0
3689-MOZGR,2,3,5,16,1,29,31.2,926.2,0,39,4761,False,True,0.0
4195-PNGZS,5,1,322,16,1,69,24.45,1718.2,0,39,5295,False,False,0.0
5003-XZWWO,5,2,225,16,1,71,84.2,5956.85,0,33,4753,False,False,0.0
7622-FWGEW,6,1,128,16,1,56,85.65,4824.45,0,70,6500,False,False,0.0
6922-NCEDI,4,4,193,16,1,56,21.2,1238.65,0,23,6473,False,False,0.0
9891-NQDBD,3,4,322,16,1,28,25.55,672.2,0,39,3493,False,False,0.0
6131-IUNXN,1,4,193,16,1,19,20.2,382.2,0,64,3636,False,True,0.0
8548-AWOFC,1,3,199,16,1,66,63.85,4264.6,0,72,5956,False,True,0.0
9798-DRYDS,4,4,206,16,1,17,61.95,1070.7,0,27,4759,False,False,0.0
8532-UEFWH,5,4,322,16,1,52,25.75,1345.85,0,21,4676,False,False,0.0
6296-DDOOR,3,3,83,16,1,19,58.2,1045.25,0,73,4033,False,False,0.0
7951-VRDVK,3,1,128,16,1,36,85.85,3003.55,0,64,4898,False,False,0.0
4815-YOSUK,4,2,319,16,1,72,104.9,7537.5,0,35,4927,False,False,0.0
0380-NEAVX,4,3,156,16,1,34,99.85,3343.15,0,71,5626,False,False,0.0
4365-MSDYN,2,1,193,16,1,8,19.55,161.15,0,31,4909,False,True,0.0
7036-TYDEC,5,3,273,16,1,69,104.0,7028.5,0,63,5902,False,False,0.0
5802-ADBRC,4,4,301,16,1,50,104.4,5232.9,0,26,6100,False,False,0.0
8076-FEZKJ,3,4,193,16,1,10,19.5,225.85,0,80,5039,False,False,0.0
5197-YPYBZ,5,2,322,16,1,12,25.25,274.7,0,49,2646,False,False,0.0
4312-GVYNH,6,1,46,16,1,70,49.85,3370.2,0,26,5460,False,False,0.0
8495-LJDFO,2,1,305,16,1,64,108.95,7111.3,0,26,5780,False,True,0.0
0839-JTCUD,5,2,257,16,1,66,89.9,5958.85,0,20,4082,False,False,0.0
5494-WOZRZ,6,2,112,16,1,71,82.0,5999.85,0,72,5770,False,False,0.0
1302-UHBDD,1,3,132,16,1,20,89.95,1648.45,0,33,4812,False,True,0.0
2234-EOFPT,6,1,120,16,1,72,79.35,5753.25,0,55,4278,False,False,0.0
8619-IJNDK,5,2,125,16,1,71,64.05,4492.9,0,71,4374,False,False,0.0
8378-LKJAF,2,2,269,16,1,38,101.15,3956.7,0,34,3738,False,True,0.0
1153-GNOLC,4,3,19,16,1,33,39.1,1309.0,0,40,2855,False,False,0.0
3298-QEICA,5,4,37,16,1,23,34.6,813.45,0,73,4445,False,False,0.0
0788-DXBFY,4,3,193,16,1,58,19.55,1108.8,0,72,4801,False,False,0.0
3597-YASZG,6,1,281,16,1,70,104.45,7349.35,0,27,5004,False,False,0.0
3496-LFSZU,1,3,129,16,1,4,70.5,294.2,0,68,2896,False,True,0.0
5242-UOWHD,5,4,193,16,1,45,20.35,929.2,0,62,4210,False,False,0.0
6479-SZPLM,5,2,193,16,1,36,19.45,754.5,0,39,5745,False,False,0.0
8097-VBQTZ,2,4,119,16,1,54,69.9,3883.3,0,65,6092,False,True,0.0
4500-HKANN,5,4,214,16,1,23,59.7,1414.2,0,49,3464,False,False,0.0
9917-KWRBE,4,2,252,16,1,41,78.35,3211.2,0,44,2894,False,False,0.0
3420-ZDBMA,2,4,129,16,1,5,71.45,371.6,0,36,5171,False,True,0.0
2212-LYASK,4,2,26,16,1,27,45.85,1246.4,0,49,2068,False,False,0.0
1393-IMKZG,2,3,136,16,1,1,95.85,95.85,0,23,3270,False,True,0.0
8069-RHUXK,5,2,37,16,1,67,35.7,2545.7,0,25,5655,False,False,0.0
3398-GCPMU,6,2,257,16,1,72,89.55,6448.85,0,25,4993,False,False,0.0
2908-WGAXL,6,2,322,16,1,56,24.95,1468.9,0,76,5243,False,False,0.0
3378-AJRAO,3,3,322,16,1,44,24.85,1013.6,0,58,5331,False,False,0.0
1013-QCWAM,2,3,277,16,1,66,100.8,6690.75,0,32,5469,False,True,0.0
6050-FFXES,5,1,273,16,1,69,105.35,7240.65,0,34,5268,False,False,0.0
0362-RAOQO,5,2,193,16,1,40,19.65,830.25,0,75,3878,False,False,0.0
9554-DFKIC,2,1,226,16,1,30,54.45,1588.7,0,38,2613,False,True,0.0
5527-ACHSO,1,4,72,16,1,11,70.5,829.3,0,75,5541,False,True,0.0
0829-DDVLK,3,2,193,16,1,15,20.1,302.45,0,71,4359,False,False,0.0
1399-UBQIU,2,3,76,16,1,11,69.35,712.25,0,47,2288,False,True,0.0
1813-JLKWR,3,1,193,16,1,64,19.8,1336.65,0,31,5384,False,False,0.0
0336-PIKEI,5,1,127,16,1,72,74.4,5360.75,0,58,5590,False,False,0.0
7322-OCWHC,6,1,318,16,1,72,93.05,6735.05,0,39,4988,False,False,0.0
9537-VHDTA,1,4,97,16,1,1,51.2,51.2,0,51,3699,False,True,0.0
4957-TIALW,3,2,125,16,1,15,65.6,1010.0,0,28,2976,False,False,0.0
2054-PJOCK,3,2,209,16,1,60,80.55,4847.05,0,52,4159,False,False,0.0
9150-HEPMB,3,4,105,16,1,56,52.7,3019.7,0,63,4753,False,False,0.0
9030-QGZNL,5,4,193,16,1,8,20.85,161.65,0,23,4249,False,False,0.0
3126-WQMGH,2,2,194,16,1,49,52.15,2583.75,0,40,5224,False,True,0.0
7176-WRTNX,6,1,321,16,1,70,114.95,7711.25,0,26,4511,False,False,0.0
5732-IKGQH,4,1,176,16,1,52,104.45,5481.25,0,78,5490,False,False,0.0
9239-GZHZE,6,2,321,16,1,72,113.65,8124.2,0,79,6469,False,False,0.0
7205-BAIAD,6,1,193,16,1,40,20.6,827.3,0,27,3091,False,False,0.0
0093-EXYQL,2,3,132,16,1,40,91.55,3673.6,0,59,5742,False,True,0.0
8064-RAVOH,2,3,73,16,1,1,49.85,49.85,0,49,5323,False,True,0.0
0219-QAERP,3,2,193,16,1,30,19.8,576.65,0,74,4006,False,False,0.0
9168-INPSZ,1,3,273,16,1,44,104.15,4495.65,0,32,2944,False,True,0.0
0015-UOCOJ,2,3,97,16,1,7,48.2,340.35,0,34,5525,False,True,0.0
5334-AFQJB,6,2,322,16,1,72,25.1,1789.9,0,74,5751,False,False,0.0
2754-SDJRD,2,2,265,16,1,8,100.15,908.55,0,42,5157,False,True,0.0
8963-JLGJT,1,4,105,16,1,3,55.9,157.55,0,36,4648,False,True,0.0
1465-LNTLJ,2,2,78,16,1,8,64.4,581.7,0,78,4537,False,True,0.0
2135-DQWAQ,2,4,147,16,1,5,85.3,420.45,0,67,2689,False,True,0.0
4056-QHXHZ,5,4,305,16,1,72,107.45,7576.7,0,28,5246,False,False,0.0
7401-JIXNM,5,2,257,16,1,54,91.3,4965.0,0,27,5907,False,False,0.0
9339-FIIJL,5,1,225,16,1,72,85.95,6151.9,0,62,6450,False,False,0.0
4706-DGAHW,1,3,65,16,1,1,45.2,45.2,0,44,4576,False,True,0.0
6670-MFRPK,6,2,266,16,1,69,79.2,5420.65,0,63,4072,False,False,0.0
6177-PEVRA,5,2,113,16,1,48,55.5,2627.35,0,48,4975,False,False,0.0
4813-HQMGZ,2,3,263,16,1,8,90.25,743.75,0,76,4969,False,True,0.0
7579-KKLOE,6,4,257,16,1,71,91.25,6589.6,0,30,5529,False,False,0.0
8402-EIVQS,4,2,180,16,1,67,100.9,6733.15,0,31,4078,False,False,0.0
4947-DSMXK,2,1,277,16,1,34,97.7,3410.0,0,39,5789,False,True,0.0
7245-NIIWQ,2,3,129,16,1,3,69.85,199.85,0,40,4764,False,True,0.0
0002-ORFBO,4,4,87,16,1,9,65.6,593.3,0,65,2205,False,False,0.0
3324-OIRTO,4,1,188,16,1,71,104.65,7288.4,0,74,6101,False,False,0.0
5414-OFQCB,6,2,264,16,1,57,90.45,5229.8,0,24,5076,False,False,0.0
4967-WPNCF,6,1,64,16,1,72,63.7,4464.8,0,46,4921,False,False,0.0
8552-OBVRU,2,3,176,16,1,48,104.5,5068.05,0,71,3847,False,True,0.0
8499-BRXTD,3,4,193,16,1,18,20.1,401.85,0,57,5586,False,False,0.0
9154-QDGTH,4,2,273,16,1,43,104.3,4451.85,0,60,3927,False,False,0.0
8197-BFWVU,6,1,257,16,1,72,93.25,6688.95,0,28,5197,False,False,0.0
2577-GVSIL,4,1,201,16,1,35,73.45,2661.1,0,66,4719,False,False,0.0
9367-OIUXP,1,4,193,16,1,4,20.7,73.05,0,76,4676,False,True,0.0
6770-UAYGJ,5,4,322,16,1,49,25.25,1211.65,0,35,5616,False,False,0.0
6463-HHXJR,5,1,316,16,1,71,100.5,7030.65,0,41,4080,False,False,0.0
7928-VJYAB,1,3,132,16,1,11,90.6,1020.2,0,65,2004,False,True,0.0
1187-WILMM,6,2,257,16,1,63,89.4,5597.65,0,80,5004,False,False,0.0
9776-OJUZI,2,1,284,16,1,65,95.45,6223.3,0,62,4168,False,True,0.0
1306-RPWXZ,5,2,193,16,1,49,20.45,1024.65,0,20,4784,False,False,0.0
3097-PYWXL,2,3,193,16,1,4,19.95,82.9,0,26,2951,False,True,0.0
2266-SJNAT,3,2,289,16,1,72,109.15,7789.6,0,46,4807,False,False,0.0
0869-PAPRP,2,2,139,16,1,26,85.7,2067.0,0,23,3935,False,True,0.0
4238-JSSWH,1,1,269,16,1,35,102.05,3452.55,0,35,3199,False,True,0.0
2972-YDYUW,3,3,279,16,1,57,94.7,5468.95,0,70,4507,False,False,0.0
1104-FEJAM,1,3,211,16,1,28,64.4,1802.15,0,48,2434,False,True,0.0
2809-ILCYT,4,4,322,16,1,25,26.8,733.55,0,78,3428,False,False,0.0
5499-ECUTN,4,2,107,16,1,47,66.05,3021.45,0,73,3404,False,False,0.0
4981-FLTMF,1,1,246,16,1,57,65.2,3687.85,0,76,4491,False,True,0.0
9121-PHQSR,2,2,260,16,1,16,85.05,1391.15,0,80,3739,False,True,0.0
3113-IWHLC,2,4,105,16,1,5,55.8,274.35,0,69,2612,False,True,0.0
4277-BWBML,5,1,193,16,1,72,19.95,1322.85,0,56,5092,False,False,0.0
0234-TEVTT,3,2,42,16,1,48,45.0,2196.3,0,21,5269,False,False,0.0
4304-TSPVK,5,1,321,16,1,68,114.9,7843.55,0,77,5782,False,False,0.0
1552-AAGRX,1,1,297,16,1,30,106.4,3211.9,0,35,5503,False,True,0.0
2637-FKFSY,2,4,65,16,1,3,46.1,130.15,0,39,4047,False,True,0.0
9796-MVYXX,5,4,45,16,1,14,39.7,692.35,0,47,3162,False,False,0.0
7874-ECPQJ,2,1,193,16,1,4,20.05,85.5,0,57,4462,False,True,0.0
0020-INWCK,6,2,283,16,1,71,95.75,6849.4,0,26,4865,False,False,0.0
7089-RKVSZ,3,4,322,16,1,8,24.4,203.95,0,35,2028,False,False,0.0
2683-JXWQQ,1,1,41,16,1,61,33.6,2117.2,0,64,6495,False,True,0.0
9548-ZMVTX,5,1,286,16,1,72,90.45,6565.85,0,35,4461,False,False,0.0
8739-XNIKG,2,3,260,16,1,5,84.0,424.75,0,54,4456,False,True,0.0
9755-JHNMN,5,1,125,16,1,49,67.4,3306.85,0,66,5075,False,False,0.0
3981-QSVQI,2,1,193,16,1,8,19.7,168.9,0,22,5498,False,True,0.0
2789-HQBOU,2,3,130,16,1,3,80.35,253.8,0,51,4203,False,True,0.0
9424-CMPOG,5,4,193,16,1,9,19.6,197.4,0,65,4406,False,False,0.0
5067-WJEUN,6,1,113,16,1,67,54.2,3838.2,0,57,6005,False,False,0.0
3450-WXOAT,2,2,65,16,1,46,45.2,2065.15,0,75,3150,False,True,0.0
9251-WNSOD,3,4,251,16,1,67,75.1,5064.45,0,25,4931,False,False,0.0
6974-DAFLI,3,3,193,16,1,55,19.7,1140.05,0,28,4888,False,False,0.0
2616-UUTFK,2,1,252,16,1,33,72.75,2447.45,0,75,4959,False,True,0.0
7064-JHXCE,5,2,193,16,1,62,20.05,1263.9,0,63,6444,False,False,0.0
7989-AWGEH,2,3,34,16,1,49,39.2,1838.15,0,39,4810,False,True,0.0
4373-VVHQL,2,3,65,16,1,1,44.75,44.75,0,59,5479,False,True,0.0
4559-UWIHT,2,3,282,16,1,14,82.65,1185.0,0,79,4965,False,True,0.0
7268-IGMFD,1,1,272,16,1,18,93.9,1743.9,0,47,3728,False,True,0.0
6650-BWFRT,6,2,321,16,1,72,117.15,8529.5,0,41,4743,False,False,0.0
9570-KYEUA,5,2,303,16,1,64,99.25,6549.45,0,59,5213,False,False,0.0
6993-YGFJV,6,1,321,16,1,69,112.55,7806.5,0,52,5532,False,False,0.0
2712-SYWAY,2,3,322,16,1,1,25.7,25.7,0,54,5249,False,True,0.0
0730-BGQGF,5,2,257,16,1,71,90.3,6287.3,0,63,6291,False,False,0.0
5498-IBWPI,4,2,69,16,1,66,49.4,3251.85,0,59,5232,False,False,0.0
9101-NTIXF,1,4,193,16,1,2,19.4,50.6,0,56,3954,False,True,0.0
0013-SMEOE,6,1,192,16,1,71,109.7,7904.25,0,26,5011,False,False,0.0
9314-QDMDW,4,3,83,16,1,11,61.25,729.95,0,58,2738,False,False,0.0
9308-ANMVE,2,3,113,16,1,47,55.3,2654.05,0,52,5491,False,True,0.0
3413-DHLPB,2,1,281,16,1,60,103.75,5969.95,0,53,6237,False,True,0.0
7649-PHJVR,3,4,193,16,1,11,19.5,226.8,0,28,5825,False,False,0.0
6114-TCFID,3,2,53,16,1,29,39.5,1082.75,0,29,5103,False,False,0.0
3787-TRIAL,2,3,1,16,1,21,26.05,565.75,0,44,4302,False,True,0.0
2573-GYRUU,2,2,267,16,1,48,91.05,4370.75,0,60,3594,False,True,0.0
5156-UMKOW,1,4,17,16,1,3,29.65,90.05,0,69,5880,False,True,0.0
1247-QBVSH,1,4,81,16,1,43,50.2,2169.4,0,49,5284,False,True,0.0
6734-GMPVK,1,3,285,16,1,5,105.3,550.6,0,66,4024,False,True,0.0
9822-OAOVB,2,3,66,16,1,1,55.45,55.45,0,45,5286,False,True,0.0
6161-ERDGD,3,3,241,16,1,71,85.45,6300.85,0,32,5280,False,False,0.0
1226-JZNKR,3,3,193,16,1,8,19.8,160.05,0,51,5698,False,False,0.0
7318-EIVKO,2,3,196,16,1,8,59.25,436.6,0,54,3003,False,True,0.0
3771-PZOBW,2,2,268,16,1,20,90.7,1781.35,0,77,2927,False,True,0.0
8231-BSWXX,4,2,274,16,1,71,79.05,5552.5,0,38,5466,False,False,0.0
6486-LHTMA,4,3,268,16,1,31,90.7,2835.5,0,34,2364,False,False,0.0
4083-BFNYK,3,2,307,16,1,38,95.0,3591.25,0,71,5148,False,False,0.0
7389-KBFIT,2,4,17,16,1,2,30.25,63.75,0,61,4387,False,True,0.0
7176-WIONM,2,1,12,16,1,12,49.85,617.15,0,24,2873,False,True,0.0
5141-ZUVBH,1,1,174,16,1,9,93.0,870.25,0,40,2267,False,True,0.0
1089-HDMKP,2,3,85,16,1,11,54.55,601.25,0,40,4143,False,True,0.0
7623-HKYRK,1,4,193,16,1,6,19.7,111.65,0,44,2276,False,True,0.0
0310-SUCIN,4,1,128,16,1,71,84.8,6046.1,0,28,5643,False,False,0.0
5197-PYEPU,4,2,308,16,1,42,94.45,3923.8,0,63,5643,False,False,0.0
6619-RPLQZ,5,4,193,16,1,45,20.85,892.15,0,32,2844,False,False,0.0
3275-RHRNE,4,2,32,16,1,28,60.0,1682.05,0,80,2797,False,False,0.0
3503-TYDAY,1,3,274,16,1,43,80.45,3398.9,0,35,5357,False,True,0.0
6901-GOGZG,6,3,241,16,1,60,84.95,4984.85,0,41,4104,False,False,0.0
7021-XSNYE,5,2,46,16,1,7,49.65,305.55,0,60,2750,False,False,0.0
9621-OUPYD,4,1,193,16,1,25,20.2,507.9,0,23,4129,False,False,0.0
8982-NHAVY,4,1,269,16,1,27,100.5,2673.45,0,50,5939,False,False,0.0
4307-KWMXE,1,3,21,16,1,10,35.75,389.8,0,59,2263,False,True,0.0
0141-YEAYS,2,1,282,16,1,27,86.45,2401.05,0,77,5990,False,True,0.0
2450-ZKEED,3,1,77,16,1,11,53.8,651.55,0,27,5899,False,False,0.0
3694-DELSO,1,2,35,16,1,4,38.55,156.1,0,40,3824,False,True,0.0
3893-JRNFS,2,1,10,16,1,68,39.9,2796.35,0,69,6270,False,True,0.0
9603-OAIHC,2,3,129,16,1,1,70.05,70.05,0,51,2469,False,True,0.0
1133-KXCGE,3,4,193,16,1,18,20.1,407.05,0,55,2910,False,False,0.0
0142-GVYSN,2,3,193,16,1,26,20.3,511.25,0,68,5712,False,True,0.0
1049-FYSYG,2,2,25,16,1,17,35.65,646.05,0,38,5977,False,True,0.0
8406-LNMHF,4,2,185,16,1,59,82.95,4903.15,0,61,5295,False,False,0.0
1821-BUCWY,6,4,105,16,1,30,55.65,1653.85,0,70,5445,False,False,0.0
0023-UYUPN,3,3,322,16,1,50,25.2,1306.3,0,61,4015,False,False,0.0
8314-DPQHL,3,4,46,16,1,9,50.8,463.6,0,47,5535,False,False,0.0
1465-WCZVT,1,4,193,16,1,3,19.65,60.65,0,31,4943,False,True,0.0
9481-SFCQY,2,2,75,16,1,14,59.8,824.85,0,51,5962,False,True,0.0
6360-SVNWV,2,2,161,16,1,31,73.55,2094.65,0,39,2057,False,True,0.0
0567-GGCAC,1,3,121,16,1,7,61.4,438.9,0,71,2845,False,True,0.0
8884-MRNSU,3,1,193,16,1,17,19.9,329.75,0,63,3526,False,False,0.0
2171-UDMFD,2,2,193,16,1,32,19.45,674.55,0,42,4363,False,True,0.0
9050-IKDZA,1,4,131,16,1,2,81.5,162.55,0,59,4267,False,True,0.0
9802-CAQUT,5,2,317,16,1,72,109.55,7887.25,0,27,5723,False,False,0.0
0187-WZNAB,1,4,161,16,1,27,74.4,1972.35,0,57,4331,False,True,0.0
1475-VWVDO,2,3,137,16,1,7,74.9,490.55,0,52,5335,False,True,0.0
1357-MVDOZ,2,1,75,16,1,11,59.65,683.25,0,71,2136,False,True,0.0
7602-MVRMB,6,1,305,16,1,72,110.45,8058.85,0,41,4754,False,False,0.0
1197-BVMVG,2,3,258,16,1,4,74.45,294.45,0,50,4093,False,True,0.0
5406-KGRMX,5,3,322,16,1,71,24.55,1719.15,0,74,4555,False,False,0.0
5968-HYJRZ,5,4,322,16,1,47,24.55,1160.45,0,78,3629,False,False,0.0
5198-EFNBM,4,3,155,16,1,57,90.65,5199.8,0,23,5636,False,False,0.0
7516-GMHUV,6,2,301,16,1,50,105.05,5163.3,0,40,5324,False,False,0.0
7140-ADSMJ,2,2,193,16,1,8,20.45,162.3,0,24,5624,False,True,0.0
2230-XTUWL,5,4,193,16,1,48,19.55,883.35,0,68,5461,False,False,0.0
7706-YLMQA,3,1,193,16,1,70,19.7,1341.5,0,72,6072,False,False,0.0
2585-KTFRE,2,1,118,16,1,1,70.45,70.45,0,53,2706,False,True,0.0
7994-UYIVZ,2,1,259,16,1,8,85.65,659.45,0,72,2512,False,True,0.0
7717-BICXI,5,4,193,16,1,60,20.55,1205.05,0,47,4020,False,False,0.0
6559-RAKOZ,4,3,265,16,1,49,97.95,4917.9,0,53,4301,False,False,0.0
4716-MRVEN,3,4,193,16,1,29,20.0,599.3,0,65,4128,False,False,0.0
2143-LJULT,6,2,322,16,1,67,25.25,1733.15,0,32,5887,False,False,0.0
3200-MNQTF,5,2,254,16,1,67,70.9,4677.1,0,80,4361,False,False,0.0
6164-HXUGH,1,4,193,16,1,6,19.85,119.3,0,31,5060,False,True,0.0
5630-IXDXV,2,3,285,16,1,47,106.35,4849.1,0,74,3723,False,True,0.0
0320-DWVTU,5,4,190,16,1,53,99.5,5424.25,0,23,4754,False,False,0.0
9135-MGVPY,6,4,128,16,1,69,84.7,5878.9,0,70,5345,False,False,0.0
1212-GLHMD,2,4,162,16,1,3,86.05,244.85,0,37,2500,False,True,0.0
7878-JGDKK,1,4,65,16,1,4,44.55,220.75,0,45,2124,False,True,0.0
1088-AUUZZ,6,2,247,16,1,56,75.85,4261.2,0,52,5314,False,False,0.0
6614-YWYSC,5,1,322,16,1,61,25.0,1501.75,0,78,6421,False,False,0.0
9588-OZDMQ,2,3,65,16,1,2,45.0,89.75,0,60,5225,False,True,0.0
6476-EPYZR,1,4,193,16,1,12,20.5,255.5,0,65,2891,False,True,0.0
1174-FGIFN,4,3,263,16,1,28,90.45,2509.25,0,74,5823,False,False,0.0
6620-HVDUJ,1,1,117,16,1,24,60.45,1440.75,0,56,5095,False,True,0.0
1032-MAELW,4,3,255,16,1,68,78.45,5333.35,0,67,5071,False,False,0.0
7641-TQFHN,5,4,265,16,1,39,100.55,3895.35,0,71,3124,False,False,0.0
1552-TKMXS,1,2,193,16,1,42,20.35,869.9,0,69,2127,False,True,0.0
8622-ZLFKO,2,3,275,16,1,6,90.75,512.25,0,54,4297,False,True,0.0
6188-UXBBR,4,2,193,16,1,38,20.25,814.75,0,25,4411,False,False,0.0
2333-KWEWW,5,2,193,16,1,18,20.05,388.6,0,20,2782,False,False,0.0
5702-SKUOB,1,4,193,16,1,4,19.6,93.45,0,66,4580,False,True,0.0
1134-YWTYF,2,3,85,16,1,27,53.8,1389.85,0,66,2563,False,True,0.0
6061-GWWAV,3,4,123,16,1,41,70.2,2894.55,0,56,5365,False,False,0.0
0679-TDGAK,3,3,104,16,1,50,75.5,4025.6,0,21,5141,False,False,0.0
6585-WCEWR,5,3,193,16,1,72,20.35,1354.4,0,41,4949,False,False,0.0
9067-YGSCA,3,2,322,16,1,70,26.05,1856.4,0,21,4467,False,False,0.0
9067-SQTNS,3,1,193,16,1,44,20.6,926.0,0,44,2471,False,False,0.0
1776-SPBWV,4,1,193,16,1,34,20.1,682.1,0,21,2272,False,False,0.0
8735-SDUFN,5,1,322,16,1,72,24.3,1778.7,0,55,4397,False,False,0.0
9668-PUGNU,6,3,322,16,1,71,24.5,1816.2,0,38,4058,False,False,0.0
9405-GPBBG,6,2,289,16,1,64,110.5,7069.25,0,64,5718,False,False,0.0
1926-QUZNN,6,1,322,16,1,72,25.25,1841.2,0,36,4551,False,False,0.0
7016-NVRIC,3,1,170,16,1,29,90.1,2656.7,0,55,3553,False,False,0.0
5829-NVSQN,4,1,110,16,1,23,68.75,1689.45,0,34,3519,False,False,0.0
9565-AXSMR,5,4,193,16,1,52,19.2,1054.75,0,78,4203,False,False,0.0
8869-LIHMK,6,1,321,16,1,64,115.1,7334.05,0,78,5213,False,False,0.0
0447-RXSGD,2,1,277,16,1,24,99.65,2404.85,0,47,5207,False,True,0.0
4927-WWOOZ,2,3,268,16,1,2,91.45,171.45,0,32,4889,False,True,0.0
5788-YPOEG,5,4,128,16,1,34,84.75,2839.45,0,51,2020,False,False,0.0
0661-KBKPA,4,4,209,16,1,53,78.75,3942.45,0,73,5052,False,False,0.0
9081-WWXKP,5,2,193,16,1,47,20.25,873.4,0,38,2070,False,False,0.0
0784-ZQJZX,5,2,193,16,1,72,19.9,1529.65,0,72,5730,False,False,0.0
3133-PZNSR,6,2,311,16,1,72,97.75,6991.6,0,46,4054,False,False,0.0
0722-SVSFK,2,3,144,16,1,7,100.4,715.0,0,56,5041,False,True,0.0
3612-YVGSJ,6,2,322,16,1,71,24.45,1681.6,0,77,4742,False,False,0.0
9825-YCXWZ,4,1,144,16,1,41,101.1,4016.2,0,38,2227,False,False,0.0
5397-NSKQG,5,2,36,16,1,67,50.9,3281.65,0,62,5281,False,False,0.0
8565-HBFNN,4,2,319,16,1,69,107.2,7317.1,0,51,5935,False,False,0.0
2000-DHJUY,6,1,257,16,1,70,92.2,6474.45,0,44,5264,False,False,0.0
8670-ERCJH,5,1,321,16,1,72,113.4,8164.1,0,56,6347,False,False,0.0
7758-UJWYS,6,3,7,16,1,34,40.55,1325.85,0,31,3897,False,False,0.0
2050-ONYDQ,5,2,322,16,1,65,26.0,1654.85,0,72,5352,False,False,0.0
7055-JCGNI,6,2,321,16,1,70,111.95,7795.95,0,25,4182,False,False,0.0
0739-UUAJR,6,2,44,16,1,72,53.8,3952.45,0,28,4954,False,False,0.0
4826-DXMUP,4,4,72,16,1,35,72.1,2495.15,0,45,5510,False,False,0.0
7285-KLOTR,3,3,237,16,1,12,78.85,876.75,0,55,2495,False,False,0.0
0654-PQKDW,4,1,111,16,1,62,70.75,4263.45,0,24,4133,False,False,0.0
7175-NTIXE,2,2,104,16,1,25,76.15,1992.95,0,32,3955,False,True,0.0
7963-SHNDT,5,4,53,16,1,52,39.1,1982.1,0,52,4247,False,False,0.0
9796-BPKIW,2,2,129,16,1,8,69.95,562.7,0,47,2939,False,True,0.0
0188-GWFLE,1,4,193,16,1,2,20.05,33.7,0,59,4978,False,True,0.0
8129-GMVGI,5,4,193,16,1,56,20.05,1090.1,0,59,5172,False,False,0.0
2882-DDZPG,1,1,193,16,1,12,19.45,227.45,0,76,4862,False,True,0.0
3547-LQRIK,3,3,322,16,1,47,26.9,1250.85,0,47,2382,False,False,0.0
9137-NOQKA,1,3,193,16,1,2,19.2,37.2,0,24,4577,False,True,0.0
5843-TTHGI,2,4,73,16,1,18,50.0,892.7,0,49,4952,False,True,0.0
1849-RJYIG,2,3,99,16,1,8,60.0,487.75,0,29,5862,False,True,0.0
8868-GAGIO,2,4,298,16,1,45,84.55,3713.95,0,44,3289,False,True,0.0
4061-UKJWL,1,4,65,16,1,3,45.45,141.7,0,72,3666,False,True,0.0
5380-XPJNZ,3,4,193,16,1,38,20.05,678.2,0,27,4539,False,False,0.0
8263-QMNTJ,6,3,321,16,1,72,115.55,8425.3,0,58,5890,False,False,0.0
3230-JCNZS,6,2,316,16,1,71,99.0,7061.65,0,74,4305,False,False,0.0
0277-ORXQS,5,1,8,16,1,66,50.55,3364.55,0,30,4652,False,False,0.0
7996-BPXHY,6,1,322,16,1,13,25.0,332.5,0,21,4734,False,False,0.0
3227-WLKLI,5,1,257,16,1,65,91.55,5963.95,0,26,4921,False,False,0.0
2266-FUBDZ,5,4,193,16,1,15,19.35,278.85,0,54,2742,False,False,0.0
8237-ULIXL,5,2,322,16,1,72,24.85,1871.85,0,78,4067,False,False,0.0
8216-AZUUZ,6,3,144,16,1,42,100.4,4303.65,0,76,3265,False,False,0.0
9153-BTBVV,5,1,322,16,1,71,25.0,1753.0,0,79,4066,False,False,0.0
5186-PEIZU,1,1,193,16,1,35,19.25,617.65,0,67,4988,False,True,0.0
1074-AMIOH,2,1,160,16,1,53,108.25,5935.1,0,73,5989,False,True,0.0
4361-FEBGN,5,2,193,16,1,48,20.15,982.95,0,43,4399,False,False,0.0
7748-UMTRK,2,3,265,16,1,30,101.3,2974.5,0,34,2440,False,True,0.0
0380-ZCSBI,1,2,193,16,1,10,20.0,198.7,0,66,2411,False,True,0.0
7145-FEJWU,2,3,285,16,1,12,105.3,1275.65,0,72,5913,False,True,0.0
6463-MVYRY,5,1,111,16,1,57,69.85,4003.0,0,72,4759,False,False,0.0
3969-JQABI,2,2,115,16,1,58,65.25,3791.6,0,64,5912,False,True,0.0
9624-EGDEQ,5,4,193,16,1,37,19.8,813.3,0,61,5336,False,False,0.0
1051-EQPZR,1,4,193,16,1,44,19.6,780.25,0,36,5584,False,True,0.0
5849-ASHZJ,3,2,193,16,1,27,20.05,552.9,0,65,2400,False,False,0.0
5780-INQIK,1,3,69,16,1,8,49.4,408.25,0,48,2907,False,True,0.0
4526-ZJJTM,1,1,154,16,1,25,88.4,2191.15,0,51,4849,False,True,0.0
8384-FZBJK,2,3,277,16,1,57,100.6,5611.7,0,48,6351,False,True,0.0
3750-RNQKR,1,4,193,16,1,12,19.45,246.25,0,33,4788,False,True,0.0
0962-CQPWQ,5,1,193,16,1,62,20.3,1296.15,0,56,4574,False,False,0.0
3096-YXENJ,6,1,289,16,1,65,107.65,7082.85,0,25,4193,False,False,0.0
1265-BCFEO,6,1,209,16,1,71,80.45,5662.25,0,75,4518,False,False,0.0
5837-LXSDN,4,2,83,16,1,21,58.85,1215.45,0,25,2845,False,False,0.0
5945-AZYHT,4,3,317,16,1,71,109.6,7854.15,0,22,4564,False,False,0.0
8325-QRPZR,2,3,137,16,1,7,75.15,525.0,0,50,4216,False,True,0.0
6384-VMJHP,6,2,126,16,1,72,73.0,5265.2,0,80,5127,False,False,0.0
2262-SLNVK,1,3,129,16,1,1,70.1,70.1,0,74,2475,False,True,0.0
7730-CLDSV,6,1,287,16,1,72,98.65,7129.45,0,78,4616,False,False,0.0
1135-HIORI,4,3,289,16,1,64,111.45,7266.95,0,74,5129,False,False,0.0
0164-APGRB,6,3,321,16,1,72,114.9,8496.7,0,69,4589,False,False,0.0
6481-ESCNL,1,1,269,16,1,29,100.55,2878.75,0,53,4847,False,True,0.0
1790-NESIO,6,4,193,16,1,13,20.4,261.3,0,76,4883,False,False,0.0
1550-EENBN,1,3,309,16,1,31,104.35,3205.6,0,78,5320,False,True,0.0
8198-RKSZG,1,2,217,16,1,14,80.45,1137.05,0,26,5772,False,True,0.0
9297-EONCV,6,1,257,16,1,72,91.35,6697.2,0,52,5378,False,False,0.0
1069-QJOEE,3,3,193,16,1,25,19.9,505.45,0,76,4134,False,False,0.0
7799-DSEWS,2,3,111,16,1,18,68.35,1299.8,0,47,5993,False,True,0.0
8766-PAFNE,6,2,96,16,1,71,79.1,5564.85,0,29,5872,False,False,0.0
5315-CKEQK,4,3,194,16,1,28,51.0,1381.8,0,44,5195,False,False,0.0
3130-ICDUP,1,2,290,16,1,2,80.55,188.1,0,40,5346,False,True,0.0
0820-FNRNX,2,4,222,16,1,17,66.7,1077.05,0,46,2814,False,True,0.0
0880-FVFWF,2,3,306,16,1,56,86.4,4922.4,0,64,4449,False,True,0.0
4611-ANLQC,3,3,58,16,1,60,50.05,2911.5,0,65,5493,False,False,0.0
4213-HKBJO,5,2,322,16,1,33,25.7,826.1,0,39,3378,False,False,0.0
2792-LSHWX,2,4,181,16,1,1,83.4,83.4,0,26,5960,False,True,0.0
0014-BMAQU,6,2,294,16,1,63,84.65,5377.8,0,49,4604,False,False,0.0
9018-PCIOK,6,4,90,16,1,55,64.75,3617.1,0,36,4634,False,False,0.0
4837-QUSFT,4,1,312,16,1,65,100.15,6643.5,0,72,4915,False,False,0.0
9953-ZMKSM,5,4,322,16,1,63,25.25,1559.3,0,79,4530,False,False,0.0
0907-HQNTS,6,2,321,16,1,70,113.0,7987.6,0,47,4588,False,False,0.0
7665-NKLAV,5,2,45,16,1,36,40.65,1547.35,0,44,2564,False,False,0.0
4391-LNRXK,2,1,158,16,1,22,94.95,2142.8,0,28,4242,False,True,0.0
8250-ZNGGW,1,2,117,16,1,5,59.9,287.85,0,35,3662,False,True,0.0
8562-GHPPI,1,2,193,16,1,1,19.8,19.8,0,22,3129,False,True,0.0
5893-PYOLZ,6,2,96,16,1,56,81.8,4534.45,0,75,4399,False,False,0.0
4986-MXSFP,2,4,193,16,1,2,20.0,40.9,0,39,2237,False,True,0.0
6131-FOYAS,2,3,234,16,1,35,59.6,2094.9,0,27,2187,False,True,0.0
3027-YNWZU,5,2,322,16,1,64,25.0,1584.8,0,61,5538,False,False,0.0
5609-IMCGG,2,2,298,16,1,15,84.35,1302.65,0,35,3314,False,True,0.0
4727-MCYZG,1,4,66,16,1,1,55.55,55.55,0,35,2207,False,True,0.0
9481-WHGWY,5,2,104,16,1,70,75.35,5437.75,0,64,6477,False,False,0.0
4328-VUFWD,3,3,70,16,1,39,59.3,2209.15,0,42,5843,False,False,0.0
3301-LSLWQ,2,3,227,16,1,29,66.1,1912.15,0,72,5590,False,True,0.0
7473-ZBDSN,5,4,193,16,1,14,18.8,255.55,0,28,5751,False,False,0.0
3166-PNEOF,5,2,241,16,1,61,86.45,5175.3,0,74,4471,False,False,0.0
5639-NTUPK,2,2,97,16,1,13,52.1,670.65,0,34,4929,False,True,0.0
8780-YRMTT,6,4,61,16,1,66,47.4,3177.25,0,27,6435,False,False,0.0
5140-FOMCQ,4,2,317,16,1,59,109.15,6557.75,0,67,5186,False,False,0.0
6242-SGYTS,4,2,308,16,1,62,94.95,5791.85,0,27,4262,False,False,0.0
8166-ORCHU,4,3,182,16,1,33,93.55,3055.5,0,21,4414,False,False,0.0
8414-OOEEL,6,2,96,16,1,66,79.5,5196.1,0,66,4285,False,False,0.0
8454-AATJP,5,2,321,16,1,72,115.05,8405.0,0,46,5905,False,False,0.0
4531-AUZNK,4,4,296,16,1,51,95.15,5000.05,0,21,6492,False,False,0.0
4191-XOVOM,1,3,281,16,1,63,105.4,6713.2,0,66,4551,False,True,0.0
2150-OEGBV,3,1,193,16,1,27,20.1,562.6,0,28,3428,False,False,0.0
1855-CFULU,1,4,193,16,1,4,20.05,91.45,0,20,3460,False,True,0.0
4878-BUNFV,5,4,193,16,1,42,20.7,828.85,0,76,5320,False,False,0.0
1872-EBWSC,3,4,193,16,1,29,20.35,617.35,0,66,4840,False,False,0.0
7026-YMSBE,3,4,193,16,1,30,19.7,625.05,0,59,3302,False,False,0.0
6997-UVGOX,5,1,128,16,1,71,85.45,6029.9,0,44,5394,False,False,0.0
9674-EHPPG,5,2,45,16,1,46,40.4,1842.7,0,44,2519,False,False,0.0
5440-VHLUL,4,1,281,16,1,69,105.2,7386.05,0,47,6247,False,False,0.0
5781-BKHOP,5,1,316,16,1,72,100.65,7334.05,0,20,6380,False,False,0.0
5213-TWWJU,1,3,142,16,1,28,91.0,2626.15,0,66,2448,False,True,0.0
8628-MFKAX,6,2,321,16,1,72,116.75,8277.05,0,68,5098,False,False,0.0
7629-WIXZF,4,3,98,16,1,7,59.1,369.25,0,29,4770,False,False,0.0
5445-GLVOT,2,3,97,16,1,22,49.8,1049.05,0,29,4667,False,True,0.0
3976-HXHCE,5,1,193,16,1,72,19.3,1414.8,0,42,4722,False,False,0.0
2466-NEJOJ,1,2,193,16,1,8,19.65,169.75,0,38,4535,False,True,0.0
0254-KCJGT,4,2,255,16,1,52,81.4,4354.45,0,64,4628,False,False,0.0
5472-CVMDX,5,4,45,16,1,68,38.9,2719.2,0,45,5278,False,False,0.0
6461-SZMCV,5,1,257,16,1,71,87.95,6365.35,0,71,4278,False,False,0.0
8150-QUDFX,1,4,193,16,1,2,19.85,51.6,0,64,3300,False,True,0.0
9508-ILZDG,2,3,280,16,1,34,96.35,3190.25,0,32,5425,False,True,0.0
2346-DJQTB,1,3,1,16,1,35,24.15,812.5,0,75,5097,False,True,0.0
1697-LYYYX,3,2,193,16,1,61,19.1,1143.8,0,57,4376,False,False,0.0
1942-OQFRW,1,3,65,16,1,1,44.0,44.0,0,61,2785,False,True,0.0
9640-ZSLDC,3,2,74,16,1,53,60.6,3297.0,0,38,4854,False,False,0.0
4231-LZUYM,5,1,322,16,1,72,25.65,1887.0,0,22,5613,False,False,0.0
6128-AQBMT,2,3,28,16,1,41,53.95,2215.4,0,46,3920,False,True,0.0
3594-BDSOA,3,2,193,16,1,24,20.4,482.8,0,79,3071,False,False,0.0
5133-VRSAB,1,4,33,16,1,8,29.35,216.45,0,59,5369,False,True,0.0
5996-DAOQL,2,4,193,16,1,1,20.45,20.45,0,80,2184,False,True,0.0
6838-YAUVY,6,1,271,16,1,54,95.1,5064.85,0,67,4825,False,False,0.0
0484-JPBRU,2,1,322,16,1,41,25.25,996.45,0,40,3461,False,True,0.0
7883-ROJOC,1,4,65,16,1,19,44.9,839.65,0,76,5842,False,True,0.0
0244-LGNFY,5,1,257,16,1,72,92.65,6733.0,0,75,6342,False,False,0.0
7274-CGTOD,6,1,61,16,1,62,43.7,2618.3,0,58,5254,False,False,0.0
4295-YURET,6,2,104,16,1,56,72.6,4084.35,0,79,6357,False,False,0.0
4635-EJYPD,5,4,193,16,1,32,18.95,613.95,0,49,4735,False,False,0.0
1866-ZSLJM,1,2,193,16,1,21,20.5,402.85,0,75,5654,False,True,0.0
4636-TVXVG,3,1,193,16,1,62,19.95,1244.8,0,32,4803,False,False,0.0
4236-UJPWO,1,3,1,16,1,2,24.5,46.4,0,54,5786,False,True,0.0
9392-XBGTD,5,4,193,16,1,27,20.6,581.85,0,56,2924,False,False,0.0
6402-SSEJG,3,3,60,16,1,25,61.05,1540.2,0,76,3695,False,False,0.0
1169-SAOCL,4,1,281,16,1,49,106.65,5168.1,0,27,5154,False,False,0.0
1110-KYLGQ,1,2,317,16,1,63,108.25,6780.1,0,39,5331,False,True,0.0
9929-PLVPA,1,2,193,16,1,4,20.4,94.5,0,65,4929,False,True,0.0
3518-PZXZQ,2,4,67,16,1,1,55.3,55.3,0,37,2849,False,True,0.0
2371-JUNGC,1,4,193,16,1,11,20.25,208.0,0,33,4032,False,True,0.0
7693-QPEFS,2,1,258,16,1,52,72.95,3829.75,0,72,4368,False,True,0.0
0924-BJCRC,1,3,275,16,1,60,89.45,5294.6,0,44,4340,False,True,0.0
5074-FBGHB,4,2,273,16,1,64,104.65,6889.8,0,80,6443,False,False,0.0
2351-BKRZW,5,1,108,16,1,43,75.2,3254.35,0,23,3976,False,False,0.0
4455-BFSPD,3,1,265,16,1,61,101.15,6383.9,0,79,5177,False,False,0.0
3948-KXDUF,5,1,254,16,1,66,68.75,4447.55,0,60,5454,False,False,0.0
2323-ARSVR,6,3,192,16,1,67,111.05,7321.05,0,67,6103,False,False,0.0
0815-MFZGM,6,2,144,16,1,42,99.0,4135.0,0,76,4545,False,False,0.0
5480-XTFFL,5,4,193,16,1,31,21.0,697.7,0,24,5225,False,False,0.0
8295-FHIVV,2,4,193,16,1,7,19.4,168.65,0,56,5873,False,True,0.0
9086-YJYXS,3,1,205,16,1,34,77.2,2753.8,0,58,3997,False,False,0.0
1179-INLAT,4,4,193,16,1,3,19.45,69.25,0,32,2787,False,False,0.0
7909-FIOIY,2,4,1,16,1,19,24.85,434.8,0,39,2958,False,True,0.0
6351-SCJKT,1,4,45,16,1,3,41.35,107.25,0,46,5534,False,True,0.0
5468-BPMMO,1,3,193,16,1,46,19.6,851.2,0,59,5092,False,True,0.0
0197-PNKNK,3,1,298,16,1,69,84.45,5848.6,0,49,5629,False,False,0.0
2439-QKJUL,1,4,193,16,1,5,20.25,109.8,0,44,5064,False,True,0.0
1194-SPVSP,1,1,193,16,1,1,19.65,19.65,0,79,3625,False,True,0.0
9534-NSXEM,4,2,193,16,1,26,20.65,595.5,0,79,2194,False,False,0.0
8929-KSWIH,5,1,144,16,1,25,99.3,2513.5,0,23,3847,False,False,0.0
2250-IVBWA,1,3,177,16,1,64,81.05,5135.35,0,48,5168,False,True,0.0
1810-MVMAI,1,3,254,16,1,30,67.6,2000.2,0,33,4104,False,True,0.0
9506-UXUSK,2,3,129,16,1,13,70.15,931.75,0,30,4599,False,True,0.0
1229-RCALF,4,3,321,16,1,64,115.0,7396.15,0,45,5189,False,False,0.0
3572-UOLYZ,2,1,270,16,1,46,84.8,3958.85,0,39,5756,False,True,0.0
1429-UYJSV,3,4,193,16,1,12,19.7,260.9,0,62,3423,False,False,0.0
6366-XIVKZ,2,4,106,16,1,13,63.15,816.8,0,46,5916,False,True,0.0
3470-OBUET,5,2,248,16,1,67,74.0,4868.4,0,35,4188,False,False,0.0
2770-NSVDG,1,3,9,16,1,24,29.1,688.0,0,33,4636,False,True,0.0
9375-MHRRS,1,4,69,16,1,6,50.05,288.35,0,34,3929,False,True,0.0
4860-YZGZM,1,3,193,16,1,10,20.0,185.4,0,63,2706,False,True,0.0
6599-GZWCM,4,4,145,16,1,13,74.65,966.25,0,40,4172,False,False,0.0
5533-NHFRF,2,3,22,16,1,7,44.4,265.8,0,77,3410,False,True,0.0
7037-MTYVW,6,1,241,16,1,38,85.4,3297.0,0,51,5292,False,False,0.0
4760-THGOT,2,3,307,16,1,43,94.1,4107.3,0,71,4392,False,True,0.0
4016-BJKTZ,5,3,289,16,1,25,108.9,2809.05,0,80,4398,False,False,0.0
6584-VQMYT,3,4,113,16,1,27,56.2,1567.55,0,42,5978,False,False,0.0
9838-BFCQT,5,4,322,16,1,72,26.1,1851.45,0,41,5475,False,False,0.0
2790-XUYMV,4,2,306,16,1,71,85.45,6028.95,0,48,4777,False,False,0.0
0581-MDMPW,2,2,268,16,1,24,88.95,2072.75,0,37,5557,False,True,0.0
1023-BQXZE,6,1,108,16,1,57,74.35,4317.35,0,71,5548,False,False,0.0
9163-GHAYE,1,3,81,16,1,15,48.85,736.8,0,62,5584,False,True,0.0
3904-UKFRE,2,3,290,16,1,4,80.1,336.15,0,67,2333,False,True,0.0
5353-WILCI,1,3,113,16,1,28,56.05,1522.65,0,47,4468,False,True,0.0
0058-EVZWM,2,1,292,16,1,55,89.8,4959.6,0,42,5875,False,True,0.0
7009-PCARS,3,1,193,16,1,55,19.1,1001.5,0,66,4391,False,False,0.0
0519-DRGTI,1,4,193,16,1,20,20.35,442.6,0,49,2522,False,True,0.0
1017-FBQMM,4,2,281,16,1,62,106.05,6703.5,0,69,6361,False,False,0.0
1985-MBRYP,6,1,193,16,1,43,19.65,779.25,0,41,3678,False,False,0.0
9372-TXXPS,5,1,117,16,1,60,59.85,3483.45,0,54,4029,False,False,0.0
3259-QMXUN,6,3,253,16,1,58,86.1,4890.5,0,33,5666,False,False,0.0
1015-JPFYW,3,4,193,16,1,7,19.45,136.75,0,29,5084,False,False,0.0
6645-MXQJT,1,3,164,16,1,2,97.1,184.15,0,43,5745,False,True,0.0
4360-QRAVE,1,3,25,16,1,37,36.65,1315.0,0,72,2494,False,True,0.0
8433-WPJTV,4,1,273,16,1,65,103.9,6767.1,0,75,5669,False,False,0.0
5804-JMYIO,5,4,193,16,1,39,19.75,757.95,0,61,3944,False,False,0.0
6484-LATFU,5,4,322,16,1,68,24.55,1657.4,0,31,6042,False,False,0.0
7599-NTMDP,5,1,55,16,1,62,48.7,3008.55,0,26,5453,False,False,0.0
0536-ACXIP,6,3,317,16,1,72,109.55,8165.1,0,53,6452,False,False,0.0
0936-NQLJU,5,2,193,16,1,41,20.65,875.55,0,79,5062,False,False,0.0
1575-KRZZE,1,3,113,16,1,4,55.2,220.65,0,74,4042,False,True,0.0
3251-YMVWZ,3,1,322,16,1,53,24.05,1301.9,0,20,4865,False,False,0.0
4884-LEVMQ,6,1,193,16,1,39,20.45,790.0,0,80,2165,False,False,0.0
8857-CUPFQ,5,4,193,16,1,63,19.25,1237.65,0,20,4538,False,False,0.0
7610-TVOPG,2,3,322,16,1,15,26.35,378.6,0,73,2723,False,True,0.0
3638-DIMPH,3,3,65,16,1,13,43.8,592.65,0,40,4369,False,False,0.0
1845-ZLLIG,2,4,81,16,1,1,50.15,50.15,0,50,4014,False,True,0.0
8559-WNQZS,5,4,193,16,1,1,20.45,20.45,0,27,5925,False,False,0.0
1699-UOTXU,5,3,121,16,1,60,61.4,3638.25,0,40,6209,False,False,0.0
0635-WKOLD,3,2,216,16,1,40,70.75,2921.75,0,32,5507,False,False,0.0
5993-JSUWV,6,1,121,16,1,66,61.15,4017.45,0,66,5133,False,False,0.0
4518-FZBSX,3,4,193,16,1,42,20.25,854.9,0,64,4439,False,False,0.0
5387-ASZNZ,4,2,246,16,1,66,63.85,4174.35,0,80,4657,False,False,0.0
6988-CJEYV,1,3,277,16,1,49,98.7,4920.55,0,79,6148,False,True,0.0
3097-FQTVJ,5,4,193,16,1,41,20.0,810.3,0,21,5913,False,False,0.0
5465-BUBFA,5,1,193,16,1,41,19.3,772.4,0,40,4180,False,False,0.0
7299-GNVPL,1,4,181,16,1,23,84.4,1936.85,0,54,2177,False,True,0.0
9743-DQKQW,1,3,1,16,1,3,25.1,79.8,0,58,2013,False,True,0.0
1215-VFYVK,1,4,46,16,1,4,48.25,202.25,0,30,2682,False,True,0.0
9371-BITHB,5,4,193,16,1,52,19.85,1070.5,0,43,5432,False,False,0.0
9093-FPDLG,2,3,158,16,1,11,94.2,999.9,0,52,2405,False,True,0.0
0541-FITGH,2,4,98,16,1,2,62.15,113.1,0,34,5766,False,True,0.0
6985-HAYWX,1,1,274,16,1,26,79.3,2015.8,0,54,5168,False,True,0.0
7508-KBIMB,4,2,105,16,1,24,56.25,1454.25,0,52,3607,False,False,0.0
6838-HVLXG,1,4,193,16,1,12,20.3,246.7,0,27,4177,False,True,0.0
2277-DJJDL,2,3,265,16,1,60,99.0,6017.9,0,40,4763,False,True,0.0
1897-OKVMW,6,4,257,16,1,64,90.6,5817.45,0,43,5240,False,False,0.0
5485-ITNPC,6,1,128,16,1,66,85.9,5595.3,0,24,5137,False,False,0.0
0233-FTHAV,4,1,266,16,1,60,79.2,4765.0,0,49,5687,False,False,0.0
4644-PIZRT,4,1,236,16,1,17,70.35,1201.65,0,35,2704,False,False,0.0
8922-NPKBJ,5,4,193,16,1,42,19.35,867.3,0,21,3433,False,False,0.0
2740-TVLFN,2,3,194,16,1,1,50.15,50.15,0,80,3043,False,True,0.0
7771-CFQRQ,5,1,86,16,1,47,63.8,3007.25,0,45,5144,False,False,0.0
9512-PHSMG,2,4,193,16,1,10,20.55,252.75,0,71,4907,False,True,0.0
6963-EZQEE,6,2,257,16,1,70,88.55,6306.5,0,37,4097,False,False,0.0
2452-KDRRH,2,2,269,16,1,67,101.4,6841.05,0,28,5269,False,True,0.0
4146-SVFUD,1,4,65,16,1,1,44.6,44.6,0,77,4864,False,True,0.0
1564-HJUVY,2,1,87,16,1,4,63.75,226.2,0,59,2624,False,True,0.0
3617-XLSGQ,5,1,317,16,1,66,109.25,7082.5,0,28,5865,False,False,0.0
7517-LDMPS,2,3,146,16,1,12,84.6,1017.35,0,75,4807,False,True,0.0
7244-KXYZN,3,2,193,16,1,24,20.45,527.35,0,20,4690,False,False,0.0
5226-NOZFC,2,3,147,16,1,26,85.75,2146.5,0,64,3178,False,True,0.0
1400-WIVLL,5,3,273,16,1,57,107.95,5969.85,0,24,4687,False,False,0.0
8148-NLEGT,5,3,322,16,1,42,22.95,1014.25,0,24,4650,False,False,0.0
8347-GDTMP,5,2,193,16,1,64,19.45,1225.65,0,78,5113,False,False,0.0
6746-WAUWT,4,2,193,16,1,19,19.7,386.5,0,41,4431,False,False,0.0
0428-IKYCP,2,1,139,16,1,22,87.0,1850.65,0,49,5233,False,True,0.0
2187-PKZAY,2,1,130,16,1,12,79.95,1043.4,0,71,2968,False,True,0.0
4003-OCTMP,4,3,102,16,1,31,64.0,1910.75,0,24,5191,False,False,0.0
6652-YFFJO,2,3,68,16,1,11,64.9,716.1,0,80,2775,False,True,0.0
7225-IILWY,5,4,322,16,1,68,25.75,1686.15,0,26,5434,False,False,0.0
5248-RPYWW,6,1,257,16,1,72,90.15,6716.45,0,49,4606,False,False,0.0
7923-IYJWY,6,2,321,16,1,67,116.1,7839.85,0,60,5896,False,False,0.0
3170-GWYKC,2,1,176,16,1,60,104.95,6236.75,0,62,5926,False,True,0.0
9830-ECLEN,3,4,59,16,1,58,50.0,2919.85,0,45,4704,False,False,0.0
2668-TZSPS,1,4,193,16,1,1,20.45,20.45,0,51,2664,False,True,0.0
7446-SFAOA,4,1,193,16,1,37,19.85,717.5,0,20,5707,False,False,0.0
9522-ZSINC,4,3,193,16,1,13,19.95,253.8,0,24,2252,False,False,0.0
8234-GSZYK,5,1,322,16,1,43,26.45,1110.05,0,51,3881,False,False,0.0
6505-OZNPG,6,4,64,16,1,6,63.4,348.8,0,48,3909,False,False,0.0
6164-HAQTX,5,1,63,16,1,71,53.95,3888.65,0,76,4094,False,False,0.0
7765-LWVVH,6,3,308,16,1,72,95.1,6843.15,0,25,5584,False,False,0.0
1658-TJVOA,2,3,161,16,1,6,74.1,450.9,0,79,4716,False,True,0.0
0953-LGOVU,1,4,21,16,1,12,35.5,432.25,0,75,2562,False,True,0.0
4692-NNQRU,3,3,141,16,1,21,79.2,1742.45,0,24,4900,False,False,0.0
7742-MYPGI,2,4,69,16,1,6,48.8,297.35,0,45,4538,False,True,0.0
9619-GSATL,3,3,85,16,1,43,55.45,2444.25,0,48,3350,False,False,0.0
5622-UEJFI,6,2,322,16,1,35,25.4,949.8,0,38,5070,False,False,0.0
0674-DGMAQ,2,3,283,16,1,32,93.5,2970.8,0,77,5804,False,True,0.0
6203-HBZPA,5,2,64,16,1,52,63.9,3334.95,0,36,5380,False,False,0.0
0484-FFVBJ,4,1,68,16,1,32,64.85,2010.95,0,29,4895,False,False,0.0
0301-FIDRB,6,1,64,16,1,72,63.8,4684.3,0,32,6107,False,False,0.0
4139-JPIAM,2,2,38,16,1,51,44.45,2181.55,0,62,6087,False,True,0.0
2181-TIDSV,6,1,193,16,1,68,19.95,1303.25,0,70,6492,False,False,0.0
2761-XECQW,2,4,26,16,1,8,43.35,371.4,0,68,2560,False,True,0.0
1936-CZAKF,5,2,20,16,1,49,49.65,2409.9,0,29,4283,False,False,0.0
9453-PATOS,5,4,128,16,1,72,85.1,6155.4,0,39,4147,False,False,0.0
4402-FTBXC,1,4,171,16,1,54,89.8,4667.0,0,67,4980,False,True,0.0
2931-XIQBR,3,4,144,16,1,50,103.05,5153.5,0,72,5905,False,False,0.0
0106-UGRDO,6,3,321,16,1,69,116.0,8182.85,0,37,4216,False,False,0.0
5542-TBBWB,2,3,129,16,1,1,69.9,69.9,0,26,3358,False,True,0.0
1930-QPBVZ,5,1,182,16,1,68,95.1,6683.4,0,38,5748,False,False,0.0
2606-PKWJB,3,4,53,16,1,40,40.25,1564.05,0,30,4288,False,False,0.0
5322-ZSMZY,5,4,322,16,1,31,25.75,755.6,0,32,5472,False,False,0.0
8059-UDZFY,2,1,285,16,1,33,105.35,3465.05,0,58,4738,False,True,0.0
7740-BTPUX,6,3,289,16,1,55,113.6,6292.7,0,56,5754,False,False,0.0
5220-AGAAX,6,1,322,16,1,68,24.0,1664.3,0,57,5440,False,False,0.0
0208-BPQEJ,1,1,193,16,1,12,19.4,198.1,0,29,3713,False,True,0.0
9435-JMLSX,6,1,128,16,1,71,86.1,6045.9,0,52,6286,False,False,0.0
3352-ALMCK,2,4,285,16,1,40,102.65,4108.15,0,52,3655,False,True,0.0
5312-IRCFR,4,3,283,16,1,64,92.85,5980.75,0,58,5206,False,False,0.0
5294-IMHHT,3,1,279,16,1,53,97.75,5043.2,0,41,4488,False,False,0.0
6176-YJWAS,6,2,316,16,1,72,97.95,7114.25,0,22,4256,False,False,0.0
5310-NOOVA,5,3,193,16,1,46,19.95,907.05,0,55,4006,False,False,0.0
4526-EXKKN,6,4,322,16,1,40,24.6,973.95,0,65,2601,False,False,0.0
5311-IHLEI,2,1,55,16,1,12,50.95,605.75,0,73,2716,False,True,0.0
3987-KQDDU,1,3,161,16,1,9,75.6,661.55,0,30,4990,False,True,0.0
3404-JNXAX,2,3,262,16,1,51,80.75,4116.9,0,36,6032,False,True,0.0
5131-PONJI,2,2,155,16,1,49,90.4,4494.65,0,72,5804,False,True,0.0
3489-VSFRD,4,2,109,16,1,56,60.25,3282.75,0,40,4835,False,False,0.0
3345-JHUEO,2,3,193,16,1,4,20.2,55.7,0,45,4267,False,True,0.0
5815-HGGHV,4,4,102,16,1,20,64.15,1274.45,0,61,5969,False,False,0.0
5260-UMPWX,2,2,193,16,1,26,20.25,493.95,0,43,5158,False,True,0.0
5649-RXQTV,2,3,156,16,1,51,99.0,5038.15,0,78,5787,False,True,0.0
2674-MIAHT,2,4,274,16,1,4,80.3,324.2,0,70,3132,False,True,0.0
2576-HXMPA,1,2,193,16,1,1,19.55,19.55,0,38,5537,False,True,0.0
7587-AOVVU,1,3,312,16,1,27,100.75,2793.55,0,31,3160,False,True,0.0
6898-MDLZW,2,4,85,16,1,12,53.75,648.65,0,28,5385,False,True,0.0
4707-YNOQA,4,2,322,16,1,34,25.6,917.15,0,43,5854,False,False,0.0
9357-UJRUN,4,3,230,16,1,24,58.35,1346.9,0,45,5428,False,False,0.0
8648-PFRMP,2,3,4,16,1,14,46.35,672.7,0,44,2056,False,True,0.0
7663-CUXZB,5,3,321,16,1,59,113.75,6561.25,0,23,6251,False,False,0.0
0258-NOKBL,1,3,154,16,1,3,90.4,268.45,0,61,5625,False,True,0.0
1163-VIPRI,5,3,305,16,1,65,109.3,7337.55,0,51,6087,False,False,0.0
9348-ROUAI,5,2,257,16,1,59,90.3,5194.05,0,53,4617,False,False,0.0
9443-JUBUO,6,2,64,16,1,72,65.25,4478.85,0,67,6412,False,False,0.0
3043-TYBNO,1,4,70,16,1,3,60.65,196.9,0,22,2111,False,True,0.0
4830-FAXFM,2,2,322,16,1,19,24.1,439.2,0,35,2378,False,True,0.0
5906-BFOZT,2,4,193,16,1,1,19.5,19.5,0,21,3753,False,True,0.0
2960-NKRSO,2,3,157,16,1,24,85.95,2107.15,0,52,5421,False,True,0.0
8996-ZROXE,4,3,77,16,1,57,53.5,3035.8,0,58,5521,False,False,0.0
5598-IKHQQ,5,2,322,16,1,72,25.45,1866.45,0,42,4118,False,False,0.0
0397-ZXWQF,5,1,193,16,1,67,20.5,1430.95,0,45,4416,False,False,0.0
5266-PFRQK,4,2,193,16,1,52,20.85,1071.6,0,56,4886,False,False,0.0
4674-HGNUA,5,2,257,16,1,71,89.9,6457.15,0,57,4444,False,False,0.0
6765-MBQNU,3,4,322,16,1,26,26.0,684.05,0,20,2244,False,False,0.0
9786-IJYDL,6,4,321,16,1,35,113.2,3914.05,0,76,5723,False,False,0.0
1303-SRDOK,6,2,129,16,1,55,69.05,3842.6,0,67,4318,False,False,0.0
3769-MHZNV,5,4,193,16,1,33,20.1,670.35,0,25,3700,False,False,0.0
6295-OSINB,6,3,317,16,1,72,109.65,7880.25,0,25,6181,False,False,0.0
3308-MHOOC,2,4,193,16,1,1,19.2,19.2,0,76,3383,False,True,0.0
2207-QPJED,1,3,143,16,1,37,90.0,3371.75,0,62,4048,False,True,0.0
4177-JPDFU,1,4,21,16,1,12,34.0,442.45,0,39,3215,False,True,0.0
2239-CFOUJ,3,4,193,16,1,1,20.4,20.4,0,54,4540,False,False,0.0
8046-DNVTL,6,2,53,16,1,62,38.6,2345.55,0,45,4558,False,False,0.0
2209-XADXF,1,1,1,16,1,1,25.25,25.25,0,28,4831,False,True,0.0
6620-JDYNW,2,4,234,16,1,18,60.6,1156.35,0,74,4459,False,True,0.0
4770-UEZOX,2,3,145,16,1,2,74.75,144.8,0,34,4545,False,True,0.0
1038-RQOST,1,4,193,16,1,19,20.6,414.95,0,32,2276,False,True,0.0
4568-TTZRT,1,4,193,16,1,9,20.4,181.8,0,21,5380,False,True,0.0
9513-DXHDA,3,3,112,16,1,27,81.7,2212.55,0,39,2445,False,False,0.0
0516-QREYC,2,4,193,16,1,24,20.3,459.95,0,71,3740,False,True,0.0
8084-OIVBS,3,4,193,16,1,11,20.0,211.95,0,53,3731,False,False,0.0
8896-BQTTI,2,4,322,16,1,1,25.0,25.0,0,53,2371,False,True,0.0
3865-QBWSJ,2,4,290,16,1,38,80.45,3162.65,0,41,2926,False,True,0.0
3352-RICWQ,5,4,193,16,1,9,19.75,210.65,0,24,2427,False,False,0.0
2160-GPFXD,6,2,246,16,1,54,65.65,3566.7,0,49,5725,False,False,0.0
2065-MMKGR,4,2,197,16,1,29,71.0,2080.1,0,32,4226,False,False,0.0
5857-TYBCJ,2,3,268,16,1,44,89.2,4040.2,0,36,2925,False,True,0.0
1498-NHTLT,6,3,128,16,1,59,86.75,5186.0,0,21,5020,False,False,0.0
1402-PTHGN,4,4,117,16,1,18,61.5,1087.45,0,67,3479,False,False,0.0
4176-RELJR,5,2,322,16,1,67,25.1,1672.15,0,26,6388,False,False,0.0
5199-FPUSP,3,2,37,16,1,33,34.05,1113.95,0,73,3044,False,False,0.0
6377-KSLXC,1,4,193,16,1,5,19.95,107.05,0,20,4281,False,True,0.0
1796-JANOW,1,4,193,16,1,2,19.95,38.15,0,40,4079,False,True,0.0
0238-WHBIQ,5,2,257,16,1,72,89.7,6339.3,0,50,4193,False,False,0.0
8735-NBLWT,1,4,193,16,1,9,20.4,184.1,0,67,4195,False,True,0.0
6651-RLGGM,5,4,322,16,1,67,26.3,1688.9,0,52,6066,False,False,0.0
1614-JBEBI,2,4,193,16,1,8,20.7,137.6,0,49,3330,False,True,0.0
5696-EXCYS,5,2,193,16,1,17,19.45,369.05,0,29,5347,False,False,0.0
5795-KTGUD,6,1,317,16,1,68,110.8,7553.6,0,67,4545,False,False,0.0
7924-GJZFI,2,3,129,16,1,25,69.3,1813.1,0,50,4442,False,True,0.0
4702-HDRKD,4,1,47,16,1,67,49.35,3321.35,0,33,5905,False,False,0.0
8512-WIWYV,3,2,193,16,1,32,20.35,707.5,0,40,2433,False,False,0.0
5897-ZYEKH,4,3,309,16,1,67,105.6,7112.15,0,45,5768,False,False,0.0
5456-ITGIC,6,2,64,16,1,72,64.45,4641.1,0,68,5295,False,False,0.0
1406-PUQVY,2,3,81,16,1,1,49.9,49.9,0,39,3239,False,True,0.0
9114-AAFQH,4,3,90,16,1,48,65.65,3094.65,0,67,5427,False,False,0.0
8715-KKTFG,4,1,273,16,1,61,103.3,6518.35,0,27,5401,False,False,0.0
1728-BQDMA,1,3,65,16,1,2,44.45,82.7,0,26,5694,False,True,0.0
5117-ZSMHQ,5,1,257,16,1,71,89.9,6342.7,0,54,5835,False,False,0.0
5151-HQRDG,2,4,226,16,1,37,55.05,2030.75,0,26,3839,False,True,0.0
0960-HUWBM,6,1,273,16,1,65,104.1,6700.05,0,25,4024,False,False,0.0
6465-GSRCL,4,1,281,16,1,67,106.6,7244.7,0,65,5895,False,False,0.0
0263-FJTQO,6,2,232,16,1,50,70.5,3486.65,0,60,4022,False,False,0.0
7319-ZNRTR,3,3,193,16,1,25,19.6,411.15,0,51,2888,False,False,0.0
7503-EPSZW,6,4,322,16,1,64,24.05,1559.15,0,55,4582,False,False,0.0
7089-XXAYG,4,2,11,16,1,25,38.1,970.4,0,72,2315,False,False,0.0
8070-AAWZP,1,4,13,16,1,24,34.25,828.2,0,63,2525,False,True,0.0
1666-JXLKU,2,3,269,16,1,37,100.05,3810.55,0,52,2904,False,True,0.0
7855-DIWPO,2,3,129,16,1,21,68.65,1493.2,0,21,2006,False,True,0.0
5133-POWUA,2,4,65,16,1,1,45.8,45.8,0,30,2614,False,True,0.0
5652-MSDEY,2,4,258,16,1,10,75.75,777.3,0,52,4525,False,True,0.0
1810-BOHSY,4,2,307,16,1,51,96.4,4911.05,0,26,4745,False,False,0.0
1784-BXEFA,2,4,193,16,1,10,20.55,187.35,0,43,3595,False,True,0.0
7351-MHQVU,1,2,54,16,1,6,50.95,307.6,0,79,3474,False,True,0.0
9224-VTYID,6,4,257,16,1,47,90.5,4318.35,0,30,3413,False,False,0.0
9500-IWPXQ,4,3,255,16,1,61,79.4,4820.55,0,74,4666,False,False,0.0
5762-TJXGK,6,1,60,16,1,52,58.75,3038.55,0,21,5122,False,False,0.0
4504-YOULA,2,2,242,16,1,35,59.45,2136.9,0,49,3682,False,True,0.0
5569-IDSEY,4,1,285,16,1,71,105.7,7472.15,0,20,4420,False,False,0.0
7284-ZZLOH,5,2,105,16,1,45,53.3,2296.25,0,79,2929,False,False,0.0
1777-JYQPJ,1,4,1,16,1,2,24.3,38.45,0,77,2515,False,True,0.0
3401-URHDA,3,2,230,16,1,51,59.9,3043.6,0,42,5233,False,False,0.0
1599-EAHXY,3,2,322,16,1,60,23.95,1506.4,0,71,5449,False,False,0.0
8631-XVRZL,4,4,193,16,1,9,20.15,163.7,0,70,4004,False,False,0.0
3853-LYGAM,2,1,271,16,1,17,95.65,1640.0,0,49,3139,False,True,0.0
5751-USDBL,5,4,112,16,1,46,81.0,3846.35,0,57,4280,False,False,0.0
5680-LQOGP,6,2,128,16,1,68,82.45,5646.6,0,70,5308,False,False,0.0
8189-DUKMV,3,1,193,16,1,4,20.5,79.05,0,80,3233,False,False,0.0
9931-DCEZH,4,2,85,16,1,28,54.4,1516.6,0,74,4711,False,False,0.0
1898-JSNDC,4,2,83,16,1,39,58.6,2224.5,0,46,5662,False,False,0.0
0315-LVCRK,1,3,138,16,1,11,84.8,888.75,0,60,4924,False,True,0.0
3911-RSNHI,6,2,32,16,1,71,61.4,4310.35,0,37,5119,False,False,0.0
2410-CIYFZ,1,4,193,16,1,2,20.4,42.9,0,77,3000,False,True,0.0
5505-OVWQW,3,4,193,16,1,17,20.15,353.65,0,48,4650,False,False,0.0
7271-AJDTL,2,2,284,16,1,55,94.45,5073.1,0,55,5577,False,True,0.0
1867-TJHTS,2,1,290,16,1,58,79.8,4526.85,0,78,5709,False,True,0.0
6860-YRJZP,2,3,258,16,1,9,74.05,678.45,0,51,2003,False,True,0.0
4429-WYGFR,1,1,69,16,1,26,49.15,1237.3,0,54,2752,False,True,0.0
2817-LVCPP,5,2,193,16,1,50,19.4,1023.95,0,41,6233,False,False,0.0
5038-ETMLM,6,1,321,16,1,72,113.65,8182.75,0,38,5411,False,False,0.0
5056-FIMPT,4,2,184,16,1,43,106.0,4532.3,0,76,3528,False,False,0.0
4521-WFJAI,6,1,322,16,1,56,25.95,1444.05,0,40,4246,False,False,0.0
6569-KTMDU,1,4,193,16,1,1,19.1,19.1,0,26,3313,False,True,0.0
8809-XKHMD,6,1,311,16,1,72,100.55,7325.1,0,54,6082,False,False,0.0
0396-YCHWO,2,3,261,16,1,36,95.4,3474.2,0,44,5111,False,True,0.0
0867-LDTTC,1,1,80,16,1,5,75.15,392.65,0,68,5900,False,True,0.0
9391-DXGGG,3,2,154,16,1,44,89.15,3990.75,0,27,4368,False,False,0.0
9844-FELAJ,4,3,289,16,1,70,107.9,7475.85,0,53,5899,False,False,0.0
2122-SZZZD,3,2,193,16,1,44,19.5,835.5,0,35,4220,False,False,0.0
3148-AOIQT,6,2,322,16,1,69,24.95,1718.35,0,45,4106,False,False,0.0
8395-ETZKQ,3,1,193,16,1,68,19.5,1193.55,0,51,5443,False,False,0.0
6692-YQHXC,2,2,129,16,1,16,69.95,1205.5,0,54,5596,False,True,0.0
3889-VWBID,5,1,120,16,1,68,82.85,5776.45,0,42,5184,False,False,0.0
5222-JCXZT,1,4,193,16,1,4,19.0,78.9,0,55,3022,False,True,0.0
9754-CLVZW,1,2,53,16,1,26,38.85,1025.15,0,43,3970,False,True,0.0
2739-CCZMB,1,2,193,16,1,5,20.35,122.0,0,60,3161,False,True,0.0
7080-TNUWP,4,1,284,16,1,70,95.0,6602.9,0,65,6259,False,False,0.0
0496-AHOOK,3,1,104,16,1,24,74.4,1712.9,0,68,4310,False,False,0.0
8336-TAVKX,5,1,255,16,1,72,78.45,5682.25,0,71,4032,False,False,0.0
2468-SJFLM,2,4,133,16,1,1,74.3,74.3,0,64,3063,False,True,0.0
3181-VTHOE,4,1,30,16,1,70,51.05,3635.15,0,69,4042,False,False,0.0
7168-HDQHG,1,1,193,16,1,36,19.2,702.9,0,79,3043,False,True,0.0
4567-AKPIA,4,1,289,16,1,41,109.1,4454.25,0,77,4854,False,False,0.0
7901-HXJVA,1,3,137,16,1,14,76.45,1117.55,0,52,2292,False,True,0.0
5924-IFQTT,2,3,224,16,1,13,72.8,930.05,0,46,2862,False,True,0.0
7968-QUXNS,1,4,193,16,1,6,18.95,110.15,0,68,5920,False,True,0.0
8903-WMRNW,1,3,172,16,1,15,101.75,1669.4,0,50,2919,False,True,0.0
2452-SNHFZ,1,2,161,16,1,47,75.45,3545.1,0,66,4995,False,True,0.0
3629-WEAAM,1,4,78,16,1,8,64.1,504.05,0,25,2804,False,True,0.0
6029-CSMJE,2,4,1,16,1,17,25.65,440.2,0,24,3090,False,True,0.0
7993-NQLJE,1,4,161,16,1,15,75.1,1151.55,0,60,4634,False,True,0.0
9909-DFRJA,4,1,174,16,1,26,95.85,2475.35,0,42,3834,False,False,0.0
9099-FTUHS,1,3,226,16,1,23,54.4,1249.25,0,22,2989,False,True,0.0
0581-BXBUB,1,3,145,16,1,4,72.75,317.75,0,50,4503,False,True,0.0
4962-CHQPW,3,4,193,16,1,29,19.85,535.05,0,26,2941,False,False,0.0
9467-ROOLM,1,4,193,16,1,25,19.05,461.3,0,65,2692,False,True,0.0
5150-ITWWB,2,3,261,16,1,3,94.85,335.75,0,40,4496,False,True,0.0
2253-KPMNB,5,1,61,16,1,69,46.25,3121.4,0,33,4180,False,False,0.0
1345-ZUKID,3,4,193,16,1,14,19.35,324.8,0,39,2400,False,False,0.0
6429-SHBCB,1,4,197,16,1,19,69.6,1394.55,0,77,3349,False,True,0.0
9281-OFDMF,1,3,275,16,1,39,90.7,3413.25,0,39,5028,False,True,0.0
2603-HVKCG,2,3,156,16,1,31,101.4,3143.65,0,72,2025,False,True,0.0
1834-WULEG,3,4,193,16,1,24,20.25,439.75,0,58,3000,False,False,0.0
9097-ZUBYC,1,1,69,16,1,14,48.8,664.4,0,77,2168,False,True,0.0
5148-ORICT,6,4,126,16,1,64,74.35,4759.55,0,80,4781,False,False,0.0
4893-GYUJU,4,4,193,16,1,50,19.35,1033.0,0,39,5247,False,False,0.0
4578-PHJYZ,4,3,95,16,1,52,68.75,3482.85,0,51,4172,False,False,0.0
7272-QDCKA,3,3,277,16,1,28,100.2,2688.45,0,79,5137,False,False,0.0
8908-SLFCJ,6,2,193,16,1,21,20.85,435.25,0,35,5422,False,False,0.0
9766-HGEDE,3,4,193,16,1,17,19.35,307.0,0,77,2185,False,False,0.0
6968-MHOMU,4,2,4,16,1,58,45.0,2689.35,0,55,5006,False,False,0.0
5044-XDPYX,5,4,322,16,1,51,25.5,1281.25,0,43,5447,False,False,0.0
1814-WFGVS,5,4,47,16,1,72,48.9,3527.0,0,47,5415,False,False,0.0
3721-WKIIL,6,4,193,16,1,27,19.6,561.15,0,21,2896,False,False,0.0
6734-CKRSM,1,4,193,16,1,3,20.0,63.6,0,65,4258,False,True,0.0
1265-ZFOSD,6,4,255,16,1,64,81.3,5129.3,0,74,5254,False,False,0.0
6568-POCUI,6,2,136,16,1,45,95.2,4285.8,0,27,3363,False,False,0.0
5197-LQXXH,6,2,225,16,1,71,83.3,5894.5,0,24,4264,False,False,0.0
3457-PQBYH,5,2,193,16,1,58,20.3,1160.75,0,66,4424,False,False,0.0
7682-AZNDK,2,3,155,16,1,34,89.85,3091.75,0,45,3096,False,True,0.0
5384-ZTTWP,1,4,193,16,1,15,19.8,272.95,0,34,4167,False,True,0.0
3745-HRPHI,5,1,16,16,1,66,54.65,3632.0,0,42,4051,False,False,0.0
7636-OWBPG,2,2,17,16,1,12,29.35,381.2,0,27,3606,False,True,0.0
1231-YNDEK,6,1,193,16,1,58,19.15,1035.5,0,25,6339,False,False,0.0
1407-DIGZV,5,4,193,16,1,3,19.1,52.0,0,30,3863,False,False,0.0
0570-BFQHT,1,3,153,16,1,9,80.55,653.9,0,26,3581,False,True,0.0
4393-OBCRR,3,4,193,16,1,3,20.25,71.2,0,31,4331,False,False,0.0
8564-LDKFL,4,1,285,16,1,40,106.0,4178.65,0,77,5118,False,False,0.0
3696-DFHHB,5,1,322,16,1,68,25.5,1821.8,0,37,5182,False,False,0.0
4717-GHADL,6,4,217,16,1,50,79.6,4024.2,0,39,5592,False,False,0.0
5501-TVMGM,2,3,66,16,1,1,55.25,55.25,0,49,3255,False,True,0.0
5879-HMFFH,5,1,257,16,1,72,88.05,6520.8,0,42,6247,False,False,0.0
6772-WFQRD,4,1,193,16,1,40,20.4,854.9,0,59,3200,False,False,0.0
3810-DVDQQ,6,1,321,16,1,72,117.6,8308.9,0,54,6173,False,False,0.0
6972-SNKKW,1,4,193,16,1,6,20.0,109.2,0,53,3142,False,True,0.0
3694-GLTJM,2,2,193,16,1,5,19.65,92.05,0,42,2878,False,True,0.0
8550-XSXUQ,4,2,219,16,1,48,70.55,3420.5,0,39,3997,False,False,0.0
9055-MOJJJ,3,4,103,16,1,64,65.8,4068.0,0,57,4754,False,False,0.0
4359-INNWN,3,2,193,16,1,17,20.05,337.9,0,70,4828,False,False,0.0
0585-EGDDA,2,3,153,16,1,40,80.0,3168.75,0,31,2478,False,True,0.0
4032-RMHCI,3,2,41,16,1,41,35.4,1412.4,0,43,4375,False,False,0.0
0549-CYCQN,4,1,274,16,1,51,79.6,3974.7,0,59,4673,False,False,0.0
3481-JHUZH,2,3,274,16,1,41,80.25,3439.0,0,49,5757,False,True,0.0
3594-IVHJZ,2,4,193,16,1,2,20.45,42.45,0,56,2606,False,True,0.0
6869-FGJJC,3,2,153,16,1,68,79.6,5461.45,0,20,5210,False,False,0.0
3896-ZVNET,5,4,322,16,1,24,24.7,571.75,0,56,5302,False,False,0.0
8205-VSLRB,5,2,239,16,1,70,77.3,5498.2,0,23,6252,False,False,0.0
5960-MVTUK,2,3,5,16,1,3,29.75,96.85,0,55,3425,False,True,0.0
6817-WTYHE,1,1,65,16,1,2,44.9,111.05,0,26,4370,False,True,0.0
3082-VQXNH,1,2,17,16,1,3,29.8,94.4,0,32,5614,False,True,0.0
4931-TRZWN,2,3,100,16,1,13,71.95,923.85,0,67,3605,False,True,0.0
0750-EKNGL,1,4,193,16,1,7,20.75,141.1,0,46,4476,False,True,0.0
7669-LCRSD,2,4,67,16,1,12,56.3,628.65,0,56,2047,False,True,0.0
3567-PQTSO,4,3,285,16,1,53,105.25,5576.3,0,56,6365,False,False,0.0
8043-PNYSD,5,4,193,16,1,63,19.55,1245.6,0,36,6002,False,False,0.0
9938-EKRGF,1,4,128,16,1,15,84.45,1287.85,0,46,4653,False,True,0.0
2703-AMTUL,3,4,113,16,1,36,53.65,1939.35,0,37,4113,False,False,0.0
0928-JMXNP,2,3,9,16,1,4,29.9,118.25,0,46,2914,False,True,0.0
8173-RXAYP,5,4,193,16,1,24,19.7,452.55,0,42,4642,False,False,0.0
4825-XJGDM,3,2,61,16,1,61,43.7,2696.55,0,50,4051,False,False,0.0
5402-HTOTQ,1,3,210,16,1,16,55.3,875.35,0,25,3771,False,True,0.0
6734-JDTTV,6,2,193,16,1,65,19.85,1267.05,0,52,6009,False,False,0.0
7850-THJMU,5,2,193,16,1,26,19.65,494.9,0,37,4184,False,False,0.0
3890-RTCMS,2,4,69,16,1,16,49.45,799.0,0,49,3446,False,True,0.0
3717-FDJFU,5,4,193,16,1,5,20.45,106.9,0,75,3353,False,False,0.0
3665-JATSN,2,3,18,16,1,19,39.7,710.05,0,65,4034,False,True,0.0
7966-YOTQW,2,2,226,16,1,10,54.5,568.2,0,59,4163,False,True,0.0
8853-TZDGH,6,1,289,16,1,72,111.6,8012.75,0,59,5425,False,False,0.0
4324-BZCKL,2,4,89,16,1,10,55.55,551.3,0,41,2530,False,True,0.0
6924-TDGMT,4,4,193,16,1,11,20.55,184.95,0,23,3971,False,False,0.0
1536-YHDOE,4,4,230,16,1,17,62.1,1096.65,0,33,3937,False,False,0.0
8123-QBNAZ,2,2,301,16,1,36,104.5,3684.95,0,49,4102,False,True,0.0
3629-ZNKXA,2,3,156,16,1,17,101.8,1752.45,0,53,3296,False,True,0.0
4827-LTQRJ,4,2,313,16,1,66,110.6,7210.85,0,67,5418,False,False,0.0
7711-YIJWC,3,1,128,16,1,61,84.9,5264.5,0,72,4413,False,False,0.0
5482-VXSXJ,2,4,148,16,1,22,93.2,2157.3,0,26,4093,False,True,0.0
7365-BVCJH,2,3,1,16,1,1,24.4,24.4,0,66,3145,False,True,0.0
9620-ENEJV,1,2,129,16,1,6,70.55,433.95,0,52,4059,False,True,0.0
2378-YIZKA,6,2,128,16,1,68,85.0,5607.75,0,65,6221,False,False,0.0
0689-DSXGL,1,1,157,16,1,52,85.8,4433.3,0,22,5494,False,True,0.0
6818-DJXAA,2,3,143,16,1,10,91.1,964.35,0,50,3857,False,True,0.0
0464-WJTKO,5,1,193,16,1,72,20.1,1460.85,0,30,4598,False,False,0.0
8902-ZEOVF,3,4,193,16,1,47,20.05,951.55,0,64,5183,False,False,0.0
6778-EICRF,3,4,229,16,1,24,74.8,1821.2,0,52,5535,False,False,0.0
2662-NNTDK,3,2,322,16,1,65,24.8,1600.95,0,76,5826,False,False,0.0
4132-KALRO,2,4,265,16,1,4,100.85,399.25,0,21,5354,False,True,0.0
2874-YXVVA,2,3,160,16,1,34,105.1,3634.8,0,68,3941,False,True,0.0
1245-HARPS,5,4,193,16,1,14,20.4,292.4,0,73,4556,False,False,0.0
4323-ELYYB,3,4,193,16,1,13,20.0,218.55,0,27,5651,False,False,0.0
4293-ETKAP,6,1,217,16,1,65,79.4,5071.9,0,65,4023,False,False,0.0
6064-PUPMC,3,2,101,16,1,23,57.2,1423.35,0,69,4021,False,False,0.0
6504-VBLFL,5,3,121,16,1,55,58.6,3068.6,0,49,6231,False,False,0.0
6322-PJJDJ,6,3,148,16,1,49,94.8,4690.65,0,29,4252,False,False,0.0
0330-BGYZE,3,1,285,16,1,60,102.5,6157.6,0,54,4968,False,False,0.0
1085-LDWAM,4,2,193,16,1,69,20.35,1442.65,0,26,5188,False,False,0.0
7586-ZATGZ,2,3,260,16,1,40,84.9,3369.05,0,37,2904,False,True,0.0
7197-VOJMM,6,2,118,16,1,67,69.2,4671.65,0,43,4323,False,False,0.0
1843-TLSGD,5,4,193,16,1,13,20.85,272.35,0,58,3163,False,False,0.0
9626-VFRGG,2,1,276,16,1,41,88.5,3645.05,0,27,5984,False,True,0.0
7075-BNDVQ,1,4,41,16,1,4,35.0,135.75,0,70,3523,False,True,0.0
9143-CANJF,1,3,101,16,1,24,55.15,1319.85,0,80,2200,False,True,0.0
7284-BUYEC,2,2,20,16,1,5,50.95,229.4,0,69,3573,False,True,0.0
2041-JIJCI,2,3,211,16,1,5,64.0,370.25,0,75,4421,False,True,0.0
4900-MSOMT,5,1,256,16,1,72,80.2,5714.2,0,24,6087,False,False,0.0
2229-VWQJH,2,2,73,16,1,24,49.3,1233.25,0,66,5394,False,True,0.0
9194-GFVOI,5,2,241,16,1,42,84.35,3571.6,0,59,3363,False,False,0.0
1336-EZFZY,1,4,193,16,1,4,20.05,83.3,0,30,4596,False,True,0.0
4282-MSACW,4,2,321,16,1,68,117.2,8035.95,0,55,4629,False,False,0.0
1403-LKLIK,3,4,193,16,1,33,20.1,579.4,0,62,3342,False,False,0.0
0136-IFMYD,6,3,289,16,1,69,109.95,7634.25,0,63,4297,False,False,0.0
5144-TVGLP,1,3,261,16,1,38,94.75,3653.0,0,71,3654,False,True,0.0
9643-AVVWI,2,3,149,16,1,3,80.0,241.3,0,76,4264,False,True,0.0
0253-ZTEOB,5,3,217,16,1,48,79.65,3870.3,0,50,3246,False,False,0.0
2706-QZIHY,5,4,322,16,1,15,25.2,387.9,0,25,4411,False,False,0.0
6061-PQHMK,3,2,193,16,1,25,19.9,527.5,0,56,3048,False,False,0.0
6137-MFAJN,2,3,51,16,1,48,44.8,2104.55,0,26,2469,False,True,0.0
9122-UMROB,1,4,193,16,1,1,20.3,20.3,0,80,4270,False,True,0.0
4232-JGKIY,1,3,193,16,1,1,19.2,19.2,0,27,2716,False,True,0.0
2402-TAIRZ,3,3,153,16,1,37,80.05,3019.1,0,55,3364,False,False,0.0
9659-ZTWSM,4,1,289,16,1,66,107.35,7051.95,0,53,4138,False,False,0.0
9139-TWBAS,3,1,59,16,1,26,47.85,1190.5,0,79,4362,False,False,0.0
6685-GBWJZ,3,2,119,16,1,63,70.8,4448.8,0,44,5114,False,False,0.0
2195-VVRJF,2,2,98,16,1,18,59.1,1011.05,0,30,2422,False,True,0.0
3913-RDSJZ,5,4,322,16,1,64,25.55,1714.95,0,22,4312,False,False,0.0
4203-QGNZA,1,4,193,16,1,28,20.25,535.35,0,54,4476,False,True,0.0
5043-TRZWM,1,3,137,16,1,1,75.55,75.55,0,34,3503,False,True,0.0
9494-BDNNC,3,3,283,16,1,66,95.3,6273.4,0,49,5706,False,False,0.0
1640-PLFMP,2,3,129,16,1,1,70.25,70.25,0,58,4063,False,True,0.0
5366-OBVMR,2,4,69,16,1,18,50.3,908.75,0,67,3740,False,True,0.0
7644-OMVMY,5,4,193,16,1,0,19.85,0.0,0,53,2019,False,False,0.0
4573-JKNAE,5,1,193,16,1,12,19.35,212.3,0,74,2558,False,False,0.0
9817-APLHW,1,3,322,16,1,12,25.0,316.2,0,53,4408,False,True,0.0
8380-MQINP,5,4,193,16,1,55,20.3,1079.05,0,36,5153,False,False,0.0
0840-DFEZH,2,3,258,16,1,7,75.35,564.65,0,37,4989,False,True,0.0
8690-ZVLCL,5,2,257,16,1,68,88.0,6161.9,0,44,5436,False,False,0.0
1125-SNVCK,1,4,65,16,1,49,43.8,2106.05,0,68,5651,False,True,0.0
0384-LPITE,3,2,60,16,1,40,62.05,2511.55,0,34,2290,False,False,0.0
4616-EWBNJ,3,1,193,16,1,16,20.1,318.6,0,22,4545,False,False,0.0
1335-HQMKX,4,3,285,16,1,72,101.35,7323.15,0,25,4497,False,False,0.0
2545-EBUPK,2,3,259,16,1,2,84.05,186.05,0,72,5039,False,True,0.0
6923-AQONU,5,4,193,16,1,23,20.9,454.0,0,46,4076,False,False,0.0
2172-EJXVF,4,3,285,16,1,71,105.9,7521.95,0,60,5479,False,False,0.0
4536-PLEQY,2,2,146,16,1,12,85.05,999.8,0,80,2540,False,True,0.0
7029-IJEJK,3,1,38,16,1,54,44.1,2369.7,0,32,6205,False,False,0.0
8871-JLMHM,5,2,286,16,1,68,90.2,6297.65,0,55,4095,False,False,0.0
5447-VYTKW,1,4,101,16,1,27,53.45,1461.45,0,75,2191,False,True,0.0
3623-FQBOX,2,4,193,16,1,21,19.95,416.4,0,36,3632,False,True,0.0
8659-HDIYE,1,2,223,16,1,64,74.65,4869.35,0,58,5113,False,True,0.0
3474-BAFSJ,6,1,32,16,1,57,57.5,3265.95,0,75,4133,False,False,0.0
3865-ZFZIB,5,4,193,16,1,19,19.65,358.15,0,21,5596,False,False,0.0
1855-AGAWH,4,3,140,16,1,31,93.8,2939.8,0,46,2510,False,False,0.0
7109-CQYUZ,6,4,257,16,1,52,89.25,4652.4,0,31,4624,False,False,0.0
1370-GGAWX,4,3,283,16,1,46,94.15,4408.45,0,70,3924,False,False,0.0
4680-KUTAJ,2,3,226,16,1,11,55.6,580.8,0,80,5014,False,True,0.0
5307-UVGNB,2,1,58,16,1,53,48.7,2495.2,0,54,4116,False,True,0.0
2883-ILGWO,2,1,281,16,1,57,104.9,5913.95,0,75,5838,False,True,0.0
3642-BYHDO,5,1,193,16,1,71,19.9,1389.35,0,31,5789,False,False,0.0
9629-NHXFW,2,4,193,16,1,1,19.4,19.4,0,72,3160,False,True,0.0
2696-RZVZW,5,2,322,16,1,68,25.05,1629.2,0,24,4187,False,False,0.0
5766-FTRTS,5,4,128,16,1,72,84.45,6033.1,0,50,6297,False,False,0.0
0396-HUJBP,1,4,193,16,1,2,19.3,44.4,0,43,3009,False,True,0.0
8879-ZKJOF,4,1,112,16,1,41,79.85,3320.75,0,48,5556,False,False,0.0
6285-FTQBF,5,2,322,16,1,72,25.55,1867.7,0,40,6425,False,False,0.0
1474-JUWSM,4,3,231,16,1,58,68.4,3972.25,0,62,5269,False,False,0.0
3530-CRZSB,1,4,193,16,1,7,20.65,155.9,0,38,2100,False,True,0.0
8498-XXGWA,2,4,105,16,1,65,55.15,3673.15,0,34,6205,False,True,0.0
9617-INGJY,2,4,129,16,1,1,70.6,70.6,0,61,3530,False,True,0.0
0621-TSSMU,3,2,193,16,1,56,19.95,1126.75,0,65,4838,False,False,0.0
7234-KMNRQ,1,4,193,16,1,4,19.0,73.45,0,28,4345,False,True,0.0
7636-PEPNS,4,4,65,16,1,58,44.1,2413.05,0,44,5040,False,False,0.0
4683-WYDOU,6,1,273,16,1,62,107.6,6912.7,0,40,4697,False,False,0.0
9052-DHNKM,3,3,242,16,1,26,61.55,1581.95,0,30,5156,False,False,0.0
6794-HKIAJ,1,1,314,16,1,62,90.7,5586.45,0,67,5496,False,True,0.0
5578-NKCXI,3,2,180,16,1,58,99.25,5846.65,0,22,4098,False,False,0.0
1642-HMARX,6,3,257,16,1,68,91.7,6424.7,0,77,4113,False,False,0.0
3096-WPXBT,4,2,315,16,1,61,100.7,6018.65,0,57,4804,False,False,0.0
8434-PNQZX,6,2,209,16,1,42,78.45,3373.4,0,30,3192,False,False,0.0
5950-AAAGJ,1,1,260,16,1,18,84.3,1537.9,0,72,4612,False,True,0.0
4299-OPXEJ,6,1,193,16,1,56,19.55,1080.55,0,56,5764,False,False,0.0
9618-LFJRU,1,2,193,16,1,4,20.45,82.85,0,40,4344,False,True,0.0
6693-DJWTY,3,2,113,16,1,35,55.6,2016.45,0,80,5964,False,False,0.0
0744-GKNGE,2,1,294,16,1,64,86.8,5327.25,0,70,4915,False,True,0.0
6447-EGDIV,3,4,193,16,1,31,20.95,683.25,0,69,5772,False,False,0.0
1167-OYZJF,6,1,193,16,1,67,20.05,1263.05,0,76,4934,False,False,0.0
4806-DXQCE,6,3,321,16,1,70,113.65,7714.65,0,46,6146,False,False,0.0
4854-SSLTN,5,4,117,16,1,2,59.5,130.5,0,61,5613,False,False,0.0
5294-DMSFH,2,2,132,16,1,29,87.8,2621.75,0,25,4780,False,True,0.0
4837-PZTIC,5,4,45,16,1,47,41.9,1875.25,0,45,2540,False,False,0.0
0603-OLQDC,2,4,100,16,1,12,69.85,837.5,0,36,5796,False,True,0.0
3272-VUHPV,1,1,85,16,1,8,56.3,401.5,0,21,3135,False,True,0.0
4176-FXYBO,1,3,317,16,1,54,109.55,6118.95,0,42,6130,False,True,0.0
1063-DHQJF,6,4,151,16,1,69,92.15,6480.9,0,30,5817,False,False,0.0
8663-UPDGF,2,1,244,16,1,26,69.5,1800.05,0,55,3866,False,True,0.0
6719-FGEDO,6,1,318,16,1,72,97.0,7104.2,0,67,6302,False,False,0.0
1837-YQUCE,6,1,48,16,1,70,58.35,4214.25,0,55,4093,False,False,0.0
0369-ZGOVK,4,1,129,16,1,28,70.4,1992.2,0,54,5195,False,False,0.0
9919-KNPOO,2,3,261,16,1,21,94.3,1948.35,0,55,2058,False,True,0.0
7872-BAAZR,3,1,193,16,1,53,19.55,1007.9,0,29,4670,False,False,0.0
9391-LMANN,3,3,186,16,1,53,95.95,5036.9,0,61,4523,False,False,0.0
8174-TBVCF,6,2,257,16,1,70,94.8,6859.05,0,71,5072,False,False,0.0
1698-XFZCI,4,3,317,16,1,61,107.75,6521.9,0,29,5364,False,False,0.0
1877-HKBQX,4,4,101,16,1,11,54.6,617.85,0,49,2573,False,False,0.0
4450-DLLMH,2,2,129,16,1,2,71.3,157.75,0,43,2274,False,True,0.0
0428-AXXLJ,4,1,193,16,1,25,19.5,516.3,0,36,4761,False,False,0.0
2746-DIJLO,4,2,210,16,1,41,56.3,2364.0,0,46,2994,False,False,0.0
3508-VLHCZ,6,2,257,16,1,71,90.55,6239.05,0,66,6009,False,False,0.0
4086-ATNFV,4,4,121,16,1,34,60.8,2042.05,0,48,4522,False,False,0.0
0468-YRPXN,2,2,144,16,1,29,98.8,2807.1,0,42,4580,False,True,0.0
5996-NRVXR,4,2,191,16,1,40,98.15,4116.8,0,53,4332,False,False,0.0
3739-YBWAB,3,4,41,16,1,36,35.35,1317.95,0,60,3314,False,False,0.0
7047-FWEYA,4,3,281,16,1,46,103.15,4594.65,0,32,3517,False,False,0.0
2000-MPKCA,4,3,317,16,1,58,107.75,6332.75,0,57,5121,False,False,0.0
9762-YAQAA,3,2,274,16,1,39,81.4,3213.75,0,22,4104,False,False,0.0
5473-KHBPS,4,2,284,16,1,52,95.7,4976.15,0,31,4415,False,False,0.0
0100-DUVFC,4,3,285,16,1,70,104.8,7308.95,0,57,5291,False,False,0.0
5397-TUPSH,4,1,129,16,1,65,70.95,4555.2,0,30,4871,False,False,0.0
8950-MTZNV,2,4,65,16,1,1,44.95,44.95,0,75,3256,False,True,0.0
0326-VDYXE,4,3,269,16,1,70,97.65,6982.5,0,35,4252,False,False,0.0
6773-LQTVT,2,4,25,16,1,29,35.65,1025.15,0,46,4107,False,True,0.0
0436-TWFFZ,6,4,241,16,1,67,85.25,5714.2,0,61,6322,False,False,0.0
8566-YPRGL,2,4,193,16,1,1,19.5,19.5,0,23,5279,False,True,0.0
6609-MXJHJ,6,4,322,16,1,30,25.1,789.55,0,35,5851,False,False,0.0
2669-OIDSD,2,2,144,16,1,48,100.05,4834.0,0,34,3468,False,True,0.0
8400-WZICQ,1,3,113,16,1,55,55.7,3131.8,0,61,4149,False,True,0.0
9576-SYUHJ,2,3,292,16,1,37,91.15,3369.25,0,37,3194,False,True,0.0
0410-IPFTY,2,1,146,16,1,31,83.85,2674.15,0,56,4283,False,True,0.0
2831-EBWRN,2,3,65,16,1,4,45.9,199.75,0,39,3200,False,True,0.0
9430-NKQLY,6,2,322,16,1,72,25.1,1790.8,0,52,4185,False,False,0.0
0247-SLUJI,1,4,193,16,1,1,19.7,19.7,0,43,2004,False,True,0.0
9402-ORRAH,2,3,132,16,1,15,91.5,1400.3,0,41,4173,False,True,0.0
6483-OATDN,2,2,97,16,1,8,51.3,411.6,0,66,2545,False,True,0.0
1293-HHSHJ,3,4,193,16,1,35,21.1,741.0,0,79,5707,False,False,0.0
4840-ORQXB,1,3,285,16,1,56,104.75,5841.35,0,35,5128,False,True,0.0
3982-DQLUS,2,3,306,16,1,65,85.75,5688.45,0,21,4978,False,True,0.0
8610-ZIKJJ,3,4,193,16,1,2,20.3,31.9,0,58,2843,False,False,0.0
3756-VNWDH,4,3,293,16,1,65,100.75,6674.65,0,66,4368,False,False,0.0
7801-KICAO,2,3,258,16,1,18,74.15,1345.75,0,73,5033,False,True,0.0
7673-LPRNY,4,3,237,16,1,23,78.55,1843.05,0,47,3127,False,False,0.0
6060-QBMGV,5,2,193,16,1,70,19.85,1433.8,0,39,4442,False,False,0.0
7339-POGZN,1,3,194,16,1,4,50.7,214.55,0,60,4288,False,True,0.0
2828-SLQPF,2,1,65,16,1,19,45.0,865.85,0,62,4519,False,True,0.0
4465-VDKIQ,1,3,153,16,1,18,77.8,1358.6,0,42,4228,False,True,0.0
2921-XWDJH,2,3,162,16,1,38,83.45,3147.15,0,49,2768,False,True,0.0
2558-BUOZZ,3,1,308,16,1,47,94.8,4535.85,0,66,5022,False,False,0.0
9257-AZMTZ,5,1,193,16,1,52,20.1,1078.75,0,71,4529,False,False,0.0
0003-MKNFE,1,4,195,16,1,9,59.9,542.4,0,66,5414,False,True,0.0
0975-UYDTX,4,2,257,16,1,26,90.1,2312.55,0,39,2068,False,False,0.0
4682-BLBUC,4,3,95,16,1,44,70.95,3250.45,0,66,3678,False,False,0.0
0975-VOOVL,1,4,17,16,1,3,29.2,98.5,0,48,4699,False,True,0.0
5968-VXZLG,2,1,65,16,1,2,46.6,87.9,0,54,5096,False,True,0.0
5201-FRKKS,1,1,161,16,1,25,74.3,1952.25,0,64,4815,False,True,0.0
9799-CAYJJ,2,3,129,16,1,2,69.3,153.8,0,58,2901,False,True,0.0
5443-SCMKX,4,3,283,16,1,58,94.3,5610.15,0,77,6166,False,False,0.0
8295-KMENE,6,4,240,16,1,59,76.45,4519.5,0,27,5978,False,False,0.0
6738-ISCBM,4,3,44,16,1,44,54.0,2440.25,0,36,4256,False,False,0.0
9821-BESNZ,4,3,281,16,1,66,104.25,6860.6,0,42,4915,False,False,0.0
3678-MNGZX,5,1,193,16,1,68,19.95,1377.7,0,53,4165,False,False,0.0
1335-NTIUC,2,3,1,16,1,9,24.95,190.25,0,24,5473,False,True,0.0
2916-BQZLN,2,3,298,16,1,19,84.75,1651.95,0,24,5157,False,True,0.0
4558-CGYCZ,1,4,193,16,1,4,19.75,78.3,0,25,4987,False,True,0.0
2368-GAKKQ,6,1,321,16,1,70,113.65,7939.25,0,75,6424,False,False,0.0
8710-YGLWG,2,4,65,16,1,1,44.9,44.9,0,21,2451,False,True,0.0
3199-XGZCY,2,3,258,16,1,8,75.25,576.7,0,74,2332,False,True,0.0
3785-KTYSH,5,4,322,16,1,53,24.6,1279.0,0,44,4610,False,False,0.0
6814-ZPWFQ,3,1,322,16,1,51,25.0,1260.7,0,49,5896,False,False,0.0
4063-EIKNQ,1,1,193,16,1,11,20.95,267.35,0,31,4075,False,True,0.0
6993-YCOBK,6,3,305,16,1,60,110.6,6586.85,0,22,5756,False,False,0.0
5206-HPJKM,2,2,113,16,1,17,55.5,934.15,0,38,3190,False,True,0.0
8393-JMVMB,1,4,193,16,1,1,19.45,19.45,0,48,2133,False,True,0.0
5019-GQVCR,2,3,260,16,1,43,84.85,3645.6,0,56,4556,False,True,0.0
6036-TTFYU,1,4,193,16,1,16,19.6,314.45,0,79,4298,False,True,0.0
2550-AEVRU,3,3,113,16,1,57,53.45,3053.0,0,21,5660,False,False,0.0
0969-RGKCU,3,2,193,16,1,37,19.8,677.05,0,24,5137,False,False,0.0
0378-CJKPV,5,2,321,16,1,72,112.1,7965.95,0,62,4272,False,False,0.0
2880-FPNAE,2,3,137,16,1,2,74.2,140.1,0,32,3170,False,True,0.0
1703-MGIAB,2,4,208,16,1,17,69.0,1108.0,0,22,4439,False,True,0.0
4311-QTTAI,3,2,193,16,1,16,19.35,295.55,0,22,2017,False,False,0.0
4318-RAJVY,4,4,193,16,1,10,19.8,198.25,0,34,5270,False,False,0.0
3612-YUNGG,6,2,289,16,1,64,109.2,6741.15,0,34,5543,False,False,0.0
2254-DLXRI,2,4,274,16,1,1,79.15,79.15,0,57,2742,False,True,0.0
5062-CJJKH,3,4,89,16,1,25,53.65,1355.45,0,25,5854,False,False,0.0
9028-LIHRP,5,2,191,16,1,71,100.2,7209.0,0,55,5502,False,False,0.0
1053-MXTTK,6,1,192,16,1,72,108.65,7726.35,0,48,5730,False,False,0.0
1530-ZTDOZ,1,1,35,16,1,49,40.65,2070.75,0,29,5565,False,True,0.0
1301-LOPVR,4,2,62,16,1,29,55.35,1636.95,0,70,5138,False,False,0.0
0853-TWRVK,5,1,319,16,1,72,105.6,7581.5,0,48,5981,False,False,0.0
6212-ATMLK,2,3,261,16,1,50,95.7,4729.75,0,44,4164,False,True,0.0
8200-LGKSR,5,3,241,16,1,71,83.2,6126.1,0,73,5350,False,False,0.0
1568-BEKZM,5,2,257,16,1,70,90.05,6333.4,0,47,4666,False,False,0.0
0670-ANMUU,3,2,295,16,1,71,97.65,6687.85,0,37,5319,False,False,0.0
6897-RWMUB,6,1,125,16,1,61,68.05,4158.25,0,78,4436,False,False,0.0
6999-CHVCF,6,1,315,16,1,68,102.1,7149.35,0,62,5228,False,False,0.0
6134-KWTBV,5,1,322,16,1,62,23.4,1429.65,0,67,5822,False,False,0.0
1077-HUUJM,2,3,129,16,1,7,71.05,472.65,0,49,4668,False,True,0.0
0895-LNKRC,3,4,193,16,1,6,19.45,113.5,0,43,3461,False,False,0.0
2045-BMBTJ,2,1,60,16,1,33,59.45,1884.65,0,30,3116,False,True,0.0
8417-GSODA,3,1,261,16,1,28,92.2,2568.15,0,26,5116,False,False,0.0
5171-EPLKN,5,2,193,16,1,27,19.85,470.0,0,58,2176,False,False,0.0
4452-QIIEB,1,4,65,16,1,7,43.9,278.4,0,75,3565,False,True,0.0
6741-EGCBI,2,2,291,16,1,30,90.5,2595.85,0,53,5983,False,True,0.0
7820-ZYGNY,3,2,275,16,1,63,90.45,5825.5,0,23,4616,False,False,0.0
9677-AVKED,4,3,225,16,1,53,84.6,4449.75,0,60,4733,False,False,0.0
2227-JRSJX,2,1,152,16,1,21,99.15,1956.4,0,36,5324,False,True,0.0
9847-HNVGP,3,4,193,16,1,17,19.95,310.6,0,76,2221,False,False,0.0
6696-YDAYZ,5,4,193,16,1,16,20.5,290.55,0,52,2856,False,False,0.0
8980-WQFWL,2,3,74,16,1,35,62.1,2096.1,0,65,5315,False,True,0.0
1730-ZMAME,2,3,130,16,1,32,79.5,2665.0,0,24,3041,False,True,0.0
6506-EYCNH,2,1,193,16,1,28,19.55,543.8,0,41,3948,False,True,0.0
4634-JLRJT,2,4,193,16,1,1,20.35,20.35,0,40,2183,False,True,0.0
9501-UKKNL,2,3,8,16,1,59,51.7,3005.8,0,30,6107,False,True,0.0
2560-QTSBS,4,1,322,16,1,72,23.3,1623.15,0,30,4152,False,False,0.0
4795-WRNVT,1,4,115,16,1,40,65.1,2586.0,0,54,3885,False,True,0.0
6080-TCMYC,2,3,266,16,1,40,81.2,3292.3,0,61,5370,False,True,0.0
7860-UXCRM,5,2,127,16,1,63,74.5,4674.55,0,52,6382,False,False,0.0
6357-JJPQT,2,3,131,16,1,3,80.5,232.35,0,53,2032,False,True,0.0
2292-XQWSV,3,4,32,16,1,40,60.3,2448.5,0,28,3724,False,False,0.0
9552-TGUZV,2,4,161,16,1,8,75.0,658.1,0,80,5413,False,True,0.0
5913-INRQV,3,4,167,16,1,34,90.15,3128.8,0,38,3202,False,False,0.0
9643-YBLUR,2,2,219,16,1,9,69.05,653.95,0,60,2907,False,True,0.0
8734-FNWVH,1,1,195,16,1,31,59.7,1825.5,0,20,2425,False,True,0.0
9447-YPTBX,4,1,193,16,1,50,19.85,943.1,0,39,4358,False,False,0.0
9026-LHEVG,1,3,18,16,1,9,40.75,359.4,0,24,2973,False,True,0.0
7011-CVEUC,2,2,136,16,1,25,95.7,2338.35,0,34,4535,False,True,0.0
6185-TASNN,1,3,65,16,1,1,46.3,46.3,0,65,2546,False,True,0.0
7925-PNRGI,1,4,256,16,1,45,81.3,3541.1,0,77,3111,False,True,0.0
1552-CZCLL,1,2,193,16,1,55,20.0,1087.25,0,53,4277,False,True,0.0
3038-PQIUY,2,1,250,16,1,38,66.15,2522.4,0,78,4933,False,True,0.0
9313-CDOGY,1,3,193,16,1,38,19.6,717.3,0,34,3854,False,True,0.0
8148-BPLZQ,2,3,81,16,1,34,49.8,1734.2,0,47,2711,False,True,0.0
2623-DRYAM,4,3,269,16,1,70,101.75,7069.3,0,47,5596,False,False,0.0
9987-LUTYD,3,4,101,16,1,13,55.15,742.9,0,59,3161,False,False,0.0
4488-KQFDT,4,3,285,16,1,61,103.95,6423.0,0,59,4148,False,False,0.0
5693-PIPCS,6,2,152,16,1,41,99.65,4220.35,0,66,2640,False,False,0.0
0491-KAPQG,2,3,258,16,1,21,73.7,1558.7,0,39,2071,False,True,0.0
1925-LFCZZ,4,1,12,16,1,55,50.05,2743.45,0,70,4932,False,False,0.0
8039-EQPIM,5,1,48,16,1,69,60.25,4055.5,0,44,5717,False,False,0.0
8707-RMEZH,3,2,178,16,1,69,87.3,6055.55,0,69,4148,False,False,0.0
3209-ZPKFI,1,3,210,16,1,47,54.25,2538.2,0,71,2320,False,True,0.0
6479-VDGRK,5,1,128,16,1,72,85.3,6129.2,0,28,4456,False,False,0.0
9373-WSLOY,2,3,31,16,1,33,50.0,1750.85,0,65,5600,False,True,0.0
3569-JFODW,5,2,257,16,1,72,90.95,6652.45,0,66,5096,False,False,0.0
9819-FBNSV,2,1,129,16,1,37,72.25,2575.45,0,20,4121,False,True,0.0
9544-PYPSJ,2,2,283,16,1,62,96.1,6019.35,0,37,5868,False,True,0.0
1591-XWLGB,5,2,193,16,1,71,19.85,1379.6,0,56,4121,False,False,0.0
0396-UKGAI,2,1,85,16,1,23,55.3,1284.2,0,65,4028,False,True,0.0
3243-ZHOHY,3,4,193,16,1,16,20.1,296.15,0,72,5052,False,False,0.0
5186-EJEGL,2,4,111,16,1,9,69.5,653.25,0,72,3628,False,True,0.0
7527-QNRUS,6,4,322,16,1,17,25.15,412.6,0,33,3931,False,False,0.0
2203-GHNWN,2,4,266,16,1,24,79.65,1928.7,0,72,3816,False,True,0.0
3878-AVSOQ,2,3,129,16,1,1,71.25,71.25,0,49,5033,False,True,0.0
3258-SYSWS,5,1,321,16,1,72,113.8,7845.8,0,56,4598,False,False,0.0
5296-PSYVW,5,3,322,16,1,72,24.55,1750.7,0,52,4169,False,False,0.0
6319-QSUSR,1,2,193,16,1,11,19.7,216.2,0,67,3838,False,True,0.0
0512-FLFDW,4,2,269,16,1,60,100.5,6029.0,0,34,6442,False,False,0.0
0487-CRLZF,6,1,80,16,1,49,74.45,3721.9,0,60,4517,False,False,0.0
2107-FBPTK,2,3,285,16,1,30,104.1,3121.1,0,59,5655,False,True,0.0
9451-WLYRI,3,2,193,16,1,53,19.05,990.45,0,74,6160,False,False,0.0
8219-VYBVI,5,4,322,16,1,39,25.0,1004.35,0,55,4295,False,False,0.0
1991-VOPLL,1,4,193,16,1,9,19.05,157.65,0,61,3248,False,True,0.0
9738-QLWTP,3,3,141,16,1,39,81.9,3219.75,0,46,3446,False,False,0.0
1016-DJTSV,2,3,129,16,1,8,69.7,572.85,0,20,5242,False,True,0.0
9419-IPPBE,4,3,267,16,1,51,90.15,4554.85,0,22,5692,False,False,0.0
0174-QRVVY,5,2,322,16,1,71,25.35,1847.55,0,68,5747,False,False,0.0
5699-BNCAS,6,4,322,16,1,71,24.65,1766.75,0,73,4788,False,False,0.0
2900-PHPLN,6,2,193,16,1,70,19.55,1462.05,0,22,5209,False,False,0.0
8106-GWQOK,6,1,56,16,1,38,60.0,2193.2,0,42,2187,False,False,0.0
8751-EDEKA,1,2,154,16,1,28,89.9,2433.5,0,55,3676,False,True,0.0
6878-GGDWG,1,1,193,16,1,32,19.4,641.15,0,31,3846,False,True,0.0
4039-PIMHX,5,4,81,16,1,49,49.8,2398.4,0,37,4306,False,False,0.0
8450-LUGUK,6,1,322,16,1,37,24.1,861.85,0,36,3753,False,False,0.0
3604-WLABM,1,3,77,16,1,10,54.25,583.0,0,43,2253,False,True,0.0
0795-GMVQO,3,2,317,16,1,67,109.9,7332.4,0,26,5416,False,False,0.0
2259-OUUSZ,4,2,13,16,1,7,35.5,249.55,0,48,5124,False,False,0.0
1142-IHLOO,3,2,132,16,1,51,87.55,4475.9,0,57,6021,False,False,0.0
4633-MKHYU,2,4,132,16,1,9,88.4,788.6,0,32,2952,False,True,0.0
6257-RJOHI,2,4,69,16,1,4,50.8,202.3,0,47,4521,False,True,0.0
1545-JFUML,6,3,316,16,1,71,99.0,6994.6,0,31,5295,False,False,0.0
7826-VVKWT,6,3,140,16,1,24,96.55,2263.45,0,73,4309,False,False,0.0
1353-GHZOS,4,1,99,16,1,22,59.75,1374.35,0,31,3947,False,False,0.0
2587-EKXTS,2,3,317,16,1,44,111.5,4915.15,0,26,2827,False,True,0.0
5442-BXVND,1,1,322,16,1,33,24.25,838.5,0,73,5531,False,True,0.0
9753-OYLBX,1,4,193,16,1,1,20.5,20.5,0,54,4454,False,True,0.0
2364-UFROM,3,3,119,16,1,30,70.4,2044.75,0,68,3380,False,False,0.0
6656-JWRQX,1,4,5,16,1,1,30.55,30.55,0,57,5565,False,True,0.0
6473-ULUHT,1,3,249,16,1,16,84.9,1398.25,0,43,2269,False,True,0.0
7688-AWMDX,5,1,101,16,1,71,54.5,3778.2,0,57,4957,False,False,0.0
2842-BCQGE,2,2,258,16,1,43,75.35,3161.4,0,33,4898,False,True,0.0
7244-QWYHG,4,1,39,16,1,50,44.45,2188.45,0,54,5363,False,False,0.0
5312-UXESG,1,1,269,16,1,41,98.05,3990.6,0,58,5614,False,True,0.0
2150-WLKUW,3,1,212,16,1,40,63.9,2635.0,0,41,2654,False,False,0.0
7159-FVYPK,2,1,220,16,1,3,69.15,235.0,0,22,2301,False,True,0.0
7032-LMBHI,3,1,228,16,1,37,64.65,2347.85,0,45,5255,False,False,0.0
6088-BXMRG,2,3,277,16,1,32,98.85,3089.6,0,25,3149,False,True,0.0
4821-SJHJV,1,3,292,16,1,32,89.6,2901.8,0,54,4444,False,True,0.0
7346-MEDWM,2,3,282,16,1,59,83.25,4949.1,0,32,4094,False,True,0.0
1137-DGOWI,3,1,94,16,1,30,70.25,2198.9,0,66,5417,False,False,0.0
3812-LRZIR,5,3,322,16,1,27,24.5,761.95,0,67,2645,False,False,0.0
9483-GCPWE,3,4,193,16,1,9,20.1,190.25,0,20,3444,False,False,0.0
4227-OJHAL,4,2,252,16,1,68,73.0,5163.0,0,67,4156,False,False,0.0
9220-CXRSC,5,2,230,16,1,69,61.4,4059.85,0,80,5266,False,False,0.0
4993-JCRGJ,2,4,270,16,1,26,84.3,2281.6,0,66,5471,False,True,0.0
9537-JALFH,5,1,193,16,1,69,19.9,1356.7,0,54,6058,False,False,0.0
6698-OXETB,5,4,193,16,1,11,20.4,231.45,0,51,5397,False,False,0.0
2103-ZRXFN,1,4,194,16,1,1,50.75,50.75,0,69,3631,False,True,0.0
3724-BSCVH,3,4,193,16,1,10,20.45,242.4,0,54,4613,False,False,0.0
4877-TSOFF,4,1,247,16,1,55,75.75,4264.25,0,51,4489,False,False,0.0
9209-NWPGU,3,3,103,16,1,44,65.4,2774.55,0,76,5827,False,False,0.0
7306-YDSOI,6,1,121,16,1,69,59.75,4069.9,0,39,4665,False,False,0.0
5288-AHOUP,2,3,130,16,1,11,78.5,874.2,0,51,4333,False,True,0.0
0655-YDGFJ,1,1,73,16,1,29,48.95,1323.7,0,66,4825,False,True,0.0
8468-EHYJA,2,3,293,16,1,57,99.65,5497.05,0,42,5106,False,True,0.0
6823-SIDFQ,3,2,193,16,1,28,18.25,534.7,0,67,5327,False,False,0.0
1097-FSPVW,1,2,105,16,1,42,54.55,2455.05,0,72,5387,False,True,0.0
8328-SKJNO,3,1,53,16,1,23,40.65,947.4,0,43,5230,False,False,0.0
7010-ZMVBF,1,4,193,16,1,18,20.45,357.0,0,71,2047,False,True,0.0
5201-CBWYG,3,1,322,16,1,62,24.8,1476.25,0,53,5105,False,False,0.0
6352-GIGGQ,4,1,257,16,1,67,88.8,5903.15,0,68,4081,False,False,0.0
3635-QQRQD,6,2,193,16,1,62,20.05,1201.65,0,74,4568,False,False,0.0
2897-DOVND,2,3,129,16,1,2,69.8,146.65,0,26,3527,False,True,0.0
3082-YVEKW,6,1,240,16,1,23,77.15,1759.4,0,33,2572,False,False,0.0
0191-EQUUH,5,1,37,16,1,25,35.05,844.45,0,69,2754,False,False,0.0
7134-HBPBS,6,1,289,16,1,72,108.1,7774.05,0,71,4474,False,False,0.0
3489-HHPFY,2,3,260,16,1,2,84.05,134.05,0,78,2115,False,True,0.0
2926-JEJJC,4,1,193,16,1,8,20.2,140.95,0,38,5066,False,False,0.0
4950-BDEUX,1,3,12,16,1,35,49.2,1701.65,0,40,2782,False,True,0.0
5789-LDFXO,3,3,322,16,1,24,24.6,592.65,0,79,5448,False,False,0.0
0508-OOLTO,2,3,129,16,1,2,71.65,135.75,0,67,3916,False,True,0.0
2984-TBYKU,6,2,319,16,1,72,104.9,7732.65,0,25,6378,False,False,0.0
9822-WMWVG,2,3,320,16,1,41,106.5,4282.4,0,75,4434,False,True,0.0
9040-KZVWO,3,1,145,16,1,26,75.5,2018.1,0,43,5184,False,False,0.0
1548-ARAGG,2,4,214,16,1,4,58.5,224.85,0,23,5605,False,True,0.0
6339-RZCBJ,5,2,96,16,1,48,78.9,3771.5,0,47,4063,False,False,0.0
4415-WNGVR,4,3,112,16,1,12,79.2,943.85,0,42,3355,False,False,0.0
2522-AHJXR,2,1,305,16,1,60,109.45,6572.85,0,77,4350,False,True,0.0
0412-UCCNP,6,3,109,16,1,55,59.2,3175.85,0,33,5162,False,False,0.0
1816-FLZDK,1,4,5,16,1,1,29.15,29.15,0,40,3923,False,True,0.0
7096-UCLNH,1,4,193,16,1,1,20.05,20.05,0,49,2313,False,True,0.0
4615-PIVVU,5,2,78,16,1,42,66.5,2762.75,0,62,4668,False,False,0.0
8885-QSQBX,1,1,97,16,1,1,49.55,49.55,0,36,5277,False,True,0.0
8617-ENBDS,2,2,137,16,1,3,73.6,232.5,0,53,5510,False,True,0.0
9385-NXKDA,6,2,253,16,1,72,82.65,5919.35,0,42,4324,False,False,0.0
0430-IHCDJ,2,3,194,16,1,15,49.0,749.25,0,25,2597,False,True,0.0
6674-KVJHG,3,3,322,16,1,11,25.2,245.15,0,55,4998,False,False,0.0
1814-DKOLC,1,4,322,16,1,5,25.45,134.75,0,24,4855,False,True,0.0
9351-HXDMR,6,2,305,16,1,72,110.9,8240.85,0,67,4938,False,False,0.0
3537-HPKQT,2,2,274,16,1,55,77.75,4266.4,0,46,4621,False,True,0.0
2129-ALKBS,2,3,322,16,1,40,26.2,1077.5,0,37,2211,False,True,0.0
5821-MMEIL,5,1,193,16,1,57,19.9,1115.6,0,48,4408,False,False,0.0
1309-XGFSN,4,3,221,16,1,52,80.85,4079.55,0,76,6090,False,False,0.0
6968-URWQU,4,4,67,16,1,43,56.35,2391.15,0,70,4928,False,False,0.0
4742-TXUEX,5,1,193,16,1,47,19.3,890.5,0,43,5829,False,False,0.0
9631-XEYKE,1,1,194,16,1,3,50.4,137.25,0,53,4639,False,True,0.0
1335-MXCSE,6,2,77,16,1,55,55.25,3119.9,0,42,5821,False,False,0.0
8873-TMKGR,3,4,193,16,1,29,19.1,529.5,0,38,5880,False,False,0.0
8800-JOOCF,2,3,260,16,1,12,84.05,966.55,0,77,4621,False,True,0.0
1469-LBJQJ,2,3,285,16,1,66,105.2,6936.85,0,20,4016,False,True,0.0
0064-YIJGF,2,1,258,16,1,27,75.75,1929.0,0,46,4994,False,True,0.0
2386-OWURY,2,3,136,16,1,58,95.3,5817.7,0,68,6460,False,True,0.0
0310-VQXAM,1,4,193,16,1,9,19.85,178.8,0,63,2788,False,True,0.0
3453-RTHJQ,2,3,129,16,1,6,69.1,435.0,0,55,5741,False,True,0.0
6278-FEPBZ,1,4,193,16,1,9,20.25,186.15,0,68,5546,False,True,0.0
4280-DLSHD,2,4,89,16,1,8,54.75,445.85,0,47,4099,False,True,0.0
1508-DFXCU,2,3,131,16,1,12,81.45,912.0,0,70,2916,False,True,0.0
7868-BGSZA,4,3,237,16,1,43,80.2,3581.6,0,35,5888,False,False,0.0
2800-QQUSO,2,3,265,16,1,42,100.3,4222.95,0,33,3286,False,True,0.0
7973-DZRKH,6,2,302,16,1,66,90.95,5930.05,0,74,6204,False,False,0.0
7698-YFGEZ,1,4,193,16,1,1,20.0,20.0,0,38,5650,False,True,0.0
9773-PEQBZ,1,3,274,16,1,10,79.85,797.25,0,65,5739,False,True,0.0
0650-BWOZN,2,3,145,16,1,18,73.55,1359.45,0,66,5313,False,True,0.0
7785-RDVIG,1,4,193,16,1,3,19.3,54.7,0,57,5722,False,True,0.0
9602-WCXPI,3,2,193,16,1,50,20.15,989.05,0,29,5249,False,False,0.0
2903-YYTBW,1,3,65,16,1,1,44.55,44.55,0,48,3408,False,True,0.0
3620-MWJNE,2,4,101,16,1,2,54.45,87.3,0,77,5753,False,True,0.0
8573-JGCZW,4,1,193,16,1,17,19.65,351.55,0,35,4774,False,False,0.0
6837-HAEVO,6,3,285,16,1,69,105.0,7297.75,0,47,5436,False,False,0.0
6701-YVNQG,6,2,257,16,1,72,88.7,6301.7,0,41,5764,False,False,0.0
4304-XUMGI,6,1,251,16,1,50,75.15,3822.45,0,34,6084,False,False,0.0
9504-YAZWB,5,4,193,16,1,53,20.25,1048.45,0,79,4218,False,False,0.0
8819-ZBYNA,6,2,313,16,1,58,109.1,6393.65,0,57,4935,False,False,0.0
6174-NRBTZ,4,1,33,16,1,46,30.75,1489.3,0,42,5646,False,False,0.0
9481-IEBZY,2,2,321,16,1,72,112.9,8061.5,0,29,5569,False,True,0.0
6137-NICCO,2,4,284,16,1,6,94.05,518.75,0,59,3083,False,True,0.0
9065-ZCPQX,5,1,255,16,1,72,78.85,5763.15,0,33,5091,False,False,0.0
6402-EJMWF,2,4,66,16,1,4,55.3,238.5,0,31,3684,False,True,0.0
3620-EHIMZ,5,4,193,16,1,52,19.35,1031.7,0,66,5699,False,False,0.0
3213-VVOLG,5,4,322,16,1,0,25.35,0.0,0,49,2299,False,False,0.0
6870-ECSHE,3,4,193,16,1,2,20.45,34.8,0,39,4196,False,False,0.0
8747-UDCOI,5,1,193,16,1,65,19.35,1319.95,0,71,5076,False,False,0.0
4626-OZDTJ,4,2,217,16,1,51,78.65,3950.85,0,80,5408,False,False,0.0
9169-BSVIN,1,1,205,16,1,12,74.75,827.05,0,40,3521,False,True,0.0
8194-PEEBY,3,4,193,16,1,24,19.9,533.5,0,68,4158,False,False,0.0
6872-HXFNF,3,1,206,16,1,64,58.35,3756.45,0,55,5331,False,False,0.0
7714-YXSMB,2,1,269,16,1,26,100.5,2599.95,0,50,2921,False,True,0.0
8387-UGUSU,1,4,193,16,1,15,20.05,284.3,0,59,3591,False,True,0.0
1080-BWSYE,5,2,322,16,1,64,25.65,1740.8,0,36,6469,False,False,0.0
1194-HVAIF,1,2,261,16,1,27,95.0,2462.55,0,75,4235,False,True,0.0
1767-TGTKO,2,3,65,16,1,8,45.45,411.75,0,41,4651,False,True,0.0
8439-LTUGF,2,2,193,16,1,10,20.0,198.6,0,53,4802,False,True,0.0
8805-JNRAZ,1,4,81,16,1,2,49.2,103.7,0,75,2342,False,True,0.0
6418-HNFED,6,2,128,16,1,51,83.25,4089.45,0,62,5340,False,False,0.0
0206-OYVOC,6,4,193,16,1,46,19.25,864.2,0,77,5596,False,False,0.0
7291-CDTMJ,2,1,193,16,1,1,19.65,19.65,0,80,3075,False,True,0.0
7128-GGCNO,1,1,258,16,1,46,72.8,3249.4,0,66,2642,False,True,0.0
0237-YFUTL,2,1,313,16,1,50,109.65,5405.8,0,21,4676,False,True,0.0
7691-KGKGP,1,2,87,16,1,53,65.0,3363.8,0,30,5534,False,True,0.0
6710-HSJRD,2,3,289,16,1,61,114.1,7132.15,0,64,5239,False,True,0.0
3675-EQOZA,1,1,193,16,1,5,20.65,93.55,0,60,5597,False,True,0.0
0840-DCNZE,4,1,128,16,1,47,86.95,4138.9,0,57,5631,False,False,0.0
1732-FEKLD,4,1,284,16,1,54,94.75,5121.75,0,50,5665,False,False,0.0
9862-KJTYK,2,2,1,16,1,19,25.35,566.1,0,68,3072,False,True,0.0
0479-HMSWA,6,3,160,16,1,26,105.45,2715.3,0,62,5980,False,False,0.0
5854-KSRBJ,5,4,322,16,1,70,25.4,1782.05,0,33,4954,False,False,0.0
0365-BZUWY,2,3,285,16,1,17,102.55,1742.5,0,75,3803,False,True,0.0
5701-SVCWR,1,4,322,16,1,1,24.0,24.0,0,60,2559,False,True,0.0
3129-AAQOU,5,4,322,16,1,19,25.6,485.9,0,44,5038,False,False,0.0
4922-CVPDX,6,2,92,16,1,26,73.5,1905.7,0,67,3596,False,False,0.0
1357-BIJKI,4,3,277,16,1,50,98.25,4858.7,0,62,5154,False,False,0.0
1099-BTKWT,4,3,44,16,1,68,54.4,3723.65,0,69,4897,False,False,0.0
2018-PZKMU,1,3,144,16,1,9,103.1,970.45,0,61,4171,False,True,0.0
7340-KEFQE,5,1,37,16,1,51,34.2,1782.0,0,38,6404,False,False,0.0
4570-QHXHL,2,3,65,16,1,9,43.75,405.7,0,70,5644,False,True,0.0
7392-YYPYJ,2,3,277,16,1,22,100.65,2415.95,0,34,4094,False,True,0.0
2223-GDSHL,6,1,321,16,1,71,116.05,8297.5,0,62,6481,False,False,0.0
9470-RTWDV,4,2,209,16,1,26,82.0,2083.1,0,43,3973,False,False,0.0
2176-OSJUV,5,1,246,16,1,71,65.15,4681.75,0,69,4384,False,False,0.0
9348-YVOMK,2,2,65,16,1,4,44.8,176.2,0,39,5565,False,True,0.0
8104-OSKWT,2,3,290,16,1,12,79.8,1001.2,0,43,5906,False,True,0.0
4521-YEEHE,2,3,264,16,1,18,88.85,1594.75,0,59,3127,False,True,0.0
4090-KPJIP,2,3,258,16,1,3,74.95,212.4,0,70,3641,False,True,0.0
3786-WOVKF,4,1,309,16,1,72,106.85,7677.4,0,58,4768,False,False,0.0
2592-HODOV,3,2,193,16,1,13,19.3,259.65,0,66,2823,False,False,0.0
7995-ZHHNZ,3,2,226,16,1,42,56.1,2386.85,0,69,5904,False,False,0.0
3824-RHKVR,1,2,193,16,1,17,19.7,340.35,0,28,4222,False,True,0.0
5816-SCGFC,2,4,81,16,1,7,51.3,419.35,0,46,3660,False,True,0.0
5989-AXPUC,5,4,321,16,1,68,118.6,7990.05,0,38,4175,False,False,0.0
4979-HPRFL,5,1,322,16,1,56,24.15,1402.25,0,21,5137,False,False,0.0
8590-OHDIW,3,4,193,16,1,38,20.3,749.35,0,51,4686,False,False,0.0
8015-IHCGW,6,3,321,16,1,72,115.5,8425.15,0,65,4017,False,False,0.0
2332-TODQS,3,2,322,16,1,48,25.05,1171.5,0,33,3642,False,False,0.0
9278-VZKCD,2,3,317,16,1,52,109.1,5647.95,0,49,4428,False,True,0.0
8008-OTEZX,3,4,193,16,1,35,19.65,708.8,0,26,3739,False,False,0.0
2773-OVBPK,6,1,289,16,1,67,111.3,7567.2,0,59,4469,False,False,0.0
5999-LCXAO,1,4,33,16,1,1,29.9,29.9,0,61,4155,False,True,0.0
5206-XZZQI,2,4,149,16,1,53,80.6,4348.1,0,73,6113,False,True,0.0
4803-LBYPN,1,4,193,16,1,34,20.8,635.9,0,64,4985,False,True,0.0
2139-FQHLM,1,4,143,16,1,19,89.95,1682.4,0,35,3402,False,True,0.0
8261-GWDBQ,6,1,321,16,1,60,116.05,6925.9,0,77,4734,False,False,0.0
1093-YSWCA,5,2,193,16,1,11,19.55,223.15,0,50,5433,False,False,0.0
3882-IYOIJ,5,2,321,16,1,60,115.25,6758.45,0,36,5328,False,False,0.0
8749-TZYEC,5,2,322,16,1,72,24.8,1874.3,0,71,6251,False,False,0.0
1755-FZQEC,3,4,193,16,1,39,19.9,791.15,0,69,4041,False,False,0.0
3115-JPJDD,4,2,169,16,1,59,81.25,4639.45,0,58,4709,False,False,0.0
5600-KTXFM,1,4,129,16,1,2,69.95,143.9,0,46,5010,False,True,0.0
6339-TBELP,6,2,270,16,1,71,86.4,6172.0,0,30,4069,False,False,0.0
7964-YESJC,1,4,250,16,1,24,66.3,1559.45,0,45,2235,False,True,0.0
6173-GOLSU,2,2,261,16,1,67,94.65,6079.0,0,47,4228,False,True,0.0
9938-ZREHM,3,4,215,16,1,37,72.1,2658.4,0,50,2703,False,False,0.0
7950-XWOVN,1,4,25,16,1,11,34.7,383.55,0,73,4310,False,True,0.0
4647-MUZON,2,2,140,16,1,18,95.95,1745.5,0,20,5009,False,True,0.0
9702-AIUJO,4,1,65,16,1,50,44.8,2230.85,0,44,6115,False,False,0.0
8849-PRIQJ,4,3,305,16,1,67,109.4,7281.6,0,49,4103,False,False,0.0
8851-RAGOV,2,4,118,16,1,25,71.05,1837.7,0,63,5620,False,True,0.0
5396-IZEPB,1,2,193,16,1,9,19.7,180.7,0,66,4194,False,True,0.0
1729-VLAZJ,3,4,53,16,1,10,40.25,411.45,0,38,2876,False,False,0.0
8285-ABVLB,5,2,193,16,1,70,19.85,1328.35,0,79,4311,False,False,0.0
0701-TJSEF,2,1,110,16,1,9,68.25,576.95,0,40,4366,False,True,0.0
5712-VBOXD,2,2,193,16,1,4,20.15,68.45,0,74,5221,False,True,0.0
6629-LADHQ,1,4,97,16,1,2,50.95,123.05,0,37,5968,False,True,0.0
1559-DTODC,2,1,1,16,1,19,25.15,468.35,0,54,3784,False,True,0.0
4797-MIWUM,2,1,193,16,1,7,20.25,174.7,0,42,3149,False,True,0.0
8720-RQSBJ,1,3,65,16,1,1,44.0,44.0,0,46,4320,False,True,0.0
4537-CIBHB,3,4,193,16,1,9,20.25,172.35,0,48,4272,False,False,0.0
4324-AHJKS,1,2,105,16,1,5,55.8,300.4,0,23,5104,False,True,0.0
4355-CVPVS,3,1,132,16,1,56,88.9,4968.0,0,72,4170,False,False,0.0
4495-LHSSK,1,4,226,16,1,18,57.65,992.7,0,79,3425,False,True,0.0
5915-ANOEI,5,4,256,16,1,70,79.15,5536.5,0,49,4408,False,False,0.0
9861-PDSZP,6,2,289,16,1,72,108.05,7806.6,0,28,5430,False,False,0.0
7225-CBZPL,2,3,261,16,1,17,94.8,1563.9,0,49,4831,False,True,0.0
6704-UTUKK,2,3,4,16,1,29,45.9,1332.4,0,37,5074,False,True,0.0
2019-HDCZY,5,3,269,16,1,63,102.6,6296.75,0,29,4004,False,False,0.0
8788-DOXSU,4,1,74,16,1,59,61.35,3645.5,0,27,6250,False,False,0.0
7404-JLKQG,1,3,75,16,1,3,57.55,161.45,0,47,4099,False,True,0.0
7421-ZLUPA,2,4,17,16,1,8,29.25,226.95,0,29,2038,False,True,0.0
3274-NSDWE,5,2,193,16,1,68,19.6,1441.65,0,68,6161,False,False,0.0
2632-IVXVF,5,2,305,16,1,68,111.75,7511.3,0,77,4967,False,False,0.0
3692-JHONH,4,3,285,16,1,52,106.5,5621.85,0,57,4499,False,False,0.0
8915-NNTRC,6,2,313,16,1,72,107.7,7919.8,0,55,4351,False,False,0.0
5914-GXMDA,3,4,193,16,1,32,19.3,593.2,0,66,5817,False,False,0.0
7463-IFMQU,5,1,193,16,1,72,20.05,1423.65,0,76,4747,False,False,0.0
2920-RNCEZ,2,2,129,16,1,1,69.95,69.95,0,62,5133,False,True,0.0
2541-YGPKE,3,2,102,16,1,42,63.7,2763.35,0,55,3764,False,False,0.0
5382-TEMLV,2,1,97,16,1,45,50.9,2298.55,0,71,5274,False,True,0.0
3441-CGZJH,4,2,48,16,1,43,60.4,2640.55,0,61,2725,False,False,0.0
9592-ERDKV,3,4,237,16,1,37,79.25,2911.8,0,74,2322,False,False,0.0
4778-IZARL,6,2,192,16,1,63,110.1,6705.7,0,26,6216,False,False,0.0
0432-CAJZV,1,4,132,16,1,3,90.7,237.65,0,69,3953,False,True,0.0
7008-LZVOZ,6,2,322,16,1,66,25.3,1672.35,0,46,5617,False,False,0.0
1200-TUZHR,1,3,259,16,1,8,85.2,695.75,0,53,2565,False,True,0.0
9365-CSLBQ,5,4,322,16,1,71,24.35,1654.6,0,60,4155,False,False,0.0
5884-FBCTL,5,1,322,16,1,72,25.1,1857.85,0,67,5611,False,False,0.0
7130-CTCUS,2,1,113,16,1,16,54.55,825.1,0,34,3324,False,True,0.0
6242-FEGFD,5,4,318,16,1,66,96.6,6424.25,0,69,4454,False,False,0.0
6194-HBGQN,4,2,256,16,1,51,81.15,4126.2,0,56,4549,False,False,0.0
7634-WSWDB,2,3,34,16,1,8,38.5,330.8,0,22,4194,False,True,0.0
6986-IXNDM,2,3,132,16,1,14,92.9,1337.45,0,38,4296,False,True,0.0
2987-BJXIK,5,4,253,16,1,70,84.7,5991.05,0,45,4180,False,False,0.0
9769-TSBZE,5,3,246,16,1,70,66.0,4891.5,0,72,5265,False,False,0.0
1395-WSWXR,5,4,193,16,1,24,20.75,487.05,0,43,4117,False,False,0.0
6023-GSSXW,6,2,82,16,1,69,61.45,4131.2,0,51,4162,False,False,0.0
6752-APNJL,1,4,113,16,1,42,54.5,2301.15,0,57,3449,False,True,0.0
0420-HLGXF,2,3,269,16,1,39,99.75,4036.0,0,58,3860,False,True,0.0
7446-KQISO,6,1,289,16,1,45,109.75,4900.65,0,38,4221,False,False,0.0
9823-EALYC,6,1,256,16,1,72,80.85,5727.45,0,51,6067,False,False,0.0
0582-AVCLN,5,4,193,16,1,38,20.3,743.05,0,59,5919,False,False,0.0
5803-NQJZO,6,1,254,16,1,72,67.8,4804.65,0,74,5242,False,False,0.0
2607-DHDAK,6,2,193,16,1,72,19.8,1414.65,0,29,5027,False,False,0.0
1073-XXCZD,5,1,322,16,1,55,25.7,1443.65,0,79,6228,False,False,0.0
0743-HRVFF,4,3,16,16,1,51,56.15,2898.95,0,48,4132,False,False,0.0
4006-HKYHO,6,1,128,16,1,63,86.7,5309.5,0,74,5841,False,False,0.0
3727-JEZTU,1,4,193,16,1,1,20.4,20.4,0,21,2152,False,True,0.0
8143-ETQTI,6,4,193,16,1,23,19.65,451.55,0,78,4896,False,False,0.0
9667-TKTVZ,2,4,198,16,1,2,54.35,117.05,0,71,4916,False,True,0.0
3657-COGMW,1,2,317,16,1,52,108.1,5839.3,0,69,4251,False,True,0.0
8570-KLJYJ,3,4,226,16,1,36,54.45,1893.5,0,56,4462,False,False,0.0
7754-IXRMC,1,4,65,16,1,1,45.35,45.35,0,23,3980,False,True,0.0
9473-CBZOP,3,4,234,16,1,28,59.0,1654.45,0,67,4891,False,False,0.0
2969-WGHQO,3,3,123,16,1,7,69.45,477.05,0,54,3334,False,False,0.0
4334-HOWRP,6,2,64,16,1,72,64.95,4546.0,0,78,4049,False,False,0.0
5863-OOKCL,1,4,193,16,1,10,18.85,163.2,0,62,5949,False,True,0.0
1686-STUHN,3,1,193,16,1,42,19.8,849.9,0,39,3575,False,False,0.0
1329-VHWNP,1,1,1,16,1,7,25.05,189.95,0,63,4404,False,True,0.0
0266-GMEAO,6,2,321,16,1,72,114.3,8058.55,0,70,5879,False,False,0.0
5574-NXZIU,5,2,192,16,1,63,109.2,7049.75,0,33,4273,False,False,0.0
0019-GFNTW,5,1,61,16,1,56,45.05,2560.1,0,37,5795,False,False,0.0
4256-ZWTZI,2,4,69,16,1,5,51.0,286.8,0,52,2789,False,True,0.0
8309-PPCED,6,1,289,16,1,72,110.45,7982.5,0,55,6030,False,False,0.0
4098-NAUKP,2,3,282,16,1,68,84.65,5683.6,0,72,6404,False,True,0.0
5196-WPYOW,3,4,117,16,1,67,60.05,3994.05,0,21,6148,False,False,0.0
4608-LCIMN,1,1,65,16,1,8,44.65,369.15,0,63,5724,False,True,0.0
1485-YDHMM,2,1,279,16,1,52,93.25,4631.7,0,56,4740,False,True,0.0
4054-CUMIA,2,4,193,16,1,18,20.25,401.95,0,40,2429,False,True,0.0
0603-TPMIB,5,4,322,16,1,59,25.45,1534.05,0,30,4746,False,False,0.0
2525-GVKQU,5,4,193,16,1,60,20.6,1093.0,0,35,4192,False,False,0.0
8161-QYMTT,2,3,261,16,1,7,94.1,701.3,0,22,5259,False,True,0.0
9581-GVBXT,3,4,41,16,1,59,34.8,1980.3,0,23,6300,False,False,0.0
5862-BRIXZ,6,1,48,16,1,46,60.75,2893.4,0,36,2694,False,False,0.0
5404-GGUKR,2,3,81,16,1,5,51.35,262.3,0,28,2893,False,True,0.0
3308-JSGML,6,2,48,16,1,59,64.05,3886.85,0,49,6306,False,False,0.0
2126-GSEGL,6,1,225,16,1,70,84.8,5917.55,0,32,4032,False,False,0.0
0440-QEXBZ,2,4,194,16,1,44,50.15,2139.1,0,42,5790,False,True,0.0
2434-EEVDB,6,2,300,16,1,64,94.6,5948.7,0,26,5038,False,False,0.0
6762-QVYJO,5,4,48,16,1,58,59.75,3624.35,0,21,4678,False,False,0.0
6199-IWKGC,3,3,265,16,1,46,100.25,4753.85,0,59,5453,False,False,0.0
2675-DHUTR,2,3,277,16,1,58,98.9,5780.7,0,21,4993,False,True,0.0
8152-VETUR,6,2,277,16,1,72,97.7,6869.7,0,75,5406,False,False,0.0
7446-YPODE,1,1,242,16,1,11,60.25,662.95,0,23,5296,False,True,0.0
9522-BNTHX,2,3,28,16,1,34,56.25,1765.95,0,32,5597,False,True,0.0
4676-WLUHT,5,1,50,16,1,54,46.2,2431.95,0,26,6143,False,False,0.0
7980-MHFLQ,5,4,322,16,1,72,24.9,1859.2,0,67,5192,False,False,0.0
0757-WCUUZ,5,2,203,16,1,54,63.35,3409.1,0,72,4232,False,False,0.0
1629-DQQVB,1,1,97,16,1,14,50.1,709.5,0,25,2331,False,True,0.0
0374-AACSZ,1,3,97,16,1,1,50.15,50.15,0,30,4421,False,True,0.0
4872-VXRIL,4,1,246,16,1,56,64.65,3665.55,0,70,4656,False,False,0.0
9140-CZQZZ,6,1,120,16,1,68,79.6,5515.8,0,39,5601,False,False,0.0
3423-HHXAO,4,4,193,16,1,14,19.5,272.0,0,72,2993,False,False,0.0
9938-TKDGL,6,3,168,16,1,68,99.55,6668.0,0,20,4319,False,False,0.0
0531-ZZJWQ,2,3,258,16,1,55,74.0,4052.4,0,54,4958,False,True,0.0
6537-QLGEX,2,3,35,16,1,16,38.9,664.4,0,39,3300,False,True,0.0
2688-BHGOG,2,3,130,16,1,9,79.55,718.55,0,76,5811,False,True,0.0
3160-TYXLT,2,1,50,16,1,53,46.3,2546.85,0,63,6245,False,True,0.0
1325-USMEC,6,2,316,16,1,70,99.35,6944.5,0,53,4120,False,False,0.0
0916-QOFDP,2,3,261,16,1,14,95.8,1346.3,0,29,3471,False,True,0.0
5606-AMZBO,2,2,290,16,1,10,78.15,765.15,0,26,3403,False,True,0.0
6199-IPCAO,5,4,322,16,1,29,26.1,692.55,0,70,2828,False,False,0.0
5640-CAXOA,4,2,6,16,1,30,40.35,1187.05,0,25,5455,False,False,0.0
2235-EZAIK,5,2,256,16,1,72,79.2,5401.9,0,79,4288,False,False,0.0
3847-BAERP,2,4,193,16,1,10,20.9,247.0,0,29,4905,False,True,0.0
1453-RZFON,1,4,97,16,1,1,49.9,49.9,0,54,5969,False,True,0.0
8263-OKETD,2,2,215,16,1,20,68.9,1370.35,0,29,3265,False,True,0.0
0670-KDOMA,2,4,193,16,1,1,20.25,20.25,0,69,5854,False,True,0.0
2476-YGEFM,2,2,258,16,1,29,76.0,2215.25,0,46,5324,False,True,0.0
8687-BAFGU,1,3,133,16,1,1,74.0,74.0,0,34,4148,False,True,0.0
0641-EVBOJ,2,4,165,16,1,3,82.3,214.4,0,56,5755,False,True,0.0
0829-XXPLX,2,1,171,16,1,20,89.4,1871.15,0,68,2098,False,True,0.0
9974-JFBHQ,2,2,152,16,1,64,99.15,6171.2,0,52,4590,False,True,0.0
6624-JDRDS,1,1,33,16,1,6,29.45,161.45,0,42,4391,False,True,0.0
0608-JDVEC,5,3,193,16,1,50,19.8,1013.2,0,61,5914,False,False,0.0
9780-FKVVF,2,1,98,16,1,6,59.15,336.7,0,72,3613,False,True,0.0
1919-RTPQD,1,3,65,16,1,7,44.75,333.65,0,67,4699,False,True,0.0
5214-NLTIT,6,2,267,16,1,72,90.8,6511.8,0,30,6188,False,False,0.0
3345-PBBFH,2,1,81,16,1,8,49.55,393.45,0,25,5922,False,True,0.0
5055-BRMNE,5,2,297,16,1,67,106.7,7009.5,0,43,4780,False,False,0.0
2190-PHBHR,6,2,307,16,1,72,94.45,6921.7,0,43,5274,False,False,0.0
2650-GYRYL,4,1,193,16,1,33,19.45,600.25,0,66,3470,False,False,0.0
5208-FVQKB,5,4,118,16,1,70,67.95,4664.15,0,27,5514,False,False,0.0
7184-LRUUR,3,1,91,16,1,22,65.25,1441.8,0,52,5146,False,False,0.0
6627-CFOSN,2,1,315,16,1,59,99.45,5623.7,0,51,5247,False,True,0.0
3982-JGSFD,4,2,193,16,1,36,20.35,695.85,0,33,3526,False,False,0.0
1574-DYCWE,5,4,193,16,1,51,19.95,1028.75,0,69,4057,False,False,0.0
7247-XOZPB,3,1,240,16,1,53,77.4,4155.95,0,73,5313,False,False,0.0
2466-FCCPT,3,1,193,16,1,20,19.7,395.6,0,30,4910,False,False,0.0
6211-WWLTF,5,2,172,16,1,63,99.7,6330.4,0,39,5135,False,False,0.0
4826-TZEVA,1,2,145,16,1,40,74.8,2971.7,0,52,3258,False,True,0.0
6016-NXBNJ,4,4,193,16,1,35,19.15,638.0,0,60,4052,False,False,0.0
9138-EFSMO,3,1,130,16,1,26,78.95,2034.25,0,40,4237,False,False,0.0
4632-XJMEX,3,2,117,16,1,53,62.85,3419.5,0,24,6281,False,False,0.0
8910-LEDAG,1,2,129,16,1,34,71.55,2427.35,0,72,3583,False,True,0.0
3452-GWUIN,2,3,261,16,1,19,94.95,1760.25,0,40,5316,False,True,0.0
2716-GFZOR,2,2,185,16,1,43,86.1,3551.65,0,42,2358,False,True,0.0
3724-UCSHY,1,4,193,16,1,6,19.55,122.9,0,25,3072,False,True,0.0
8626-XHBIE,6,4,322,16,1,56,24.8,1424.2,0,79,4262,False,False,0.0
3192-LNKRK,2,4,139,16,1,34,84.05,2909.95,0,67,3476,False,True,0.0
4439-YRNVD,1,3,21,16,1,10,36.25,374.0,0,24,4571,False,True,0.0
2208-UGTGR,1,3,277,16,1,56,98.6,5581.05,0,58,5601,False,True,0.0
3005-TYFRD,2,2,285,16,1,55,103.65,5676.65,0,46,4768,False,True,0.0
8670-MEFCP,6,2,257,16,1,36,92.9,3379.25,0,77,3570,False,False,0.0
3079-BCHLN,3,1,193,16,1,47,19.9,942.95,0,70,5394,False,False,0.0
7777-UNYHB,2,2,193,16,1,12,20.1,232.4,0,21,2360,False,True,0.0
7278-CKDNC,2,3,274,16,1,24,80.5,2088.45,0,40,4422,False,True,0.0
8450-UYIBU,2,3,11,16,1,35,39.85,1434.6,0,60,2030,False,True,0.0
2969-VAPYH,3,2,117,16,1,67,60.5,3870.0,0,48,4363,False,False,0.0
7181-OQCUT,1,4,301,16,1,21,103.85,2215.0,0,77,4520,False,True,0.0
8474-UMLNT,1,1,118,16,1,13,67.8,842.25,0,30,4115,False,True,0.0
3836-FZSDJ,5,1,322,16,1,71,24.85,1901.0,0,53,4367,False,False,0.0
9142-XMYJH,1,2,193,16,1,29,19.35,601.6,0,49,5227,False,True,0.0
0187-QSXOE,2,3,132,16,1,7,89.0,605.45,0,36,5711,False,True,0.0
7733-UDMTP,2,3,28,16,1,57,55.0,3094.05,0,76,4622,False,True,0.0
2649-HWLYB,5,1,239,16,1,65,76.15,4929.55,0,46,6177,False,False,0.0
5214-CHIWJ,3,4,193,16,1,27,20.3,595.05,0,71,3159,False,False,0.0
6904-JLBGY,6,2,321,16,1,72,117.35,8436.25,0,71,4008,False,False,0.0
2465-BLLEU,2,4,193,16,1,1,19.75,19.75,0,33,4441,False,True,0.0
1685-VAYJF,1,2,65,16,1,11,45.2,492.0,0,39,5253,False,True,0.0
8874-EJNSR,5,4,322,16,1,39,25.2,987.95,0,65,5453,False,False,0.0
6917-YACBP,2,3,314,16,1,59,89.75,5496.9,0,70,5170,False,True,0.0
5049-MUBWG,3,1,104,16,1,26,75.0,1908.35,0,79,4705,False,False,0.0
4223-WOZCM,1,4,73,16,1,2,49.95,107.1,0,78,5251,False,True,0.0
0769-MURVM,5,1,64,16,1,72,65.7,4575.35,0,52,6187,False,False,0.0
9253-VIFJQ,3,2,250,16,1,65,67.05,4309.55,0,52,5224,False,False,0.0
7030-FZTFM,5,2,289,16,1,72,110.9,7922.75,0,27,6444,False,False,0.0
9741-YLNTD,2,1,263,16,1,6,87.95,522.35,0,47,2684,False,True,0.0
5917-RYRMG,3,2,193,16,1,32,19.8,587.7,0,78,3836,False,False,0.0
5120-ZBLAI,3,1,205,16,1,50,75.7,3876.2,0,75,6144,False,False,0.0
1194-BHJYC,6,4,48,16,1,61,62.15,3778.85,0,59,6427,False,False,0.0
0906-QVPMS,5,1,321,16,1,72,115.15,8349.45,0,26,5398,False,False,0.0
1905-OEILC,1,4,193,16,1,1,19.5,19.5,0,33,3107,False,True,0.0
7858-GTZSP,2,3,259,16,1,12,86.55,1066.9,0,71,2061,False,True,0.0
6248-BSHKG,3,4,193,16,1,61,20.4,1226.45,0,77,5897,False,False,0.0
4685-TFLLS,3,1,193,16,1,18,19.8,342.3,0,74,4808,False,False,0.0
3470-BTGQO,1,4,65,16,1,21,45.65,985.05,0,39,5731,False,True,0.0
1209-VFFOC,6,4,62,16,1,68,56.4,3948.45,0,59,4556,False,False,0.0
8224-DWCKX,2,2,258,16,1,12,73.3,828.05,0,38,5159,False,True,0.0
4553-DVPZG,2,3,269,16,1,62,101.35,6164.7,0,77,5049,False,True,0.0
6917-IAYHD,1,4,21,16,1,1,33.6,33.6,0,27,4369,False,True,0.0
8620-RJPZN,1,3,193,16,1,1,20.7,20.7,0,68,3061,False,True,0.0
7572-KPVKK,6,3,273,16,1,62,104.05,6590.5,0,33,5900,False,False,0.0
2642-MAWLJ,5,1,193,16,1,36,20.25,717.95,0,57,5272,False,False,0.0
7103-ZGVNT,3,2,248,16,1,69,73.7,4885.85,0,78,4268,False,False,0.0
2027-WKXMW,2,3,289,16,1,63,108.75,6871.7,0,20,4582,False,True,0.0
7137-NAXML,3,1,193,16,1,23,20.15,405.6,0,63,4402,False,False,0.0
2428-ZMCTB,1,2,193,16,1,10,19.75,208.25,0,62,3926,False,True,0.0
2961-VNFKL,6,2,322,16,1,71,25.95,1801.9,0,23,5072,False,False,0.0
1768-HNVGJ,2,3,231,16,1,45,70.05,3062.45,0,43,4223,False,True,0.0
6963-KQYQB,5,4,322,16,1,70,24.05,1764.75,0,32,4722,False,False,0.0
5934-RMPOV,2,3,259,16,1,22,84.75,1816.75,0,79,4240,False,True,0.0
1207-BLKSA,5,4,322,16,1,52,23.05,1255.1,0,34,4922,False,False,0.0
8316-BBQAY,5,2,48,16,1,65,59.95,3921.1,0,74,6251,False,False,0.0
1166-PQLGG,5,1,193,16,1,72,19.55,1463.45,0,68,4424,False,False,0.0
3146-JTQHR,3,1,193,16,1,10,19.6,189.45,0,57,3778,False,False,0.0
4291-YZODP,3,4,193,16,1,7,20.05,96.8,0,62,3810,False,False,0.0
4395-PZMSN,2,3,146,16,1,5,85.55,408.5,0,48,2850,False,True,0.0
6427-FEFIG,5,2,237,16,1,24,78.6,1846.65,0,30,2939,False,False,0.0
0017-IUDMW,6,2,321,16,1,72,116.8,8456.75,0,52,6252,False,False,0.0
8706-HRADD,2,4,39,16,1,21,43.55,1011.5,0,63,5808,False,True,0.0
9955-QOPOY,4,2,32,16,1,69,60.8,4263.4,0,63,5683,False,False,0.0
4385-ZKVNW,2,1,85,16,1,44,54.9,2549.1,0,21,4412,False,True,0.0
5446-DKWYW,4,3,204,16,1,61,65.2,3965.05,0,30,6238,False,False,0.0
9031-ZVQPT,6,3,289,16,1,72,108.2,7840.6,0,57,4773,False,False,0.0
2990-IAJSV,5,1,257,16,1,72,92.0,6632.75,0,68,4200,False,False,0.0
8107-KNCIM,2,3,258,16,1,14,75.1,1013.35,0,66,3771,False,True,0.0
9027-YFHQJ,2,1,322,16,1,7,25.05,152.95,0,54,4868,False,True,0.0
5176-LDKUH,3,3,145,16,1,48,75.15,3772.65,0,75,3345,False,False,0.0
4644-OBGFZ,3,4,193,16,1,55,19.5,1026.35,0,64,5067,False,False,0.0
7926-IJOOU,1,2,193,16,1,1,19.3,19.3,0,47,5626,False,True,0.0
6480-YAGIY,3,2,192,16,1,45,112.2,5031.85,0,74,3091,False,False,0.0
4029-HPFVY,2,4,129,16,1,3,70.3,220.4,0,67,4275,False,True,0.0
7602-DBTOU,5,4,193,16,1,71,19.6,1416.5,0,20,4890,False,False,0.0
5345-BMKWB,1,4,193,16,1,8,20.25,158.35,0,24,4964,False,True,0.0
5457-COLHT,5,1,120,16,1,69,80.65,5542.55,0,41,4618,False,False,0.0
5451-YHYPW,6,2,321,16,1,72,115.75,8443.7,0,50,6205,False,False,0.0
7998-WNZEM,5,1,255,16,1,71,80.6,5708.2,0,47,5447,False,False,0.0
4664-NJCMS,5,1,48,16,1,33,59.55,2016.3,0,68,5980,False,False,0.0
0307-BCOPK,3,4,193,16,1,16,19.05,326.65,0,60,4336,False,False,0.0
7629-WFGLW,3,3,318,16,1,56,95.65,5471.75,0,20,6335,False,False,0.0
2542-HYGIQ,1,2,193,16,1,1,19.95,19.95,0,48,2732,False,True,0.0
5016-LIPDW,3,4,193,16,1,57,19.4,1061.6,0,53,4194,False,False,0.0
6481-LXPWL,4,2,25,16,1,56,36.1,1971.5,0,38,5092,False,False,0.0
6124-ACRHJ,1,4,193,16,1,1,19.75,19.75,0,32,4099,False,True,0.0
9362-MWODR,2,2,103,16,1,40,64.1,2460.35,0,79,5056,False,True,0.0
9975-GPKZU,5,2,193,16,1,46,19.75,856.5,0,56,2610,False,False,0.0
9625-RZFUK,5,4,193,16,1,63,19.7,1275.85,0,63,4235,False,False,0.0
5153-LXKDT,6,3,317,16,1,68,110.2,7467.5,0,37,4108,False,False,0.0
5161-UBZXI,6,2,184,16,1,69,106.35,7261.75,0,58,6315,False,False,0.0
1020-JPQOW,1,3,286,16,1,56,90.55,5116.6,0,63,6161,False,True,0.0
7919-ZODZZ,4,4,90,16,1,10,65.9,660.05,0,78,5289,False,False,0.0
0565-JUPYD,3,2,320,16,1,63,104.5,6590.8,0,43,4908,False,False,0.0
6867-ACCZI,6,4,62,16,1,24,52.5,1208.15,0,47,3303,False,False,0.0
5939-XAIXZ,2,4,202,16,1,19,56.1,1033.9,0,27,3367,False,True,0.0
9054-FOWNV,2,3,268,16,1,22,88.75,1885.15,0,48,5585,False,True,0.0
8207-VVMYB,6,1,322,16,1,70,26.0,2006.95,0,76,6170,False,False,0.0
9732-EQMWY,1,3,156,16,1,49,99.4,5025.0,0,59,4725,False,True,0.0
5269-NRGDP,3,3,80,16,1,42,73.15,3088.25,0,58,2531,False,False,0.0
6195-MELTI,4,4,85,16,1,57,54.65,3134.7,0,58,4223,False,False,0.0
2121-JAFOM,6,2,321,16,1,72,115.55,8312.4,0,38,5076,False,False,0.0
8818-DOPVL,2,3,285,16,1,46,104.45,4863.85,0,76,4103,False,True,0.0
1227-UDMZR,6,1,257,16,1,72,91.15,6637.9,0,33,4311,False,False,0.0
5198-HQAEN,4,3,151,16,1,35,89.7,3165.6,0,44,2775,False,False,0.0
2167-FQSTQ,6,3,257,16,1,72,92.4,6786.1,0,59,5527,False,False,0.0
2819-GWENI,3,4,193,16,1,28,19.9,543.0,0,41,2987,False,False,0.0
3572-UUHRS,3,1,193,16,1,45,18.85,867.3,0,78,2653,False,False,0.0
2692-PFYTJ,2,4,322,16,1,1,25.75,25.75,0,67,2569,False,True,0.0
5955-EPOAZ,2,4,193,16,1,6,20.95,109.5,0,77,5554,False,True,0.0
6821-JPCDC,4,3,156,16,1,48,97.05,4692.95,0,66,5893,False,False,0.0
8815-LMFLX,2,1,322,16,1,25,25.4,546.85,0,26,5250,False,True,0.0
9135-HSWOC,6,1,193,16,1,64,19.7,1274.05,0,79,5431,False,False,0.0
8582-KRHPJ,2,4,49,16,1,50,35.0,1782.4,0,45,5629,False,True,0.0
5811-IWXYM,3,1,269,16,1,52,101.25,5301.1,0,25,5954,False,False,0.0
7044-YAACC,2,3,129,16,1,4,70.2,280.35,0,53,4444,False,True,0.0
8189-XRIKE,1,3,132,16,1,32,90.95,2897.95,0,52,5936,False,True,0.0
1506-YJTYT,5,2,248,16,1,45,73.85,3371.0,0,76,5264,False,False,0.0
4123-DVHPH,2,3,291,16,1,9,88.05,801.3,0,30,2715,False,True,0.0
2228-BZDEE,5,4,193,16,1,54,20.1,1079.45,0,57,5755,False,False,0.0
2789-CZANW,5,1,313,16,1,64,110.3,6997.3,0,45,5574,False,False,0.0
7596-LDUXP,4,2,163,16,1,12,85.15,979.05,0,52,2452,False,False,0.0
3740-RLMVT,4,1,117,16,1,67,60.95,4119.4,0,41,5792,False,False,0.0
2192-OZITF,5,4,231,16,1,45,73.55,3349.1,0,56,2280,False,False,0.0
5651-CPDND,1,4,65,16,1,10,46.0,492.1,0,38,3903,False,True,0.0
2186-QZEYA,2,1,242,16,1,29,58.55,1718.95,0,30,2044,False,True,0.0
1131-ALZWV,3,1,322,16,1,24,24.6,605.25,0,62,4147,False,False,0.0
7729-XBTWX,6,4,193,16,1,66,19.75,1344.5,0,58,4485,False,False,0.0
9134-WYRVP,3,4,163,16,1,51,86.35,4267.15,0,74,5311,False,False,0.0
3284-SVCRO,5,4,322,16,1,45,25.5,1121.05,0,47,3146,False,False,0.0
9732-OUYRN,3,2,193,16,1,49,19.0,918.7,0,39,4066,False,False,0.0
0559-CKHUS,6,4,193,16,1,29,19.55,521.8,0,77,5758,False,False,0.0
2931-SVLTV,2,2,313,16,1,40,110.1,4469.1,0,39,2283,False,True,0.0
7504-UWHNB,1,3,129,16,1,25,69.75,1729.35,0,26,3080,False,True,0.0
2582-FFFZR,2,3,12,16,1,22,50.6,1073.3,0,62,2854,False,True,0.0
8908-NMQTX,6,1,64,16,1,72,65.6,4566.5,0,75,4369,False,False,0.0
1431-AIDJQ,5,2,96,16,1,33,82.1,2603.1,0,32,2281,False,False,0.0
6288-LBEAR,2,4,149,16,1,23,79.1,1783.75,0,75,3619,False,True,0.0
8413-YNHNV,5,4,257,16,1,69,90.65,6322.1,0,55,6487,False,False,0.0
5808-TOTXO,4,2,193,16,1,3,20.55,57.4,0,69,2774,False,False,0.0
4369-NYSCF,4,1,88,16,1,56,75.75,4284.65,0,56,6487,False,False,0.0
6333-YDVLT,4,2,305,16,1,65,110.0,7138.65,0,78,6351,False,False,0.0
5324-KTGCG,3,3,193,16,1,71,20.85,1539.75,0,67,4837,False,False,0.0
5599-HVLTW,2,1,266,16,1,14,80.35,1058.1,0,39,3276,False,True,0.0
7394-LWLYN,2,3,129,16,1,2,70.15,123.8,0,75,4840,False,True,0.0
6873-UDNLD,1,3,106,16,1,40,67.45,2731.0,0,55,4714,False,True,0.0
2700-LUEVA,1,2,193,16,1,1,20.75,20.75,0,76,2791,False,True,0.0
0958-YHXGP,2,4,129,16,1,7,69.9,497.3,0,80,4562,False,True,0.0
1101-SSWAG,2,3,194,16,1,15,51.1,711.15,0,33,4858,False,True,0.0
5743-KHMNA,5,1,322,16,1,71,25.55,1898.1,0,27,6305,False,False,0.0
4194-FJARJ,5,1,230,16,1,54,60.0,3273.95,0,52,4798,False,False,0.0
5325-UWTWJ,2,2,310,16,1,31,90.55,2929.75,0,48,5722,False,True,0.0
3969-GYXEL,1,3,161,16,1,11,76.4,838.7,0,41,4033,False,True,0.0
9208-OLGAQ,2,3,138,16,1,18,84.95,1443.65,0,74,3878,False,True,0.0
3244-CQPHU,6,1,313,16,1,72,110.1,7746.7,0,57,5232,False,False,0.0
2674-MLXMN,2,2,277,16,1,71,99.65,6951.15,0,77,4241,False,True,0.0
9708-HPXWZ,1,2,15,16,1,5,45.4,214.75,0,68,2599,False,True,0.0
6992-TKNYO,3,2,207,16,1,38,69.0,2669.45,0,23,4487,False,False,0.0
4468-YDOVK,2,1,69,16,1,5,48.65,235.2,0,68,3307,False,True,0.0
5792-JALQC,5,1,234,16,1,52,59.85,3103.25,0,71,5085,False,False,0.0
2200-DSAAL,6,3,221,16,1,68,80.65,5330.2,0,70,5914,False,False,0.0
4302-ZYFEL,4,2,193,16,1,69,20.55,1403.1,0,32,5366,False,False,0.0
9351-LZYGF,2,2,246,16,1,42,66.4,2727.8,0,38,3773,False,True,0.0
4366-CTOUZ,6,4,152,16,1,50,100.2,5038.45,0,53,5419,False,False,0.0
1518-OMDIK,2,2,65,16,1,33,44.55,1462.6,0,28,2422,False,True,0.0
6671-NGWON,1,4,193,16,1,7,20.35,150.6,0,52,3098,False,True,0.0
0595-ITUDF,2,3,314,16,1,64,91.8,5960.5,0,37,5371,False,True,0.0
1955-IBMMB,6,1,193,16,1,59,20.2,1192.3,0,65,5216,False,False,0.0
0096-BXERS,1,3,194,16,1,6,50.35,314.55,0,74,3442,False,True,0.0
3806-YAZOV,1,4,193,16,1,3,18.8,56.0,0,67,3010,False,True,0.0
7998-ZLXWN,1,2,193,16,1,15,20.45,330.8,0,78,5184,False,True,0.0
6253-WRFHY,4,3,68,16,1,13,64.75,877.35,0,73,4741,False,False,0.0
9133-AYJZG,2,2,277,16,1,23,98.7,2249.1,0,71,5781,False,True,0.0
2675-OTVVJ,1,3,292,16,1,31,89.45,2807.65,0,68,5597,False,True,0.0
8680-CGLTP,4,3,117,16,1,29,58.75,1696.2,0,80,5198,False,False,0.0
8430-TWCBX,3,2,193,16,1,49,20.7,1032.05,0,50,4074,False,False,0.0
5018-GWURO,2,1,260,16,1,56,85.6,4902.8,0,20,6483,False,True,0.0
6741-QRLUP,6,2,255,16,1,63,80.3,4995.35,0,74,5554,False,False,0.0
4737-HOBAX,5,2,209,16,1,63,79.8,5034.05,0,52,4073,False,False,0.0
0537-QYZZN,2,3,290,16,1,24,79.85,1857.75,0,36,3412,False,True,0.0
3340-QBBFM,3,2,77,16,1,36,54.1,1992.85,0,48,4017,False,False,0.0
8200-KLNYW,3,4,112,16,1,21,80.9,1714.95,0,36,5733,False,False,0.0
3372-CDXFJ,3,1,322,16,1,13,24.5,343.6,0,59,5077,False,False,0.0
4781-ZXYGU,2,1,193,16,1,1,20.15,20.15,0,40,3960,False,True,0.0
7632-YUTXB,3,4,193,16,1,25,20.05,520.1,0,60,2010,False,False,0.0
2718-YSKCS,6,1,193,16,1,71,19.6,1387.45,0,56,6444,False,False,0.0
9896-UYMIE,4,1,321,16,1,66,114.3,7383.7,0,52,5303,False,False,0.0
0853-NWIFK,4,3,180,16,1,45,100.3,4483.95,0,64,4868,False,False,0.0
8212-CRQXP,2,2,131,16,1,22,80.0,1706.45,0,80,2640,False,True,0.0
6980-CDGFC,4,1,193,16,1,67,20.85,1327.4,0,71,5972,False,False,0.0
7691-XVTZH,6,1,268,16,1,68,89.95,5974.3,0,64,5672,False,False,0.0
2520-SGTTA,5,4,193,16,1,0,20.0,0.0,0,27,3763,False,False,0.0
2277-VWCNI,1,4,194,16,1,4,48.75,179.85,0,25,3048,False,True,0.0
1088-CNNKB,3,2,255,16,1,63,80.0,5040.2,0,56,5540,False,False,0.0
1930-BZLHI,4,4,193,16,1,21,20.35,422.7,0,40,3721,False,False,0.0
5868-YTYKS,2,4,193,16,1,1,20.25,20.25,0,48,2448,False,True,0.0
3525-DVKFN,5,4,193,16,1,17,19.4,358.05,0,44,3561,False,False,0.0
1482-OXZSY,2,1,293,16,1,30,100.4,2936.25,0,37,3778,False,True,0.0
0377-JBKKT,2,4,117,16,1,22,57.95,1271.8,0,41,5036,False,True,0.0
5778-BVOFB,2,1,71,16,1,9,59.5,530.05,0,53,4011,False,True,0.0
3373-YZZYM,1,4,193,16,1,1,19.2,19.2,0,46,3007,False,True,0.0
0228-MAUWC,1,3,206,16,1,19,59.55,1144.6,0,39,3949,False,True,0.0
7663-YJHSN,6,1,320,16,1,72,103.95,7556.9,0,56,5096,False,False,0.0
4915-BFSXL,5,2,236,16,1,70,68.95,4858.7,0,60,4858,False,False,0.0
3086-RUCRN,2,1,319,16,1,66,103.1,6595.0,0,46,6183,False,True,0.0
5215-LNLDJ,2,3,1,16,1,7,24.7,149.05,0,52,3872,False,True,0.0
7576-JMYWV,2,3,313,16,1,46,110.2,4972.1,0,55,4162,False,True,0.0
0257-KXZGU,1,1,218,16,1,32,62.45,2045.55,0,74,5442,False,True,0.0
1307-ATKGB,2,3,154,16,1,24,89.55,2187.15,0,41,2007,False,True,0.0
3714-XPXBW,2,2,256,16,1,37,78.9,2976.95,0,64,3801,False,True,0.0
1850-AKQEP,1,4,193,16,1,8,20.35,178.7,0,42,4577,False,True,0.0
2824-DXNKN,6,1,236,16,1,72,71.45,5025.85,0,30,5656,False,False,0.0
5227-JSCFE,5,2,61,16,1,71,46.35,3353.4,0,28,5421,False,False,0.0
0848-ZGQIJ,2,1,148,16,1,16,94.65,1461.15,0,36,3050,False,True,0.0
3621-CHYVB,2,1,46,16,1,57,49.9,2782.4,0,68,5866,False,True,0.0
8042-RNLKO,3,1,322,16,1,66,25.45,1699.15,0,48,4163,False,False,0.0
5372-FBKBN,1,4,193,16,1,21,20.75,452.2,0,39,2143,False,True,0.0
0420-TXVSG,6,2,250,16,1,66,66.1,4428.45,0,73,5933,False,False,0.0
6217-TOWGS,2,1,213,16,1,17,75.4,1322.55,0,64,4852,False,True,0.0
1045-LTCYT,1,2,193,16,1,8,21.05,139.75,0,78,2158,False,True,0.0
1544-JJMYL,3,2,111,16,1,27,69.35,1927.3,0,60,2450,False,False,0.0
4636-JGAAI,1,4,275,16,1,34,88.85,3000.25,0,70,4014,False,True,0.0
6874-SGLHU,4,1,148,16,1,30,97.0,3021.3,0,23,4126,False,False,0.0
5951-AOFIH,2,2,91,16,1,33,66.4,2245.4,0,69,3843,False,True,0.0
3059-NGMXB,1,4,243,16,1,14,69.2,944.65,0,24,2871,False,True,0.0
8652-YHIYU,4,2,262,16,1,16,79.5,1264.2,0,64,5040,False,False,0.0
5278-PNYOX,5,2,144,16,1,49,100.65,4917.75,0,52,5499,False,False,0.0
3486-HOOGQ,5,1,256,16,1,70,79.7,5743.3,0,41,4848,False,False,0.0
5061-PBXFW,1,1,117,16,1,32,61.4,1864.65,0,51,2649,False,True,0.0
8630-FJLIB,2,3,129,16,1,18,69.8,1221.65,0,68,2421,False,True,0.0
3891-NLXJB,6,4,53,16,1,37,40.55,1390.85,0,24,4050,False,False,0.0
4749-OJKQU,2,3,258,16,1,4,75.65,302.35,0,31,5396,False,True,0.0
0577-WHMEV,1,3,314,16,1,16,90.7,1374.9,0,73,4839,False,True,0.0
5453-AXEPF,2,1,274,16,1,17,80.5,1336.9,0,76,3591,False,True,0.0
3639-XJHKQ,2,3,121,16,1,19,60.6,1297.8,0,33,2463,False,True,0.0
3716-LRGXK,5,2,269,16,1,60,101.15,6067.4,0,35,5301,False,False,0.0
2263-SFSQZ,6,4,322,16,1,51,24.95,1222.25,0,37,5461,False,False,0.0
9950-MTGYX,6,2,193,16,1,28,20.3,487.95,0,73,2948,False,False,0.0
3397-AVTKU,6,3,82,16,1,43,60.0,2548.55,0,73,4614,False,False,0.0
4825-FUREZ,5,3,193,16,1,42,20.25,835.5,0,61,5940,False,False,0.0
2672-OJQZP,1,4,65,16,1,1,44.75,44.75,0,30,4118,False,True,0.0
3134-DSHVC,5,2,316,16,1,63,98.0,6218.45,0,75,5989,False,False,0.0
7821-DPRQE,2,3,313,16,1,68,107.7,7320.9,0,53,5015,False,True,0.0
2001-EWBQU,5,3,285,16,1,60,104.7,6333.8,0,75,6186,False,False,0.0
1608-GMEWB,2,1,261,16,1,45,93.9,4200.25,0,58,3960,False,True,0.0
6695-AMZUF,5,2,128,16,1,70,86.45,5950.2,0,54,5950,False,False,0.0
8410-BGQXN,1,4,193,16,1,4,19.4,93.4,0,54,4402,False,True,0.0
1619-YWUBB,6,2,322,16,1,68,24.95,1614.9,0,72,6146,False,False,0.0
7611-YKYTC,1,1,161,16,1,22,75.0,1573.95,0,48,4040,False,True,0.0
0365-GXEZS,1,3,141,16,1,18,78.2,1468.75,0,79,2831,False,True,0.0
0082-OQIQY,2,3,136,16,1,29,94.2,2607.6,0,60,4561,False,True,0.0
3606-SBKRY,4,3,12,16,1,31,50.05,1523.4,0,35,4529,False,False,0.0
0667-NSRGI,4,4,207,16,1,48,69.55,3435.6,0,75,2478,False,False,0.0
6893-ODYYE,4,2,189,16,1,50,90.1,4549.45,0,25,6435,False,False,0.0
8242-JSVBO,2,1,65,16,1,7,44.65,322.5,0,65,4300,False,True,0.0
9541-ZPSEA,5,2,169,16,1,68,80.35,5375.15,0,33,5954,False,False,0.0
2665-NPTGL,2,1,269,16,1,26,98.1,2510.7,0,38,3114,False,True,0.0
1139-WUOAH,5,2,16,16,1,57,53.35,3090.05,0,42,5461,False,False,0.0
4693-VWVBO,1,3,193,16,1,3,19.55,61.05,0,46,3889,False,True,0.0
6937-GCDGQ,4,1,97,16,1,19,48.95,955.6,0,35,2394,False,False,0.0
0988-JRWWP,2,3,67,16,1,3,54.2,140.4,0,68,3167,False,True,0.0
5075-JSDKI,5,3,322,16,1,59,24.45,1493.1,0,26,6196,False,False,0.0
8644-XYTSV,2,1,35,16,1,42,40.15,1626.05,0,68,4348,False,True,0.0
3873-WOSBC,5,2,322,16,1,67,25.6,1784.9,0,38,4879,False,False,0.0
7465-ZZRVX,2,3,129,16,1,1,70.35,70.35,0,32,2722,False,True,0.0
7975-JMZNT,5,1,257,16,1,66,91.7,6075.9,0,39,5453,False,False,0.0
7251-XFOIL,1,4,267,16,1,61,89.2,5500.6,0,23,5536,False,True,0.0
4116-IQRFR,3,2,322,16,1,4,24.1,73.1,0,21,4463,False,False,0.0
8259-DZLIZ,4,1,210,16,1,64,53.85,3399.85,0,36,4954,False,False,0.0
0442-ZXKVS,4,1,321,16,1,54,115.6,6431.05,0,45,4337,False,False,0.0
7853-WNZSY,2,2,193,16,1,1,19.75,19.75,0,33,5809,False,True,0.0
3120-FAZKD,6,1,322,16,1,54,24.05,1230.9,0,41,4039,False,False,0.0
8606-OEGQZ,5,2,322,16,1,18,25.3,454.65,0,78,3416,False,False,0.0
0225-ZORZP,1,3,146,16,1,3,84.3,235.05,0,43,5828,False,True,0.0
9489-JMTTN,5,2,257,16,1,72,89.75,6595.9,0,60,5096,False,False,0.0
0575-CUQOV,4,3,156,16,1,60,97.95,5867.0,0,29,6150,False,False,0.0
0967-BMLBD,4,4,193,16,1,11,20.0,196.35,0,72,5837,False,False,0.0
2830-LEWOA,3,2,160,16,1,61,103.9,6449.15,0,28,4079,False,False,0.0
5006-MXVRN,5,2,193,16,1,39,20.7,762.45,0,45,3733,False,False,0.0
8327-WKMIE,3,2,193,16,1,37,20.15,785.75,0,65,4422,False,False,0.0
6917-FIJHC,6,4,322,16,1,72,26.0,1776.0,0,20,5374,False,False,0.0
5329-KRDTM,5,2,224,16,1,72,77.35,5396.25,0,29,6202,False,False,0.0
7797-EJMDP,1,1,102,16,1,8,66.05,574.5,0,59,4157,False,True,0.0
3530-VWVGU,1,4,193,16,1,22,19.9,400.3,0,43,5657,False,True,0.0
6368-NWMCE,1,2,215,16,1,38,68.15,2656.3,0,66,3371,False,True,0.0
3633-CDBUW,3,3,96,16,1,17,80.85,1445.95,0,24,3913,False,False,0.0
0707-HOVVN,6,1,224,16,1,70,75.5,5212.65,0,62,6024,False,False,0.0
3956-MGXOG,2,3,130,16,1,28,80.6,2244.95,0,70,2951,False,True,0.0
9274-UARKJ,2,1,147,16,1,15,83.2,1130.0,0,36,4096,False,True,0.0
4077-HWUYD,6,1,257,16,1,72,87.55,6463.15,0,43,5341,False,False,0.0
0103-CSITQ,4,1,289,16,1,57,109.4,6252.7,0,65,6026,False,False,0.0
8671-KKKOS,1,3,51,16,1,46,45.55,2062.15,0,27,5565,False,True,0.0
7305-ZWMAJ,3,2,193,16,1,30,20.7,587.1,0,78,2492,False,False,0.0
9518-XXBXE,1,3,161,16,1,10,75.3,720.45,0,41,4254,False,True,0.0
6578-KRMAW,2,2,186,16,1,32,93.4,2979.3,0,66,3224,False,True,0.0
4860-IJUDE,2,2,161,16,1,13,73.75,956.65,0,78,2070,False,True,0.0
9688-YGXVR,2,2,155,16,1,44,88.15,3973.2,0,59,4112,False,True,0.0
0423-UDIJQ,1,4,69,16,1,9,49.2,447.9,0,22,2145,False,True,0.0
1945-XISKS,5,4,193,16,1,67,19.65,1335.2,0,26,4994,False,False,0.0
5360-LJCNJ,6,1,285,16,1,71,105.15,7555.0,0,32,5707,False,False,0.0
2607-FBDFF,1,2,69,16,1,1,49.0,49.0,0,45,5289,False,True,0.0
1100-DDVRV,2,4,20,16,1,17,49.8,836.35,0,24,5575,False,True,0.0
6728-WYQBC,1,1,193,16,1,1,20.95,20.95,0,62,2285,False,True,0.0
9029-FEGVJ,1,4,266,16,1,32,79.3,2570.0,0,27,5242,False,True,0.0
7216-KAOID,3,1,193,16,1,41,19.5,798.2,0,72,2446,False,False,0.0
6145-NNPNO,1,1,65,16,1,1,44.15,44.15,0,64,3103,False,True,0.0
5339-TJFEK,2,3,309,16,1,62,105.5,6487.2,0,56,4271,False,True,0.0
2074-GUHPQ,2,2,286,16,1,17,92.7,1556.85,0,41,2347,False,True,0.0
4625-XMOYM,6,1,322,16,1,72,26.25,1988.05,0,36,5098,False,False,0.0
5827-MWCZK,2,2,280,16,1,56,96.95,5432.2,0,66,6484,False,True,0.0
1385-TQOZW,2,2,193,16,1,9,20.45,147.55,0,41,2392,False,True,0.0
5914-XRFQB,6,1,321,16,1,72,115.8,8424.9,0,80,6479,False,False,0.0
4329-YPDDQ,2,1,192,16,1,20,108.2,2203.7,0,67,2102,False,True,0.0
4804-NCPET,5,4,193,16,1,19,20.2,387.4,0,60,4821,False,False,0.0
5944-UGLLK,3,2,16,16,1,53,54.9,3045.75,0,80,5677,False,False,0.0
7787-BNTZM,1,1,193,16,1,6,20.15,130.5,0,76,5761,False,True,0.0
2252-ISRNH,4,3,268,16,1,9,90.35,767.9,0,27,2993,False,False,0.0
9415-TPKRV,1,3,210,16,1,8,55.75,446.8,0,38,5681,False,True,0.0
5322-TEUJK,5,1,321,16,1,71,114.6,8100.25,0,71,4071,False,False,0.0
1866-DIOQZ,3,1,64,16,1,71,66.8,4689.15,0,42,4698,False,False,0.0
8375-KVTHK,4,3,152,16,1,68,100.3,6754.35,0,39,5757,False,False,0.0
2697-NQBPF,2,3,281,16,1,34,105.35,3540.65,0,74,5503,False,True,0.0
3709-OIJEA,4,3,157,16,1,26,85.2,2184.6,0,52,5156,False,False,0.0
1386-ZIKUV,2,4,193,16,1,7,18.95,130.55,0,26,4097,False,True,0.0
0599-XNYDO,2,1,129,16,1,20,69.8,1540.35,0,33,5456,False,True,0.0
6377-WHAOX,2,3,285,16,1,60,106.15,6411.25,0,32,4115,False,True,0.0
6855-VLGOS,5,3,193,16,1,72,20.55,1432.55,0,41,5809,False,False,0.0
8999-XXGNS,4,2,285,16,1,72,105.75,7629.85,0,53,5832,False,False,0.0
8746-OQQRW,1,4,322,16,1,4,25.25,101.9,0,43,3962,False,True,0.0
3181-MIZBN,1,3,193,16,1,16,19.75,313.4,0,68,3677,False,True,0.0
0471-ARVMX,4,3,301,16,1,62,104.85,6312.9,0,68,5061,False,False,0.0
7766-CLTIC,2,4,70,16,1,10,60.95,629.55,0,28,4323,False,True,0.0
5650-YLIBA,2,3,274,16,1,31,81.15,2640.55,0,25,3031,False,True,0.0
0825-CPPQH,5,2,193,16,1,71,19.1,1372.45,0,72,4241,False,False,0.0
9084-OAYKL,5,4,193,16,1,58,20.8,1212.25,0,80,4758,False,False,0.0
6122-LJADA,6,2,257,16,1,70,90.15,6237.05,0,49,5824,False,False,0.0
2400-XIWIO,5,3,257,16,1,71,90.1,6310.9,0,80,5054,False,False,0.0
7524-VRLPL,5,2,239,16,1,69,74.1,5031.0,0,34,4204,False,False,0.0
7569-NMZYQ,6,1,321,16,1,72,118.75,8672.45,0,49,5475,False,False,0.0
5201-USSQZ,1,2,134,16,1,26,85.9,2196.45,0,67,4038,False,True,0.0
2105-PHWON,2,2,271,16,1,33,95.0,3008.15,0,76,4639,False,True,0.0
1494-EJZDW,5,4,193,16,1,10,20.15,220.8,0,74,2836,False,False,0.0
4884-TVUQF,5,2,303,16,1,57,101.3,5779.6,0,48,4421,False,False,0.0
8003-EWNDZ,2,3,193,16,1,10,21.2,222.65,0,34,2066,False,True,0.0
1897-RCFUM,4,4,322,16,1,39,24.2,914.6,0,67,3109,False,False,0.0
9256-JTBNZ,1,1,193,16,1,11,20.3,246.3,0,72,4188,False,True,0.0
2211-RMNHO,5,1,225,16,1,68,85.3,5560.0,0,43,4732,False,False,0.0
2432-TFSMK,4,2,268,16,1,18,89.6,1633.0,0,36,2269,False,False,0.0
4929-ROART,1,4,226,16,1,18,56.25,969.85,0,47,2277,False,True,0.0
1834-ABKHQ,4,1,73,16,1,52,50.95,2610.65,0,73,4298,False,False,0.0
1741-WTPON,5,4,321,16,1,56,115.85,6567.9,0,75,4937,False,False,0.0
3932-IJWDZ,2,1,273,16,1,45,103.65,4747.85,0,21,2183,False,True,0.0
1240-HCBOH,6,4,322,16,1,67,26.1,1759.55,0,42,6466,False,False,0.0
3594-KADLU,1,4,37,16,1,3,35.1,101.1,0,35,3610,False,True,0.0
8065-BVEPF,2,1,156,16,1,65,99.1,6496.15,0,52,4574,False,True,0.0
3796-ENZGF,5,4,215,16,1,63,67.25,4234.15,0,36,6438,False,False,0.0
1734-ZMNTZ,5,4,322,16,1,11,25.0,300.7,0,65,5409,False,False,0.0
2853-CWQFQ,2,4,70,16,1,1,59.55,59.55,0,47,5824,False,True,0.0
0813-TAXXS,6,1,205,16,1,55,77.8,4323.35,0,59,6483,False,False,0.0
2519-TWKFS,4,4,198,16,1,25,55.1,1466.1,0,40,2499,False,False,0.0
0626-QXNGV,6,2,322,16,1,72,24.15,1776.45,0,68,5613,False,False,0.0
6723-CEGQI,5,4,23,16,1,65,45.25,2933.95,0,37,5712,False,False,0.0
4732-RRJZC,1,4,193,16,1,7,20.25,144.35,0,45,4954,False,True,0.0
9499-XPZXM,5,1,246,16,1,72,64.75,4804.75,0,30,4675,False,False,0.0
4338-EYCER,1,1,67,16,1,21,54.6,1125.2,0,43,5763,False,True,0.0
3007-FDPEA,2,1,193,16,1,2,20.7,39.85,0,46,2107,False,True,0.0
6350-XFYGW,2,3,140,16,1,4,94.75,422.4,0,44,2757,False,True,0.0
8513-OLYGY,5,2,321,16,1,72,115.8,8332.15,0,41,5130,False,False,0.0
0311-QYWSS,2,3,97,16,1,6,49.45,314.6,0,60,3672,False,True,0.0
8705-DWKTI,2,2,138,16,1,52,83.8,4331.4,0,40,6339,False,True,0.0
8755-IWJHN,2,1,283,16,1,69,95.35,6382.0,0,21,6132,False,True,0.0
4480-QQRHC,2,1,137,16,1,8,74.05,600.15,0,79,4899,False,True,0.0
0929-PECLO,2,1,267,16,1,63,89.6,5538.8,0,38,4438,False,True,0.0
3680-CTHUH,4,2,321,16,1,60,116.6,7049.5,0,74,5680,False,False,0.0
1202-KKGFU,1,1,101,16,1,12,54.2,690.5,0,31,4474,False,True,0.0
6112-KTHFQ,2,4,193,16,1,13,19.3,279.3,0,23,5917,False,True,0.0
1852-XEMDW,1,4,250,16,1,22,65.05,1427.55,0,30,4709,False,True,0.0
1820-DJFPH,6,1,322,16,1,72,24.05,1709.15,0,36,4755,False,False,0.0
9426-SXNHE,1,1,193,16,1,2,18.75,53.15,0,23,5355,False,True,0.0
9068-FHQHD,5,1,193,16,1,40,20.15,777.35,0,29,3556,False,False,0.0
1269-FOYWN,3,1,193,16,1,44,20.0,860.85,0,72,3743,False,False,0.0
9470-YFUYI,4,1,119,16,1,71,71.0,5012.1,0,55,5247,False,False,0.0
7402-EYFXX,2,3,261,16,1,26,93.6,2404.1,0,54,4030,False,True,0.0
9895-VFOXH,1,4,1,16,1,1,24.4,24.4,0,61,5092,False,True,0.0
1230-QAJDW,2,4,200,16,1,3,65.25,209.9,0,43,2562,False,True,0.0
5701-ZIKJE,2,4,69,16,1,13,50.55,610.75,0,29,5530,False,True,0.0
5032-MIYKT,2,4,129,16,1,1,70.7,70.7,0,28,4056,False,True,0.0
7396-VJUZB,1,4,65,16,1,4,45.25,155.35,0,57,2776,False,True,0.0
9717-QEBGU,2,3,129,16,1,2,70.3,144.0,0,37,2980,False,True,0.0
5172-RKOCB,6,2,313,16,1,72,108.95,7875.0,0,21,5758,False,False,0.0
6509-TSGWN,1,4,322,16,1,37,26.45,911.6,0,72,5359,False,True,0.0
3178-CIFOT,4,2,193,16,1,23,19.65,478.1,0,58,5916,False,False,0.0
4530-NDRKU,4,3,193,16,1,42,19.05,761.85,0,80,5091,False,False,0.0
5985-TBABQ,3,4,229,16,1,32,74.75,2282.95,0,66,2830,False,False,0.0
9800-ONTFE,2,1,258,16,1,22,75.8,1615.1,0,37,4479,False,True,0.0
6743-HHQPF,2,2,1,16,1,42,25.1,1097.15,0,57,4959,False,True,0.0
8455-HIRAQ,1,4,65,16,1,8,44.45,369.3,0,65,4909,False,True,0.0
6616-AALSR,6,2,301,16,1,65,104.3,6725.3,0,76,4997,False,False,0.0
9415-ZNBSX,6,1,257,16,1,70,89.0,6293.2,0,46,5650,False,False,0.0
4018-KJYUY,1,2,193,16,1,22,20.15,432.5,0,78,2722,False,True,0.0
3884-UEBXB,5,1,49,16,1,67,36.15,2434.45,0,39,6314,False,False,0.0
8780-RSYYU,2,2,193,16,1,25,19.2,532.1,0,23,2159,False,True,0.0
5537-UXXVS,1,1,193,16,1,20,19.25,375.25,0,68,4137,False,True,0.0
1791-PQHBB,2,2,98,16,1,2,61.2,125.95,0,31,5056,False,True,0.0
8701-DGLVH,5,4,193,16,1,51,20.45,1042.65,0,65,6097,False,False,0.0
8741-LQOBK,1,1,49,16,1,46,35.05,1620.25,0,33,4829,False,True,0.0
8082-GHXOP,1,4,65,16,1,13,44.0,659.35,0,24,5611,False,True,0.0
0980-FEXWF,3,4,73,16,1,26,50.35,1285.8,0,48,3386,False,False,0.0
3011-WQKSZ,2,3,193,16,1,19,20.0,377.55,0,31,5188,False,True,0.0
8218-FFJDS,6,1,249,16,1,72,86.4,6058.95,0,27,6114,False,False,0.0
1986-PHGZF,2,2,242,16,1,18,58.4,964.9,0,54,2812,False,True,0.0
9360-OMDZZ,2,3,261,16,1,24,94.1,2322.85,0,69,3192,False,True,0.0
0345-XMMUG,6,2,289,16,1,46,108.9,4854.3,0,45,5119,False,False,0.0
8024-XNAFQ,6,1,319,16,1,72,107.4,7748.75,0,56,5294,False,False,0.0
2988-GBIVW,2,3,291,16,1,70,90.85,6470.1,0,64,5129,False,True,0.0
2832-SCUCO,1,3,193,16,1,2,19.9,57.4,0,40,2822,False,True,0.0
7036-ZZKBD,2,2,78,16,1,31,66.4,2019.8,0,79,3282,False,True,0.0
0265-PSUAE,1,1,172,16,1,16,100.7,1522.7,0,72,3337,False,True,0.0
0463-TXOAK,5,2,322,16,1,52,25.6,1334.5,0,76,5662,False,False,0.0
0594-UFTUL,2,4,193,16,1,13,19.85,252.0,0,31,2928,False,True,0.0
9509-MPYOD,3,4,193,16,1,35,20.75,700.45,0,67,4261,False,False,0.0
9128-CPXKI,5,3,140,16,1,59,95.8,5655.45,0,45,5470,False,False,0.0
0129-KPTWJ,2,3,140,16,1,72,94.65,6747.35,0,20,5943,False,True,0.0
5855-EIBDE,5,2,319,16,1,49,106.65,5174.35,0,57,5948,False,False,0.0
5365-LLFYV,2,4,65,16,1,2,45.85,105.6,0,65,2245,False,True,0.0
5956-YHHRX,2,3,285,16,1,21,104.35,2271.85,0,22,4934,False,True,0.0
6008-NAIXK,4,3,28,16,1,54,55.45,2966.95,0,58,4521,False,False,0.0
1928-BXYIV,1,3,242,16,1,1,61.15,61.15,0,28,4592,False,True,0.0
5760-FXFVO,2,3,177,16,1,6,78.95,494.95,0,35,4093,False,True,0.0
0961-ZWLVI,4,2,317,16,1,49,109.2,5290.45,0,44,6005,False,False,0.0
5181-OABFK,6,2,121,16,1,56,61.3,3346.8,0,72,4173,False,False,0.0
4007-NHVHI,2,3,307,16,1,56,96.85,5219.65,0,57,5679,False,True,0.0
7816-VGHTO,5,4,29,16,1,6,40.55,217.5,0,30,2866,False,False,0.0
5871-DGTXZ,3,4,193,16,1,32,19.8,607.7,0,38,4636,False,False,0.0
7550-WIQVA,4,3,317,16,1,50,108.25,5431.4,0,71,4972,False,False,0.0
7544-ZVIKX,4,1,273,16,1,58,105.05,6004.85,0,75,5870,False,False,0.0
0016-QLJIS,6,4,257,16,1,65,90.45,5957.9,0,25,5509,False,False,0.0
7508-DQAKK,6,2,257,16,1,64,86.4,5442.05,0,33,6474,False,False,0.0
5176-OLSKT,5,1,250,16,1,66,66.9,4370.25,0,61,5546,False,False,0.0
9356-AXGMP,4,3,305,16,1,38,110.7,4428.6,0,60,5461,False,False,0.0
3556-BVQGL,4,4,193,16,1,20,20.0,416.45,0,71,3585,False,False,0.0
8979-CAMGB,3,3,273,16,1,64,102.1,6688.1,0,47,6100,False,False,0.0
7581-EBBOU,4,2,95,16,1,60,70.15,4224.7,0,62,4260,False,False,0.0
5073-RZGBK,4,1,255,16,1,50,80.05,4042.2,0,26,5823,False,False,0.0
2192-CKRLV,6,3,58,16,1,72,49.2,3580.95,0,33,4700,False,False,0.0
3154-HMWUU,6,1,193,16,1,60,20.5,1198.8,0,63,5848,False,False,0.0
6119-SPUDB,5,4,45,16,1,46,38.25,1755.35,0,73,2653,False,False,0.0
6522-OIQSX,6,2,28,16,1,69,54.95,3772.5,0,23,4175,False,False,0.0
7813-ZGGAW,2,1,272,16,1,31,96.6,2877.95,0,40,3364,False,True,0.0
8748-HFWBO,3,4,193,16,1,19,19.9,357.7,0,29,5964,False,False,0.0
1052-QJIBV,5,2,193,16,1,71,19.9,1397.3,0,53,6015,False,False,0.0
1319-YLZJG,2,3,185,16,1,12,84.6,959.9,0,31,2499,False,True,0.0
0723-FDLAY,4,1,225,16,1,44,85.25,3704.15,0,57,2292,False,False,0.0
3050-RLLXC,5,2,256,16,1,56,81.25,4620.4,0,62,5907,False,False,0.0
9298-WGMRW,6,1,321,16,1,72,115.5,8312.75,0,44,4697,False,False,0.0
3088-LHEFH,2,1,290,16,1,11,79.0,929.3,0,33,3885,False,True,0.0
6583-KQJLK,2,3,148,16,1,15,94.65,1285.05,0,70,5868,False,True,0.0
8544-JNBOX,6,4,193,16,1,72,20.8,1521.2,0,57,4626,False,False,0.0
6681-ZSEXG,5,2,218,16,1,56,59.5,3389.25,0,71,5477,False,False,0.0
6139-ZZRBQ,6,1,193,16,1,64,20.05,1198.05,0,44,4309,False,False,0.0
6116-RFVHN,2,3,269,16,1,34,100.45,3414.65,0,42,3744,False,True,0.0
8884-FEEWR,3,1,193,16,1,35,20.6,754.0,0,70,2858,False,False,0.0
3125-RAHBV,3,2,193,16,1,22,20.3,467.15,0,55,2768,False,False,0.0
0373-AIVNJ,3,4,57,16,1,9,39.55,373.0,0,67,3755,False,False,0.0
1682-VCOIO,3,4,193,16,1,23,20.45,481.1,0,43,3434,False,False,0.0
2072-ZVJJX,5,1,322,16,1,68,25.25,1728.2,0,70,4571,False,False,0.0
8849-AYPTR,1,3,132,16,1,33,91.25,2964.05,0,57,3296,False,True,0.0
9518-IMLHK,2,1,127,16,1,31,72.45,2156.25,0,77,3175,False,True,0.0
3646-ITDGM,5,1,193,16,1,56,19.7,1051.9,0,56,4831,False,False,0.0
3569-VLDHH,4,3,127,16,1,66,75.1,5013.0,0,23,6123,False,False,0.0
8224-KDLKN,5,1,322,16,1,72,25.0,1738.9,0,41,4275,False,False,0.0
7594-LZNWR,1,2,129,16,1,34,69.15,2275.1,0,63,4478,False,True,0.0
4001-TSBTV,2,3,155,16,1,58,91.55,5511.65,0,49,6423,False,True,0.0
8727-XDPUD,5,2,3,16,1,37,35.8,1316.9,0,68,5658,False,False,0.0
1043-UXOVO,6,2,321,16,1,71,113.15,7993.3,0,35,4955,False,False,0.0
1064-FBXNK,3,2,193,16,1,1,19.85,19.85,0,20,2618,False,False,0.0
3996-ZNWYK,5,2,193,16,1,71,19.8,1388.45,0,69,5819,False,False,0.0
2878-DHMIN,3,3,193,16,1,35,19.9,666.0,0,30,2334,False,False,0.0
7762-ONLJY,3,4,193,16,1,6,19.7,94.45,0,51,4122,False,False,0.0
5795-BKOYE,3,1,93,16,1,69,59.1,4134.7,0,71,5846,False,False,0.0
7402-PWYJJ,4,3,263,16,1,53,91.15,4862.5,0,44,6439,False,False,0.0
0018-NYROU,2,3,129,16,1,5,68.95,351.5,0,57,5536,False,True,0.0
7501-VTYLJ,1,4,81,16,1,2,51.55,106.2,0,72,4057,False,True,0.0
7608-RGIRO,6,4,322,16,1,62,24.4,1413.0,0,66,4889,False,False,0.0
0480-BIXDE,2,3,140,16,1,19,96.8,1743.05,0,66,3249,False,True,0.0
5895-QSXOD,1,4,129,16,1,9,70.05,657.5,0,63,3522,False,True,0.0
9814-AOUDH,5,2,193,16,1,53,19.5,1050.5,0,57,5625,False,False,0.0
6175-IRFIT,1,4,130,16,1,5,78.75,426.35,0,66,2610,False,True,0.0
8760-ZRHKE,3,3,244,16,1,71,69.2,4982.5,0,65,5546,False,False,0.0
1622-HSHSF,2,4,193,16,1,1,19.55,19.55,0,58,5607,False,True,0.0
6749-UTDVX,6,3,285,16,1,72,103.65,7634.8,0,63,6088,False,False,0.0
5542-DHSXL,1,4,113,16,1,4,54.7,235.05,0,37,3475,False,True,0.0
9102-OXKFY,5,2,202,16,1,59,54.15,3116.15,0,64,4293,False,False,0.0
5216-WASFJ,2,3,259,16,1,31,84.85,2633.4,0,30,5603,False,True,0.0
7808-DVWEP,1,1,193,16,1,3,20.0,49.65,0,44,3985,False,True,0.0
2284-VFLKH,4,2,144,16,1,49,99.25,4920.8,0,43,4995,False,False,0.0
0366-NQSHS,1,4,193,16,1,2,19.35,46.35,0,52,5863,False,True,0.0
3807-BPOMJ,4,3,164,16,1,55,94.75,5276.1,0,63,6021,False,False,0.0
3892-NXAZG,6,2,321,16,1,72,114.05,8289.2,0,72,6254,False,False,0.0
4948-WBBKL,2,1,258,16,1,36,74.9,2659.45,0,23,5041,False,True,0.0
4182-BGSIQ,2,1,193,16,1,10,19.8,196.75,0,49,3196,False,True,0.0
0988-AADSA,5,1,255,16,1,72,80.85,5824.75,0,56,6317,False,False,0.0
9972-NKTFD,1,1,85,16,1,28,54.65,1517.5,0,73,3185,False,True,0.0
3717-LNXKW,1,1,292,16,1,38,91.7,3479.05,0,36,3676,False,True,0.0
5734-EJKXG,4,3,321,16,1,61,118.6,7365.7,0,76,5536,False,False,0.0
2207-RYYRL,5,4,322,16,1,52,24.55,1331.05,0,28,5535,False,False,0.0
6729-FZWSY,4,4,193,16,1,67,19.45,1195.95,0,57,5343,False,False,0.0
9695-IDRZR,6,2,321,16,1,34,116.15,3946.9,0,46,5104,False,False,0.0
8144-DGHXP,5,3,112,16,1,54,80.6,4299.95,0,53,4231,False,False,0.0
7814-LEEVE,2,1,193,16,1,1,20.3,20.3,0,54,4215,False,True,0.0
8631-WUXGY,2,3,156,16,1,46,99.8,4391.25,0,46,2405,False,True,0.0
5906-DVAPM,4,2,248,16,1,55,75.0,4213.9,0,65,5011,False,False,0.0
6654-QGBZZ,1,4,193,16,1,1,19.9,19.9,0,54,5057,False,True,0.0
8348-JLBUG,3,2,169,16,1,64,80.3,5017.7,0,34,4270,False,False,0.0
5641-DMBFJ,6,3,241,16,1,58,84.3,4916.4,0,69,5724,False,False,0.0
9200-NLNPD,4,1,16,16,1,56,54.05,2959.8,0,27,6445,False,False,0.0
2664-XJZNO,6,2,176,16,1,72,104.9,7559.55,0,35,5169,False,False,0.0
3339-EAQNV,4,2,277,16,1,72,97.25,7133.1,0,69,6156,False,False,0.0
0921-OHLVP,1,3,259,16,1,22,83.05,1799.3,0,59,5357,False,True,0.0
8350-NYMVI,1,1,29,16,1,39,41.1,1597.05,0,42,3618,False,True,0.0
1600-DILPE,2,1,65,16,1,12,45.0,524.35,0,35,4998,False,True,0.0
0536-ESJEP,6,1,116,16,1,54,74.55,4191.45,0,59,4544,False,False,0.0
4654-GGUII,4,4,53,16,1,18,40.2,711.95,0,48,4624,False,False,0.0
6478-HRRCZ,3,4,118,16,1,32,70.5,2201.75,0,61,5870,False,False,0.0
8510-BBWMU,4,4,193,16,1,41,19.75,806.95,0,39,5678,False,False,0.0
6857-TKDJV,5,1,322,16,1,67,24.65,1620.45,0,62,4444,False,False,0.0
2360-RDGRO,2,3,301,16,1,65,104.25,6812.95,0,70,5089,False,True,0.0
0584-BJQGZ,2,1,256,16,1,25,78.35,1837.9,0,63,4855,False,True,0.0
1360-XFJMR,4,2,289,16,1,67,109.7,7344.45,0,24,4017,False,False,0.0
5730-RIITO,2,2,49,16,1,43,33.45,1500.25,0,79,4757,False,True,0.0
9058-MJLZC,2,3,164,16,1,24,94.6,2283.15,0,42,3667,False,True,0.0
0902-XKXPN,5,1,193,16,1,69,20.2,1376.5,0,78,5463,False,False,0.0
5177-RVZNU,3,1,193,16,1,37,20.3,755.4,0,43,4186,False,False,0.0
0056-EPFBG,6,2,45,16,1,20,39.4,825.4,0,29,3899,False,False,0.0
8993-IZEUX,1,1,129,16,1,7,69.15,488.65,0,20,4320,False,True,0.0
8190-ZTQFB,4,3,12,16,1,41,51.35,2075.1,0,59,5622,False,False,0.0
0931-MHTEM,4,2,180,16,1,54,100.05,5299.65,0,69,4478,False,False,0.0
7515-LODFU,5,2,193,16,1,69,20.3,1356.3,0,21,4042,False,False,0.0
0440-UEDAI,4,2,158,16,1,53,94.45,5042.75,0,64,5452,False,False,0.0
1337-BOZWO,3,2,27,16,1,18,46.4,812.4,0,35,4003,False,False,0.0
0868-VJRDR,6,2,184,16,1,64,104.05,6605.55,0,36,4337,False,False,0.0
6344-SFJVH,1,2,1,16,1,20,24.9,505.95,0,20,5942,False,True,0.0
3950-VPYJB,3,4,117,16,1,57,59.6,3509.4,0,28,4778,False,False,0.0
8041-TMEID,5,2,317,16,1,63,108.5,6991.9,0,49,6453,False,False,0.0
7321-ZNSLA,5,4,53,16,1,13,40.55,590.35,0,27,2898,False,False,0.0
6941-KXRRV,4,1,82,16,1,48,58.95,2789.7,0,49,4815,False,False,0.0
8727-JQFHV,5,4,193,16,1,57,20.75,1123.15,0,68,4937,False,False,0.0
9475-NNDGC,4,1,289,16,1,71,113.15,7953.25,0,75,4068,False,False,0.0
1355-KUSBG,1,3,194,16,1,7,48.8,349.8,0,51,4785,False,True,0.0
3688-FTHLT,2,1,195,16,1,16,63.05,1067.05,0,73,3214,False,True,0.0
0899-LIIBW,1,3,269,16,1,34,100.85,3527.3,0,76,5891,False,True,0.0
1384-RCUXW,2,4,274,16,1,16,80.55,1248.9,0,24,5183,False,True,0.0
5825-XJOCM,4,1,250,16,1,48,64.4,3035.35,0,45,2545,False,False,0.0
6848-YLDFR,4,2,88,16,1,58,75.2,4300.8,0,46,4559,False,False,0.0
8125-QPFJD,6,1,241,16,1,72,84.9,6065.3,0,65,4447,False,False,0.0
2320-YKQBO,1,4,193,16,1,7,19.3,144.95,0,57,4764,False,True,0.0
4973-RLZVI,3,2,127,16,1,30,74.65,2308.6,0,59,5616,False,False,0.0
7869-ZYDST,2,2,196,16,1,31,59.05,1882.8,0,59,5841,False,True,0.0
4501-UYKBC,4,2,207,16,1,46,69.1,3255.35,0,30,3856,False,False,0.0
1215-EXRMO,5,4,193,16,1,50,20.55,1067.65,0,78,4745,False,False,0.0
2305-MRGLV,1,1,133,16,1,28,76.55,2065.4,0,71,2085,False,True,0.0
8404-VIOMB,6,1,64,16,1,66,62.5,4136.4,0,57,4165,False,False,0.0
2359-KLTEK,2,1,140,16,1,41,94.9,3848.0,0,53,3539,False,True,0.0
5304-EFJLP,6,1,289,16,1,72,111.65,8022.85,0,36,4406,False,False,0.0
2673-ZALNP,3,4,193,16,1,7,19.9,173.15,0,46,2750,False,False,0.0
9184-GALIL,1,4,193,16,1,38,20.45,781.25,0,43,5587,False,True,0.0
4393-RYCRE,4,3,188,16,1,44,106.05,4510.8,0,60,4588,False,False,0.0
9746-MDMBK,4,1,321,16,1,47,113.45,5317.8,0,35,3729,False,False,0.0
3162-ZJZFU,2,3,151,16,1,53,92.55,4779.45,0,27,4700,False,True,0.0
8404-GFGCZ,1,3,204,16,1,4,65.6,250.1,0,44,4552,False,True,0.0
8875-AKBYH,2,3,260,16,1,20,84.35,1745.2,0,70,4915,False,True,0.0
0533-UCAAU,4,2,220,16,1,57,71.1,4140.1,0,40,5462,False,False,0.0
1394-SUIUH,2,3,181,16,1,44,85.15,3670.5,0,45,2672,False,True,0.0
3521-MNKLV,2,4,73,16,1,24,49.7,1167.8,0,48,5832,False,True,0.0
2533-TIBIX,2,1,33,16,1,15,30.2,469.65,0,78,5825,False,True,0.0
5092-STPKP,1,2,101,16,1,24,56.35,1381.2,0,42,5128,False,True,0.0
0114-PEGZZ,1,3,285,16,1,33,107.55,3645.5,0,33,4800,False,True,0.0
3359-DSRKA,6,4,193,16,1,58,19.85,1158.85,0,46,6440,False,False,0.0
8639-NHQEI,6,1,308,16,1,72,95.9,6954.15,0,30,4213,False,False,0.0
7161-DFHUF,5,4,322,16,1,71,23.85,1672.1,0,77,6166,False,False,0.0
3720-DBRWL,6,2,128,16,1,51,83.85,4307.1,0,53,5703,False,False,0.0
8565-WUXZU,6,2,181,16,1,72,84.8,6141.65,0,54,4240,False,False,0.0
4994-OBRSZ,5,1,126,16,1,14,76.1,1054.8,0,33,2045,False,False,0.0
0562-FGDCR,5,4,248,16,1,72,74.55,5430.65,0,25,4703,False,False,0.0
2436-QBZFP,1,3,19,16,1,22,39.2,849.9,0,25,3288,False,True,0.0
3420-YJLQT,1,3,274,16,1,2,79.55,151.75,0,24,5965,False,True,0.0
6040-CGACY,1,4,193,16,1,15,19.6,299.4,0,35,3195,False,True,0.0
6582-PLFUU,5,2,193,16,1,51,19.55,1086.75,0,40,5974,False,False,0.0
8242-PDSGJ,6,2,45,16,1,70,39.15,2692.75,0,60,5840,False,False,0.0
0264-CNITK,5,1,193,16,1,71,20.1,1389.6,0,23,5043,False,False,0.0
0089-IIQKO,2,2,265,16,1,39,99.95,3767.4,0,43,4447,False,True,0.0
7839-NUIAA,1,3,242,16,1,61,59.8,3641.5,0,53,5381,False,True,0.0
6075-QMNRR,2,1,97,16,1,52,49.75,2535.55,0,26,6334,False,True,0.0
5966-EMAZU,4,4,305,16,1,64,108.5,6880.85,0,22,4576,False,False,0.0
0440-EKDCF,6,2,93,16,1,62,60.15,3753.2,0,80,4404,False,False,0.0
4774-HHGGS,5,4,193,16,1,30,19.05,637.55,0,28,2347,False,False,0.0
2055-BFOCC,4,1,128,16,1,63,84.0,5329.55,0,42,5688,False,False,0.0
8180-AKMJV,2,2,65,16,1,1,44.55,44.55,0,45,5825,False,True,0.0
4298-OYIFC,2,3,273,16,1,15,103.45,1539.8,0,53,5640,False,True,0.0
5566-SOEZD,4,2,177,16,1,27,80.65,2209.75,0,31,5856,False,False,0.0
9842-EFSYY,2,4,60,16,1,4,57.2,223.75,0,26,2421,False,True,0.0
2272-WUSPA,6,3,317,16,1,72,110.75,7751.7,0,34,4848,False,False,0.0
4584-LBNMK,3,2,322,16,1,45,24.7,1174.35,0,61,5644,False,False,0.0
3898-GUYTS,2,3,312,16,1,45,97.05,4385.05,0,34,4735,False,True,0.0
0930-EHUZA,4,4,127,16,1,36,76.35,2606.35,0,38,4771,False,False,0.0
9975-SKRNR,1,4,193,16,1,1,18.9,18.9,0,69,4480,False,True,0.0
3703-KBKZP,2,1,258,16,1,16,74.45,1261.35,0,47,5111,False,True,0.0
4973-MGTON,6,2,128,16,1,71,84.4,5969.3,0,21,5619,False,False,0.0
3682-YEUWS,2,4,322,16,1,10,24.4,253.9,0,54,4458,False,True,0.0
1223-UNPKS,5,4,193,16,1,20,20.05,400.0,0,24,4328,False,False,0.0
3446-QDSZF,1,2,67,16,1,4,55.5,227.35,0,66,2328,False,True,0.0
5117-IFGPS,2,3,259,16,1,29,84.3,2357.75,0,67,2217,False,True,0.0
7379-FNIUJ,1,3,180,16,1,2,100.2,198.5,0,23,4855,False,True,0.0
1627-AFWVJ,5,4,193,16,1,29,19.4,554.25,0,35,2265,False,False,0.0
4486-EFAEB,2,3,193,16,1,13,20.4,251.65,0,54,2486,False,True,0.0
0060-FUALY,2,3,308,16,1,59,94.75,5597.65,0,26,5238,False,True,0.0
6954-OOYZZ,2,1,65,16,1,18,44.35,768.05,0,44,2935,False,True,0.0
7088-FBAWU,1,4,116,16,1,17,74.55,1215.8,0,22,4451,False,True,0.0
8313-AFGBW,5,3,92,16,1,47,73.6,3522.65,0,51,4795,False,False,0.0
3097-IDVPU,1,2,194,16,1,19,50.1,910.45,0,76,5749,False,True,0.0
2197-OMWGI,6,3,28,16,1,68,53.0,3656.25,0,31,5583,False,False,0.0
2303-PJYHN,1,1,193,16,1,2,19.85,52.0,0,80,4107,False,True,0.0
9795-VOWON,4,2,1,16,1,7,24.35,150.85,0,26,4665,False,False,0.0
1237-WIYYZ,2,4,193,16,1,18,19.55,389.25,0,28,2386,False,True,0.0
1987-AUELQ,5,2,322,16,1,71,25.05,1873.7,0,52,6334,False,False,0.0
7852-LECYP,1,2,307,16,1,13,93.8,1261.0,0,43,5870,False,True,0.0
4822-LPTYJ,6,1,285,16,1,72,103.75,7346.2,0,45,4655,False,False,0.0
8165-CBKXO,6,2,28,16,1,66,56.75,3708.4,0,46,5748,False,False,0.0
6527-PZFPV,4,2,193,16,1,24,20.8,469.65,0,48,4654,False,False,0.0
9593-CVZKR,6,4,322,16,1,56,24.45,1385.85,0,52,5577,False,False,0.0
8595-SIZNC,3,1,322,16,1,22,25.6,548.8,0,75,2628,False,False,0.0
5236-XMZJY,1,1,121,16,1,42,59.65,2536.55,0,80,3048,False,True,0.0
4827-DPADN,6,1,241,16,1,72,83.3,6042.7,0,61,4505,False,False,0.0
2694-CIUMO,2,2,262,16,1,12,79.55,958.25,0,62,3445,False,True,0.0
5846-ABOBJ,5,1,322,16,1,71,24.45,1730.65,0,72,4766,False,False,0.0
1439-LCGVL,3,4,193,16,1,26,19.2,459.6,0,39,3656,False,False,0.0
0909-SDHNU,1,4,33,16,1,7,29.8,201.95,0,56,4236,False,True,0.0
4647-XXZAM,1,4,65,16,1,6,45.5,285.2,0,51,5450,False,True,0.0
7740-KKCXF,2,2,17,16,1,51,30.05,1529.45,0,21,5045,False,True,0.0
5360-XGYAZ,6,1,64,16,1,72,65.65,4664.5,0,47,4934,False,False,0.0
3557-HTYWR,5,4,247,16,1,47,74.05,3496.3,0,75,2831,False,False,0.0
8920-NAVAY,4,1,289,16,1,62,110.75,7053.35,0,43,5166,False,False,0.0
1699-TLDLZ,5,4,193,16,1,16,19.7,301.55,0,43,5293,False,False,0.0
5600-PDUJF,2,2,69,16,1,6,49.5,312.7,0,75,5552,False,True,0.0
0567-XRHCU,6,2,42,16,1,69,43.95,2960.1,0,73,4479,False,False,0.0
2067-QYTCF,2,3,289,16,1,64,111.15,6953.4,0,55,5455,False,True,0.0
7407-SUJIZ,1,4,193,16,1,25,20.6,541.5,0,50,2305,False,True,0.0
9150-KPBJQ,5,2,193,16,1,6,19.65,116.85,0,27,3945,False,False,0.0
0052-DCKON,3,1,321,16,1,66,115.8,7942.15,0,42,5845,False,False,0.0
3654-ARMGP,5,2,225,16,1,61,88.65,5321.25,0,79,4730,False,False,0.0
9699-UBQFS,2,3,308,16,1,43,94.5,4156.8,0,32,4745,False,True,0.0
9367-TCUYN,1,4,193,16,1,12,20.1,223.6,0,32,5179,False,True,0.0
1261-FWTTE,2,1,2,16,1,23,34.65,768.45,0,67,2307,False,True,0.0
3528-HFRIQ,2,1,28,16,1,71,52.3,3765.05,0,51,5491,False,True,0.0
0708-SJDIS,1,4,200,16,1,34,65.0,2157.5,0,55,5567,False,True,0.0
2073-QBVBI,3,4,21,16,1,41,35.45,1391.65,0,80,2954,False,False,0.0
6928-ONTRW,5,2,193,16,1,72,19.7,1379.8,0,33,5451,False,False,0.0
3320-VEOYC,2,3,261,16,1,14,95.6,1273.3,0,78,3502,False,True,0.0
5231-FIQPA,6,4,193,16,1,41,19.85,810.45,0,40,3523,False,False,0.0
6617-WLBQC,3,2,290,16,1,23,81.85,1810.85,0,80,5939,False,False,0.0
2599-CIPQE,5,2,192,16,1,71,109.3,7782.85,0,61,5737,False,False,0.0
8774-GSBUN,5,4,322,16,1,72,25.4,1797.1,0,46,6011,False,False,0.0
7326-RIGQZ,2,3,129,16,1,6,69.8,377.85,0,62,2651,False,True,0.0
1401-FTHFQ,4,2,193,16,1,23,20.0,445.3,0,62,2170,False,False,0.0
0254-FNMCI,6,3,192,16,1,72,109.9,7624.2,0,37,5234,False,False,0.0
1848-LBZHY,2,1,97,16,1,7,50.3,355.1,0,42,2547,False,True,0.0
8118-TJAFG,2,3,152,16,1,9,101.5,906.85,0,60,2757,False,True,0.0
5429-LWCMV,2,3,275,16,1,12,89.15,1057.55,0,80,4041,False,True,0.0
7298-IZWLY,2,4,193,16,1,1,19.4,19.4,0,25,2742,False,True,0.0
9758-MFWGD,3,1,17,16,1,48,29.9,1388.75,0,49,2617,False,False,0.0
3955-JBZZM,1,3,131,16,1,20,78.8,1641.3,0,80,2317,False,True,0.0
4815-TUMEQ,4,4,193,16,1,10,19.3,185.2,0,38,4190,False,False,0.0
9909-IDLEK,1,4,280,16,1,20,96.8,1826.7,0,26,3222,False,True,0.0
4092-OFQZS,3,4,193,16,1,20,20.65,417.5,0,40,4147,False,False,0.0
1561-BWHIN,3,4,193,16,1,19,19.8,344.5,0,27,4464,False,False,0.0
9927-DSWDF,2,3,184,16,1,22,104.6,2180.55,0,68,2429,False,True,0.0
9500-LTVBP,1,2,262,16,1,35,80.05,2835.9,0,31,3999,False,True,0.0
7252-NTGSS,1,4,65,16,1,1,45.15,45.15,0,48,4131,False,True,0.0
8149-AIQCG,2,2,258,16,1,39,73.15,2730.85,0,62,3271,False,True,0.0
1360-JYXKQ,4,3,144,16,1,54,99.1,5437.1,0,54,4118,False,False,0.0
0899-WZRSD,2,4,297,16,1,56,105.35,5794.45,0,31,5680,False,True,0.0
3255-GRXMG,2,2,65,16,1,18,45.65,747.2,0,75,4403,False,True,0.0
4828-FAZPK,2,2,274,16,1,16,79.95,1267.95,0,65,3855,False,True,0.0
6094-ZIVKX,4,2,105,16,1,68,54.45,3674.95,0,45,6309,False,False,0.0
6925-BAYGL,5,2,322,16,1,53,25.1,1275.6,0,70,5295,False,False,0.0
3262-EIDHV,5,2,241,16,1,72,84.7,5893.9,0,49,6375,False,False,0.0
7354-OIJLX,2,3,258,16,1,9,75.85,724.65,0,70,5212,False,True,0.0
1376-HHBDV,2,4,97,16,1,30,48.8,1536.75,0,71,4864,False,True,0.0
6133-OZILE,2,3,13,16,1,18,35.2,607.3,0,32,5381,False,True,0.0
4135-FRWKJ,3,3,240,16,1,55,76.25,4154.55,0,42,4319,False,False,0.0
6551-ZCOTS,4,1,322,16,1,33,24.9,847.8,0,52,5756,False,False,0.0
7191-ADRGF,5,1,28,16,1,44,54.3,2390.45,0,64,3222,False,False,0.0
5018-LXQQG,1,1,102,16,1,30,66.3,1923.5,0,80,4631,False,True,0.0
6892-BOGQE,6,1,193,16,1,71,20.9,1493.2,0,53,4030,False,False,0.0
1746-TGTWV,1,2,137,16,1,1,75.35,75.35,0,70,3514,False,True,0.0
5995-SNNEW,2,3,285,16,1,23,104.45,2184.85,0,37,5883,False,True,0.0
8050-WYBND,4,2,12,16,1,22,49.45,1031.4,0,28,5941,False,False,0.0
2821-WARNZ,3,2,193,16,1,49,19.45,921.3,0,34,4170,False,False,0.0
4879-GZLFH,2,3,140,16,1,42,92.15,3875.4,0,33,5697,False,True,0.0
8314-HTWVE,5,4,193,16,1,7,19.85,144.15,0,60,3973,False,False,0.0
9402-ROUMJ,4,1,303,16,1,67,100.25,6689.0,0,64,5588,False,False,0.0
2507-QZPQS,1,3,279,16,1,15,95.7,1451.1,0,23,4999,False,True,0.0
7159-NOKYQ,6,3,283,16,1,67,93.15,6368.2,0,59,4001,False,False,0.0
5707-ZMDJP,6,4,119,16,1,53,69.7,3729.6,0,27,4590,False,False,0.0
8779-YIQQA,3,4,193,16,1,21,19.8,350.1,0,47,3243,False,False,0.0
7136-IHZJA,2,4,118,16,1,40,71.35,2847.2,0,43,5807,False,True,0.0
8966-OIQHG,3,1,193,16,1,22,20.75,452.35,0,59,2258,False,False,0.0
7074-STDCN,2,3,6,16,1,39,40.6,1494.5,0,58,4436,False,True,0.0
8739-QOTTN,1,4,193,16,1,2,20.35,41.85,0,74,5761,False,True,0.0
1399-OUPJN,5,1,193,16,1,57,19.75,1272.05,0,80,4235,False,False,0.0
0277-BKSQP,2,3,67,16,1,8,54.4,475.1,0,62,4854,False,True,0.0
5774-XZTQC,1,4,193,16,1,7,20.45,150.75,0,75,4484,False,True,0.0
2676-SSLTO,6,1,200,16,1,49,66.15,3199.0,0,33,6138,False,False,0.0
6266-QHOJZ,4,3,310,16,1,65,89.85,5844.65,0,77,6421,False,False,0.0
7269-JISCY,3,1,65,16,1,55,45.05,2462.6,0,39,4055,False,False,0.0
0363-SVHYR,5,1,257,16,1,71,86.85,6263.8,0,60,6452,False,False,0.0
8547-NSBBO,2,4,318,16,1,35,96.75,3403.4,0,37,5154,False,True,0.0
6591-QGOYB,2,1,320,16,1,17,106.65,1672.1,0,25,2754,False,True,0.0
9070-BCKQP,6,2,305,16,1,72,110.15,7881.2,0,21,4498,False,False,0.0
6421-SZVEM,4,1,162,16,1,28,82.85,2320.8,0,75,5802,False,False,0.0
1328-EUZHC,5,4,193,16,1,18,20.1,370.5,0,30,4329,False,False,0.0
8878-RYUKI,2,3,74,16,1,52,59.45,3043.7,0,40,6107,False,True,0.0
9633-DENPU,2,1,83,16,1,47,58.6,2723.4,0,33,2613,False,True,0.0
7811-JIVPF,1,2,73,16,1,23,49.7,1081.25,0,47,4790,False,True,0.0
7113-HIPFI,5,4,125,16,1,66,65.85,4097.05,0,53,5500,False,False,0.0
8541-QVFKM,2,3,258,16,1,8,73.5,632.2,0,61,5777,False,True,0.0
9258-CNWAC,5,2,321,16,1,71,113.65,8166.8,0,27,6208,False,False,0.0
5371-VYLSX,2,3,306,16,1,50,83.4,4113.7,0,68,4977,False,True,0.0
6374-AFWOX,5,4,125,16,1,46,65.65,3047.15,0,79,2680,False,False,0.0
5317-FLPJF,6,1,48,16,1,66,61.35,4193.4,0,67,4824,False,False,0.0
7621-VPNET,2,2,270,16,1,42,85.9,3729.75,0,25,2219,False,True,0.0
6034-YMTOB,2,4,133,16,1,5,75.65,399.45,0,40,2296,False,True,0.0
4903-CNOZC,3,2,219,16,1,29,70.9,1964.6,0,29,2064,False,False,0.0
4353-HYOJD,1,4,81,16,1,27,49.85,1336.15,0,75,5580,False,True,0.0
7267-FRMJW,5,4,193,16,1,25,20.1,486.05,0,46,5306,False,False,0.0
4188-FRABG,2,3,320,16,1,57,103.05,5925.75,0,22,5586,False,True,0.0
4128-ETESU,1,3,269,16,1,47,99.7,4747.2,0,67,4787,False,True,0.0
0620-DLSLK,2,4,131,16,1,13,81.9,1028.9,0,71,2054,False,True,0.0
3850-OKINF,4,3,228,16,1,71,66.2,4692.55,0,62,4756,False,False,0.0
1156-ZFYDO,1,3,193,16,1,1,19.75,19.75,0,38,3666,False,True,0.0
3295-YVUSR,2,4,258,16,1,2,72.6,154.3,0,47,5098,False,True,0.0
8016-NCFVO,2,3,321,16,1,55,116.5,6382.55,0,58,4222,False,True,0.0
4119-ZYPZY,6,3,281,16,1,71,106.8,7623.2,0,28,6423,False,False,0.0
5549-ZGHFB,5,4,322,16,1,50,24.95,1261.45,0,57,6019,False,False,0.0
7577-SWIFR,2,3,132,16,1,1,89.25,89.25,0,28,5579,False,True,0.0
0303-WMMRN,2,4,193,16,1,5,19.25,86.05,0,27,3056,False,True,0.0
6408-OTUBZ,4,1,320,16,1,66,104.55,6779.05,0,53,4494,False,False,0.0
5204-HMGYF,4,4,128,16,1,49,87.2,4345.0,0,68,4567,False,False,0.0
1078-TDCRN,2,3,17,16,1,3,30.75,82.85,0,27,4133,False,True,0.0
3727-OVPRY,4,2,322,16,1,66,25.7,1714.55,0,43,5517,False,False,0.0
3797-FKOGQ,1,3,259,16,1,11,86.2,893.2,0,41,3157,False,True,0.0
7622-NXQZR,2,2,5,16,1,28,30.1,810.85,0,31,2653,False,True,0.0
6196-HBOBZ,6,3,316,16,1,65,99.35,6347.55,0,80,6300,False,False,0.0
3970-XGJDU,6,2,193,16,1,62,19.2,1123.65,0,64,4937,False,False,0.0
7017-VFULY,1,1,193,16,1,2,20.1,43.15,0,26,4158,False,True,0.0
5562-YJQGT,1,2,193,16,1,2,20.35,35.1,0,40,3746,False,True,0.0
8807-OPMBM,6,2,322,16,1,55,25.65,1388.0,0,42,4466,False,False,0.0
5439-WIKXB,2,3,148,16,1,41,94.55,3851.45,0,45,4914,False,True,0.0
8294-UIMBA,4,1,136,16,1,30,94.4,2638.1,0,68,4584,False,False,0.0
8109-YUOHE,3,4,113,16,1,17,56.1,946.95,0,56,5025,False,False,0.0
5840-NVDCG,5,1,118,16,1,16,68.25,1114.85,0,43,3559,False,False,0.0
8092-NLTGF,5,1,322,16,1,72,24.75,1777.6,0,35,5398,False,False,0.0
5928-QLDHB,2,3,258,16,1,9,76.25,684.85,0,62,2062,False,True,0.0
9840-EFJQB,1,3,145,16,1,1,74.35,74.35,0,80,4237,False,True,0.0
0696-UKTOX,1,3,85,16,1,23,54.15,1312.45,0,80,2496,False,True,0.0
4801-KFYKL,1,1,193,16,1,8,19.45,159.2,0,20,4119,False,True,0.0
3472-OAOOR,2,4,49,16,1,19,34.95,610.2,0,79,3422,False,True,0.0
6135-OZQVA,2,3,226,16,1,7,53.65,404.35,0,51,4389,False,True,0.0
2252-JHJGE,3,3,301,16,1,61,104.0,6363.45,0,22,4344,False,False,0.0
4188-PCPIG,6,2,119,16,1,57,70.35,4124.65,0,32,5779,False,False,0.0
7105-BENQF,3,4,106,16,1,15,64.85,950.75,0,51,4442,False,False,0.0
7721-DVEKZ,1,4,193,16,1,1,19.65,19.65,0,73,4639,False,True,0.0
3566-VVORZ,1,1,65,16,1,12,45.9,505.95,0,60,5790,False,True,0.0
9507-HSMMZ,5,4,193,16,1,54,20.0,1149.65,0,41,6094,False,False,0.0
2480-SQIOB,1,3,65,16,1,4,44.8,169.65,0,63,2114,False,True,0.0
7813-TKCVO,3,4,193,16,1,20,20.35,393.15,0,57,4390,False,False,0.0
0128-MKWSG,1,4,38,16,1,26,45.8,1147.0,0,45,3287,False,True,0.0
4350-ZTLPI,4,1,289,16,1,53,108.95,5718.2,0,36,4163,False,False,0.0
0361-HJRDX,5,2,64,16,1,68,64.35,4539.6,0,40,4146,False,False,0.0
5727-MYATE,6,2,257,16,1,72,90.8,6397.6,0,46,5028,False,False,0.0
3823-KYNQY,3,2,322,16,1,12,24.95,280.4,0,71,4443,False,False,0.0
7570-WELNY,6,1,306,16,1,68,84.7,5711.05,0,41,5520,False,False,0.0
3021-VLNRJ,4,2,111,16,1,50,70.8,3478.15,0,34,4798,False,False,0.0
2080-CAZNM,2,3,285,16,1,41,104.4,4133.95,0,61,4477,False,True,0.0
1028-FFNJK,2,3,265,16,1,30,101.5,2917.65,0,73,4828,False,True,0.0
6907-FLBER,1,3,210,16,1,1,54.3,54.3,0,78,3259,False,True,0.0
3001-UNBTL,2,3,269,16,1,29,103.95,2964.8,0,58,3733,False,True,0.0
5982-PSMKW,6,2,257,16,1,23,91.1,2198.3,0,71,5991,False,False,0.0
3507-GASNP,5,4,193,16,1,60,19.95,1189.9,0,74,5316,False,False,0.0
7096-ZNBZI,5,2,322,16,1,72,26.45,1914.5,0,55,5534,False,False,0.0
1676-MQAOA,6,1,127,16,1,72,75.1,5336.35,0,55,6284,False,False,0.0
0786-IVLAW,3,1,285,16,1,66,108.1,7238.6,0,20,4722,False,False,0.0
7566-DSRLQ,6,3,289,16,1,72,110.15,7998.8,0,70,5065,False,False,0.0
7245-JMTTQ,4,3,289,16,1,51,111.5,5703.25,0,47,4363,False,False,0.0
6050-IJRHS,4,3,285,16,1,70,106.5,7397.0,0,41,6319,False,False,0.0
6202-JVYEU,4,3,193,16,1,9,19.9,164.6,0,31,3643,False,False,0.0
8591-TKMZH,6,4,313,16,1,59,111.1,6555.2,0,76,4952,False,False,0.0
0734-OXWBT,1,4,72,16,1,3,70.7,225.65,0,56,2584,False,True,0.0
4282-ACRXS,2,3,1,16,1,38,24.85,955.75,0,33,3511,False,True,0.0
0365-TRTPY,1,1,314,16,1,37,91.2,3382.3,0,44,5135,False,True,0.0
7349-ALMUX,5,1,125,16,1,37,65.6,2313.8,0,27,3183,False,False,0.0
6502-KUGLL,1,1,117,16,1,14,59.45,780.85,0,26,5723,False,True,0.0
1841-YSJGV,6,2,313,16,1,72,109.95,7852.4,0,59,6258,False,False,0.0
3511-BFTJW,5,2,57,16,1,72,38.5,2763.0,0,58,4710,False,False,0.0
7668-XCFYV,2,3,261,16,1,17,92.55,1614.7,0,23,3689,False,True,0.0
5018-HEKFO,2,4,322,16,1,10,24.5,270.15,0,78,5594,False,True,0.0
2923-ARZLG,4,4,193,16,1,0,19.7,0.0,0,69,4890,False,False,0.0
3976-NLDEZ,1,4,193,16,1,1,20.6,20.6,0,52,5370,False,True,0.0
2282-YGNOR,3,2,109,16,1,29,58.0,1734.5,0,63,2810,False,False,0.0
5336-UFNZP,4,3,285,16,1,65,107.45,7047.5,0,32,6211,False,False,0.0
6854-EXGSF,2,1,250,16,1,8,65.5,573.15,0,38,3033,False,True,0.0
1241-EZFMJ,5,1,322,16,1,61,25.45,1538.6,0,41,6015,False,False,0.0
9233-PSYHO,4,1,269,16,1,45,100.15,4459.8,0,21,2636,False,False,0.0
5376-PCKNB,4,2,285,16,1,72,104.45,7459.0,0,29,4750,False,False,0.0
8044-BGWPI,2,3,193,16,1,12,21.15,306.05,0,40,5209,False,True,0.0
4060-LDNLU,1,3,261,16,1,7,96.2,639.7,0,38,4329,False,True,0.0
3589-PPVKW,2,4,65,16,1,9,44.4,348.15,0,31,5457,False,True,0.0
5887-IKKYO,5,1,271,16,1,58,94.35,5563.65,0,49,4777,False,False,0.0
1755-RMCXH,1,4,193,16,1,2,20.3,40.25,0,38,5113,False,True,0.0
3858-XHYJO,3,1,301,16,1,40,105.75,4228.55,0,41,4078,False,False,0.0
4299-SIMNS,2,3,290,16,1,9,81.15,784.45,0,68,4544,False,True,0.0
7025-IWFHT,4,3,151,16,1,41,89.55,3729.75,0,66,5549,False,False,0.0
6261-LHRTG,2,2,89,16,1,26,54.75,1406.9,0,23,4020,False,True,0.0
7841-FCRQD,4,2,85,16,1,33,53.75,1857.3,0,49,3160,False,False,0.0
2056-EVGZL,3,2,160,16,1,68,105.75,7322.5,0,39,4437,False,False,0.0
8777-MBMTS,6,2,160,16,1,65,105.85,6725.5,0,80,4872,False,False,0.0
7753-USQYQ,4,3,86,16,1,55,64.2,3627.3,0,40,5151,False,False,0.0
7661-CPURM,4,2,134,16,1,19,87.7,1725.95,0,78,4446,False,False,0.0
6233-HXJMX,2,2,267,16,1,45,89.3,4192.15,0,32,5470,False,True,0.0
5902-WBLSE,6,2,193,16,1,70,20.15,1411.2,0,67,5219,False,False,0.0
3239-TPHPZ,6,3,193,16,1,12,20.05,264.55,0,74,5453,False,False,0.0
5115-GZDEL,5,2,64,16,1,72,67.2,4671.7,0,25,5592,False,False,0.0
3338-CVVEH,1,3,261,16,1,12,94.55,1173.55,0,25,5674,False,True,0.0
2615-YVMYX,2,3,317,16,1,71,107.5,7713.55,0,64,5775,False,True,0.0
2851-STERV,4,3,80,16,1,35,73.0,2471.25,0,59,2715,False,False,0.0
4393-GEADV,5,2,321,16,1,70,114.75,7842.3,0,72,5035,False,False,0.0
8486-AYEQH,2,3,258,16,1,31,76.05,2227.8,0,63,2421,False,True,0.0
5419-JKZNQ,1,4,258,16,1,30,77.9,2351.45,0,49,2009,False,True,0.0
2495-KZNFB,2,3,291,16,1,33,90.65,2989.6,0,44,4460,False,True,0.0
1409-PHXTF,6,3,289,16,1,54,110.45,6077.75,0,77,4425,False,False,0.0
4560-WQAQW,3,1,231,16,1,59,68.7,4070.95,0,29,4244,False,False,0.0
9591-YVTEB,2,3,51,16,1,55,44.85,2479.05,0,49,5829,False,True,0.0
9309-BZGNT,4,2,9,16,1,69,29.8,2134.3,0,43,5681,False,False,0.0
4274-DRSQT,4,1,276,16,1,66,88.9,6000.1,0,27,5868,False,False,0.0
2027-DNKIV,4,4,109,16,1,37,58.75,2203.1,0,31,3483,False,False,0.0
8075-GXIUB,3,2,193,16,1,9,19.85,183.15,0,59,5601,False,False,0.0
2885-HIJDH,5,1,241,16,1,69,86.9,6194.1,0,49,4667,False,False,0.0
5424-RLQLC,2,4,83,16,1,10,59.65,638.95,0,20,2385,False,True,0.0
6507-DTJZV,1,2,68,16,1,13,66.4,831.75,0,43,3660,False,True,0.0
7673-BQGKU,5,1,193,16,1,69,20.15,1337.5,0,23,4554,False,False,0.0
6723-WSNTY,4,2,289,16,1,66,108.1,7181.95,0,35,5360,False,False,0.0
2725-IWWBA,3,4,109,16,1,46,56.9,2560.1,0,44,4258,False,False,0.0
1061-PNTHC,2,4,305,16,1,56,109.6,5953.0,0,67,5012,False,True,0.0
0394-YONDK,5,2,322,16,1,70,25.15,1790.15,0,39,5114,False,False,0.0
6574-MCOEH,4,3,209,16,1,33,79.15,2531.4,0,73,3555,False,False,0.0
7399-QHBJS,5,2,246,16,1,72,66.75,4760.3,0,65,6063,False,False,0.0
0997-YTLNY,1,4,69,16,1,19,48.8,953.65,0,74,3749,False,True,0.0
9479-HYNYL,6,2,96,16,1,71,80.7,5705.05,0,24,5617,False,False,0.0
9708-KFDBY,1,2,193,16,1,1,20.55,20.55,0,28,4801,False,True,0.0
3642-GKTCT,4,4,321,16,1,61,115.1,6993.65,0,53,4785,False,False,0.0
0774-RMNUW,5,1,56,16,1,71,59.7,4122.65,0,63,6420,False,False,0.0
1334-PDUKM,3,2,282,16,1,68,86.45,5762.95,0,39,4480,False,False,0.0
0756-MPZRL,3,2,13,16,1,46,33.7,1537.85,0,22,3007,False,False,0.0
2242-MFOTG,3,1,290,16,1,33,80.1,2603.3,0,54,3957,False,False,0.0
2927-CVULT,6,1,319,16,1,53,104.05,5566.4,0,43,4190,False,False,0.0
2144-BFDSO,1,1,317,16,1,50,108.75,5431.9,0,54,5211,False,True,0.0
8745-PVESG,4,2,45,16,1,57,41.1,2258.25,0,41,5281,False,False,0.0
7647-GYYKX,6,1,193,16,1,54,20.35,1092.35,0,79,5646,False,False,0.0
5647-FXOTP,2,3,285,16,1,60,105.9,6401.25,0,40,5084,False,True,0.0
9700-ISPUP,2,3,86,16,1,10,65.5,616.9,0,44,3137,False,True,0.0
9839-ETQOE,2,3,57,16,1,43,40.45,1912.85,0,72,3176,False,True,0.0
6078-VESFR,1,1,129,16,1,13,70.45,849.1,0,53,5225,False,True,0.0
9027-TMATR,6,3,112,16,1,43,78.8,3460.3,0,24,3972,False,False,0.0
1941-HOSAM,2,3,132,16,1,1,90.1,90.1,0,47,4142,False,True,0.0
9110-HSGTV,6,2,112,16,1,69,82.45,5555.3,0,80,4631,False,False,0.0
0704-VCUMB,5,2,193,16,1,61,20.25,1278.8,0,55,5974,False,False,0.0
6171-ZTVYB,1,1,246,16,1,43,66.25,2907.35,0,29,2168,False,True,0.0
1935-IMVBB,1,4,132,16,1,56,89.7,4952.95,0,49,5955,False,True,0.0
2535-PBCGC,5,1,64,16,1,70,64.55,4504.9,0,30,4858,False,False,0.0
1470-PSXNM,4,3,284,16,1,49,93.65,4520.15,0,65,5542,False,False,0.0
2498-XLDZR,5,4,126,16,1,32,73.6,2316.85,0,42,4343,False,False,0.0
9866-OCCKE,6,4,305,16,1,72,109.75,8075.35,0,34,6010,False,False,0.0
5338-YHWYT,5,2,117,16,1,37,61.45,2302.35,0,77,5447,False,False,0.0
7718-UPSKJ,4,2,184,16,1,69,106.4,7251.9,0,26,4328,False,False,0.0
8731-WBBMB,1,1,96,16,1,26,81.9,2078.55,0,55,3350,False,True,0.0
1448-CYWKC,4,2,285,16,1,58,105.2,6225.4,0,59,4605,False,False,0.0
7901-IIDQV,3,1,198,16,1,24,54.6,1242.25,0,51,3398,False,False,0.0
2690-DVRVK,3,3,193,16,1,5,20.55,99.45,0,54,3629,False,False,0.0
1270-XKUCC,5,4,193,16,1,30,19.7,599.25,0,38,5045,False,False,0.0
0334-ZFJSR,4,2,246,16,1,55,66.05,3462.1,0,68,5501,False,False,0.0
5583-EJXRD,6,2,62,16,1,44,54.05,2375.2,0,68,4896,False,False,0.0
4565-EVZMJ,4,4,117,16,1,47,58.9,2813.05,0,40,5774,False,False,0.0
3327-YBAKM,4,4,168,16,1,64,96.9,6314.35,0,55,5369,False,False,0.0
9441-QHEVC,1,4,193,16,1,1,19.1,19.1,0,30,2091,False,True,0.0
6705-LNMDD,1,4,69,16,1,20,50.0,1003.05,0,46,5741,False,True,0.0
2580-ASVVY,5,3,39,16,1,37,45.4,1593.1,0,33,4051,False,False,0.0
3370-GQEAL,1,3,260,16,1,30,85.45,2509.95,0,21,3409,False,True,0.0
5032-USPKF,3,1,253,16,1,38,84.1,3187.65,0,78,2604,False,False,0.0
4254-QPEDE,5,2,64,16,1,52,66.25,3330.1,0,23,4275,False,False,0.0
6283-GITPX,6,2,127,16,1,71,76.9,5522.7,0,26,4633,False,False,0.0
0771-CHWSK,6,2,251,16,1,66,74.6,4798.4,0,78,4838,False,False,0.0
9788-HNGUT,6,2,321,16,1,72,116.95,8594.4,0,78,5949,False,False,0.0
9495-REDIY,4,2,35,16,1,25,40.65,970.55,0,29,5079,False,False,0.0
5375-XLDOF,6,1,321,16,1,69,114.35,7665.8,0,51,6082,False,False,0.0
1172-VIYBP,5,1,243,16,1,53,69.7,3686.05,0,22,4975,False,False,0.0
6559-PDZLR,2,3,144,16,1,26,98.65,2537.0,0,62,4191,False,True,0.0
8992-OBVDG,1,4,74,16,1,21,61.65,1393.6,0,63,2926,False,True,0.0
4273-MBHYA,2,3,132,16,1,1,89.35,89.35,0,38,2432,False,True,0.0
4724-WXVWF,2,3,295,16,1,48,95.4,4445.3,0,33,4334,False,True,0.0
5701-GUXDC,3,2,41,16,1,26,35.4,978.6,0,29,2519,False,False,0.0
1460-UZPRJ,5,4,193,16,1,60,19.95,1258.15,0,72,5971,False,False,0.0
6082-GLJIX,1,4,193,16,1,18,19.25,331.35,0,22,4769,False,True,0.0
2495-TTHBQ,4,4,193,16,1,4,20.4,84.75,0,24,5602,False,False,0.0
0485-ZBSLN,5,2,322,16,1,65,24.75,1715.1,0,39,6263,False,False,0.0
3810-PJUHR,5,4,322,16,1,70,25.35,1715.15,0,69,6059,False,False,0.0
0847-HGRML,5,1,193,16,1,62,20.0,1250.1,0,37,4402,False,False,0.0
8232-CTLKO,6,3,99,16,1,66,59.75,3996.8,0,80,5979,False,False,0.0
9227-YBAXE,6,1,249,16,1,65,82.5,5215.1,0,26,5314,False,False,0.0
9860-LISIZ,1,4,193,16,1,34,20.35,673.2,0,68,2864,False,True,0.0
0112-QAWRZ,2,1,268,16,1,16,90.8,1442.2,0,66,5560,False,True,0.0
2786-GCDPI,2,3,273,16,1,50,104.95,5222.35,0,39,5570,False,True,0.0
4043-MKDTV,6,3,160,16,1,71,105.25,7291.75,0,31,6319,False,False,0.0
9229-RQABD,3,4,322,16,1,18,23.75,424.5,0,70,3076,False,False,0.0
8313-KTIHG,2,3,71,16,1,4,61.3,249.4,0,58,5281,False,True,0.0
5320-BRKGK,5,4,240,16,1,58,75.8,4415.75,0,62,4292,False,False,0.0
6284-KMNUF,4,3,293,16,1,56,98.0,5270.6,0,25,4615,False,False,0.0
6229-UOLQL,4,4,55,16,1,56,52.0,2884.9,0,55,5845,False,False,0.0
3137-LUPIX,2,4,200,16,1,4,64.4,253.0,0,61,3334,False,True,0.0
6143-JQKEA,2,2,65,16,1,10,45.8,436.2,0,80,5586,False,True,0.0
8676-OOQEJ,1,3,5,16,1,4,30.5,118.4,0,29,3030,False,True,0.0
9701-CDXHR,1,4,129,16,1,51,69.15,3649.6,0,55,5187,False,True,0.0
8124-NZVGJ,4,4,8,16,1,6,49.25,255.6,0,52,2979,False,False,0.0
2162-FRZAA,5,1,29,16,1,63,39.35,2395.05,0,24,5374,False,False,0.0
5118-MUEYH,2,2,281,16,1,48,105.1,5083.55,0,42,3109,False,True,0.0
5627-TVBPP,4,2,193,16,1,35,20.1,644.5,0,72,3726,False,False,0.0
3936-QQFLL,1,4,193,16,1,2,19.75,39.3,0,67,4064,False,True,0.0
2589-AYCRP,3,1,193,16,1,50,19.75,989.05,0,71,4934,False,False,0.0
4067-HLYQI,2,1,129,16,1,33,70.4,2406.1,0,29,4860,False,True,0.0
5124-EOGYE,5,4,193,16,1,31,20.45,638.55,0,35,2598,False,False,0.0
5057-RKGLH,5,4,193,16,1,9,20.35,191.1,0,70,5352,False,False,0.0
0292-WEGCH,2,3,225,16,1,54,86.2,4524.05,0,45,6275,False,True,0.0
8910-ICHIU,4,2,187,16,1,46,95.65,4664.2,0,54,4727,False,False,0.0
4097-YODCF,4,3,309,16,1,34,103.8,3470.8,0,78,5382,False,False,0.0
9715-WZCLW,6,3,293,16,1,71,97.2,6910.3,0,43,4603,False,False,0.0
9786-YWNHU,5,4,125,16,1,63,63.55,4014.2,0,48,5733,False,False,0.0
6407-GSJNL,5,1,322,16,1,51,24.95,1288.0,0,77,5458,False,False,0.0
4049-ZPALD,6,1,172,16,1,64,99.0,6375.8,0,68,5483,False,False,0.0
3733-UOCWF,4,1,278,16,1,61,85.55,5251.75,0,62,4845,False,False,0.0
6833-JMZYP,2,2,140,16,1,15,94.0,1505.45,0,77,4521,False,True,0.0
1310-QRITU,2,3,194,16,1,18,50.3,913.3,0,65,5877,False,True,0.0
8961-QDZZJ,4,3,148,16,1,57,95.0,5535.8,0,70,6245,False,False,0.0
9715-SBVSU,6,1,114,16,1,14,61.4,815.55,0,22,3186,False,False,0.0
8490-BXHEO,2,2,274,16,1,18,80.55,1411.65,0,27,5137,False,True,0.0
7173-TETGO,5,1,290,16,1,72,78.5,5602.25,0,69,6072,False,False,0.0
7929-SKFGK,5,2,321,16,1,70,114.3,8244.3,0,24,4280,False,False,0.0
2300-RQGOI,5,4,193,16,1,38,20.05,741.5,0,62,2295,False,False,0.0
3563-SVYLG,5,2,125,16,1,68,62.65,4375.8,0,59,5215,False,False,0.0
6435-VWCCY,6,2,308,16,1,65,92.7,5968.4,0,64,5205,False,False,0.0
4998-IKFSE,1,3,269,16,1,30,100.45,3096.9,0,32,3936,False,True,0.0
8630-QSGXK,6,1,201,16,1,51,75.2,3901.25,0,59,4708,False,False,0.0
2455-USLMV,2,2,298,16,1,31,84.75,2613.4,0,35,3727,False,True,0.0
9488-FVZCC,6,1,255,16,1,72,79.5,5661.7,0,78,4390,False,False,0.0
5995-WWKKG,4,3,193,16,1,37,19.8,695.05,0,31,5987,False,False,0.0
7879-CGSFV,4,4,180,16,1,55,100.9,5552.05,0,22,5101,False,False,0.0
9921-EZKBY,2,1,299,16,1,33,95.3,3275.15,0,38,3087,False,True,0.0
7432-FFVAR,3,1,142,16,1,46,90.95,4236.6,0,38,5187,False,False,0.0
7246-ZGQDF,1,3,101,16,1,1,54.5,54.5,0,54,4359,False,True,0.0
4456-RHSNB,2,1,73,16,1,19,49.6,962.9,0,27,5735,False,True,0.0
2481-SBOYW,6,2,322,16,1,61,25.0,1498.35,0,54,4673,False,False,0.0
7109-MFBYV,1,3,65,16,1,26,45.45,1233.15,0,68,5451,False,True,0.0
1833-TCXKK,2,1,285,16,1,45,107.75,4882.8,0,27,3301,False,True,0.0
1832-PEUTS,6,2,268,16,1,62,89.1,5411.65,0,68,5995,False,False,0.0
8660-BUETV,1,4,65,16,1,3,44.75,148.05,0,20,3422,False,True,0.0
0580-PIQHM,4,1,315,16,1,41,101.6,3930.55,0,52,3275,False,False,0.0
5696-CEIQJ,5,1,160,16,1,67,103.15,6895.5,0,40,4376,False,False,0.0
1696-HXOWK,3,4,308,16,1,71,95.65,6856.95,0,65,5856,False,False,0.0
3026-ATZYV,3,1,116,16,1,37,75.1,2658.8,0,64,4131,False,False,0.0
4012-YCFAI,6,4,117,16,1,60,61.35,3766.2,0,79,6174,False,False,0.0
9970-QBCDA,1,2,193,16,1,6,19.7,129.55,0,74,5387,False,True,0.0
9496-IVVRP,1,1,97,16,1,11,51.0,581.7,0,49,5777,False,True,0.0
2657-VPXTA,2,3,132,16,1,10,88.85,929.45,0,54,4531,False,True,0.0
6551-VLJMV,5,2,193,16,1,34,20.05,679.0,0,29,2236,False,False,0.0
1221-GHZEP,6,4,102,16,1,62,65.1,3846.75,0,47,5172,False,False,0.0
9289-LBQVU,4,4,215,16,1,64,70.15,4480.7,0,49,5037,False,False,0.0
3458-IDMFK,6,4,193,16,1,25,20.75,499.4,0,74,5161,False,False,0.0
6933-FHBZC,4,4,89,16,1,26,56.05,1553.2,0,46,3079,False,False,0.0
0221-NAUXK,4,1,193,16,1,10,19.95,219.5,0,48,3044,False,False,0.0
9770-KXGQU,3,4,316,16,1,53,98.6,5311.85,0,20,4635,False,False,0.0
6538-POCHL,2,2,153,16,1,33,79.0,2576.8,0,21,4396,False,True,0.0
6726-NNFWD,5,2,154,16,1,71,89.45,6435.25,0,72,6004,False,False,0.0
3002-WQZWT,2,3,258,16,1,29,74.2,1993.25,0,55,3982,False,True,0.0
4277-UDIEF,1,1,233,16,1,24,81.0,1923.85,0,50,3019,False,True,0.0
1208-NBVFH,2,3,73,16,1,20,49.6,939.8,0,68,3235,False,True,0.0
4912-PIGUY,2,3,260,16,1,1,84.6,84.6,0,46,2196,False,True,0.0
2725-TTRIQ,6,1,241,16,1,72,84.2,5986.55,0,69,5598,False,False,0.0
3374-TTZTK,6,3,192,16,1,52,106.3,5487.0,0,36,4969,False,False,0.0
8990-ZXLSU,1,3,129,16,1,9,69.05,651.5,0,50,5121,False,True,0.0
2275-RBYQS,2,4,65,16,1,1,45.4,45.4,0,50,4916,False,True,0.0
4419-UJMUS,6,3,265,16,1,69,99.35,6856.45,0,73,4637,False,False,0.0
7794-JASDG,2,4,97,16,1,1,50.75,50.75,0,80,2250,False,True,0.0
7609-YBPXG,5,1,241,16,1,54,87.1,4735.2,0,44,5418,False,False,0.0
5519-TEEUH,4,4,193,16,1,33,20.15,682.15,0,57,5759,False,False,0.0
7856-GANIL,4,1,288,16,1,45,98.7,4525.8,0,66,2535,False,False,0.0
0804-XBFBV,1,3,1,16,1,11,25.2,321.05,0,57,5916,False,True,0.0
2676-OXPPQ,2,1,113,16,1,6,55.7,335.65,0,45,2482,False,True,0.0
3703-TTEPD,1,1,107,16,1,21,65.35,1424.4,0,45,2887,False,True,0.0
2799-TSLAG,6,1,322,16,1,65,25.3,1748.55,0,51,4533,False,False,0.0
2208-NKVVH,5,4,322,16,1,43,24.25,1077.95,0,51,4432,False,False,0.0
7139-JZFVG,5,1,121,16,1,60,60.5,3694.45,0,43,6026,False,False,0.0
4987-GQWPO,1,2,1,16,1,17,25.1,382.8,0,33,4580,False,True,0.0
1757-TCATG,3,1,193,16,1,35,20.05,746.75,0,49,3942,False,False,0.0
4776-XSKYQ,3,2,5,16,1,12,30.25,368.85,0,64,5988,False,False,0.0
8048-DSDFQ,1,4,193,16,1,1,20.2,20.2,0,42,4496,False,True,0.0
5753-QQWPW,4,3,117,16,1,28,59.9,1654.7,0,69,4131,False,False,0.0
6010-DDPPW,5,1,322,16,1,70,25.15,1940.85,0,30,4279,False,False,0.0
6693-FRIRW,1,2,156,16,1,18,101.3,1794.65,0,80,5948,False,True,0.0
6586-MYGKD,6,2,233,16,1,70,76.95,5289.8,0,47,6280,False,False,0.0
3173-NVMPX,2,4,210,16,1,9,55.3,501.2,0,80,4291,False,True,0.0
0248-PGHBZ,6,1,183,16,1,67,92.45,6140.85,0,80,5857,False,False,0.0
0623-GDISB,2,1,97,16,1,1,48.45,48.45,0,27,5838,False,True,0.0
2892-GESUL,5,4,193,16,1,18,19.35,309.25,0,36,2269,False,False,0.0
7472-EQOAV,4,1,185,16,1,71,86.7,6179.35,0,44,4485,False,False,0.0
2043-WVTQJ,1,4,105,16,1,1,55.7,55.7,0,36,5664,False,True,0.0
8034-RYTVV,4,2,298,16,1,55,84.25,4589.85,0,30,5735,False,False,0.0
3863-QSTYI,2,3,79,16,1,59,64.65,3735.45,0,38,5687,False,True,0.0
5044-LRQAQ,2,1,129,16,1,7,69.2,477.55,0,73,2551,False,True,0.0
1716-LSAMB,5,1,101,16,1,45,54.65,2553.7,0,39,5083,False,False,0.0
1333-PBMXB,4,1,322,16,1,54,24.75,1342.15,0,70,6466,False,False,0.0
6546-OPBBH,4,4,322,16,1,51,23.95,1216.35,0,26,5895,False,False,0.0
5985-BEHZK,3,2,285,16,1,72,105.0,7578.05,0,56,6423,False,False,0.0
9127-QRZMH,4,1,117,16,1,44,59.85,2603.95,0,35,5981,False,False,0.0
5919-VCZYM,1,4,193,16,1,2,20.05,42.7,0,58,4394,False,True,0.0
9644-KVCNC,4,1,268,16,1,66,92.15,6056.9,0,77,4928,False,False,0.0
2137-DQMEV,3,4,51,16,1,68,44.8,2983.65,0,68,4112,False,False,0.0
8174-LNWMW,5,2,193,16,1,31,20.9,689.35,0,46,5581,False,False,0.0
9279-CJEOJ,2,1,261,16,1,21,95.4,2025.1,0,47,5691,False,True,0.0
7964-VEXDG,1,3,290,16,1,21,80.35,1747.2,0,62,4579,False,True,0.0
2404-JIBFC,6,1,241,16,1,55,85.1,4657.95,0,67,5661,False,False,0.0
8029-XYPWT,6,1,321,16,1,71,115.05,8016.6,0,53,4438,False,False,0.0
4632-PAOYU,3,4,193,16,1,22,19.95,433.5,0,61,2233,False,False,0.0
2990-OGYTD,5,1,225,16,1,67,86.15,5883.85,0,31,5037,False,False,0.0
6646-JPPHA,1,3,177,16,1,14,78.85,1043.8,0,44,5327,False,True,0.0
7658-UYUQS,1,1,139,16,1,21,86.55,1857.25,0,67,5318,False,True,0.0
7880-XSOJX,1,4,53,16,1,4,42.4,146.4,0,74,4282,False,True,0.0
4589-IUAJB,5,1,322,16,1,70,24.25,1724.15,0,75,4118,False,False,0.0
8746-BFOAJ,3,1,193,16,1,21,20.5,429.55,0,62,5766,False,False,0.0
8457-XIGKN,2,2,193,16,1,20,19.6,356.15,0,27,5909,False,True,0.0
6072-NUQCB,3,1,193,16,1,22,20.25,488.25,0,51,3339,False,False,0.0
8838-GPHZP,6,4,193,16,1,63,20.6,1298.7,0,23,6469,False,False,0.0
8750-QWZAJ,5,1,193,16,1,70,19.8,1378.75,0,22,5169,False,False,0.0
6918-UMQCG,1,3,131,16,1,5,80.2,384.25,0,46,3391,False,True,0.0
0675-NCDYU,6,2,321,16,1,72,116.4,8543.25,0,74,6491,False,False,0.0
6339-DKLMK,2,3,17,16,1,13,31.65,389.95,0,49,4959,False,True,0.0
1346-PJWTK,1,2,158,16,1,61,94.15,5731.85,0,70,4806,False,True,0.0
5088-QZLRL,1,3,193,16,1,1,20.65,20.65,0,56,2729,False,True,0.0
8023-QHAIO,2,1,262,16,1,56,76.85,4275.75,0,66,6035,False,True,0.0
4397-FRLTA,1,4,193,16,1,4,20.15,84.5,0,75,5535,False,True,0.0
3057-VJJQE,5,4,226,16,1,35,55.25,1924.1,0,24,5498,False,False,0.0
2302-OUZXB,5,1,221,16,1,72,82.15,5784.3,0,70,4552,False,False,0.0
8133-ANHHJ,3,1,319,16,1,49,103.0,5166.2,0,75,5023,False,False,0.0
2270-CHBFN,2,2,318,16,1,44,95.1,4060.55,0,20,2221,False,True,0.0
5982-FPVQN,2,3,283,16,1,37,95.15,3532.85,0,22,3407,False,True,0.0
9107-UKCKY,4,3,221,16,1,61,79.8,4914.8,0,24,6432,False,False,0.0
4654-ULTTN,6,2,239,16,1,70,74.8,5315.8,0,60,6447,False,False,0.0
5546-BYZSM,1,3,193,16,1,41,20.45,775.6,0,80,2839,False,True,0.0
1492-KGETH,3,1,255,16,1,70,78.35,5445.95,0,42,4422,False,False,0.0
4163-HFTUK,3,3,193,16,1,51,19.1,1007.8,0,78,4120,False,False,0.0
8215-NGSPE,5,4,193,16,1,42,20.0,833.55,0,46,3413,False,False,0.0
8859-YSTWS,3,1,193,16,1,48,19.95,1004.5,0,44,4254,False,False,0.0
7601-DHFWZ,5,2,322,16,1,48,24.0,1183.05,0,66,3948,False,False,0.0
1998-VHJHK,3,4,193,16,1,27,19.15,501.35,0,38,5606,False,False,0.0
1707-HABPF,4,1,155,16,1,46,91.3,4126.35,0,43,3191,False,False,0.0
0487-VVUVK,2,4,193,16,1,25,19.15,477.6,0,57,3829,False,True,0.0
5063-IUOKK,5,4,193,16,1,13,19.75,265.75,0,41,2016,False,False,0.0
4508-OEBEY,4,2,126,16,1,31,75.5,2424.45,0,61,5611,False,False,0.0
0027-KWYKW,2,3,260,16,1,23,83.75,1849.95,0,78,3585,False,True,0.0
2308-STERM,1,4,193,16,1,2,19.4,61.05,0,63,5816,False,True,0.0
5982-XMDEX,5,1,322,16,1,65,26.5,1698.55,0,46,4404,False,False,0.0
6051-PTVNS,3,2,193,16,1,55,19.15,998.1,0,29,5390,False,False,0.0
2877-VDUER,3,4,7,16,1,35,40.9,1383.6,0,78,5691,False,False,0.0
9152-AMKAK,6,4,112,16,1,6,80.25,493.4,0,26,2706,False,False,0.0
9432-VOFYX,2,3,129,16,1,17,70.8,1207.0,0,56,5420,False,True,0.0
8049-WJCLQ,1,4,75,16,1,10,60.2,563.5,0,52,5318,False,True,0.0
6586-PSJOX,3,2,77,16,1,15,55.2,864.55,0,73,3608,False,False,0.0
9705-ZJBCG,3,1,101,16,1,13,54.15,701.05,0,43,4977,False,False,0.0
6847-KJLTS,2,1,265,16,1,58,100.4,5749.8,0,64,4005,False,True,0.0
9670-BPNXF,4,2,117,16,1,45,62.55,2796.45,0,80,2935,False,False,0.0
3913-FCUUW,6,1,254,16,1,72,70.45,5165.7,0,48,4463,False,False,0.0
3301-VKTGC,4,1,306,16,1,68,85.5,5696.6,0,48,4380,False,False,0.0
9555-SAHUZ,1,3,113,16,1,38,54.5,2076.05,0,23,5499,False,True,0.0
0816-TSPHQ,1,4,193,16,1,2,20.75,44.2,0,79,3976,False,True,0.0
9932-WBWIK,1,4,193,16,1,11,20.35,215.25,0,46,5597,False,True,0.0
4619-EVPHY,4,1,132,16,1,20,91.0,1859.5,0,57,3748,False,False,0.0
5286-YHCVC,6,1,285,16,1,72,104.8,7470.1,0,21,4165,False,False,0.0
9115-YQHGA,2,3,69,16,1,40,51.1,2092.9,0,67,3355,False,True,0.0
4462-CYWMH,2,1,275,16,1,62,89.8,5629.55,0,67,4981,False,True,0.0
8963-MQVYN,2,3,193,16,1,22,20.55,469.85,0,44,3169,False,True,0.0
2458-EOMRE,1,1,106,16,1,11,64.05,733.95,0,24,4171,False,True,0.0
9334-GWGOW,2,3,258,16,1,7,74.85,485.25,0,44,2259,False,True,0.0
6542-LWGXJ,1,4,1,16,1,3,25.0,78.25,0,70,2730,False,True,0.0
5567-GZKQY,5,2,193,16,1,58,20.3,1131.5,0,20,4335,False,False,0.0
1222-LRYKO,1,4,322,16,1,6,26.35,184.05,0,22,2189,False,True,0.0
2087-QAREY,2,4,89,16,1,22,54.7,1178.75,0,53,5722,False,True,0.0
4423-JWZJN,3,2,267,16,1,64,90.25,5629.15,0,53,4799,False,False,0.0
6490-FGZAT,1,4,193,16,1,6,20.65,109.3,0,79,3266,False,True,0.0
7452-FOLON,3,1,322,16,1,39,25.45,958.45,0,53,5986,False,False,0.0
2320-TZRRH,3,4,193,16,1,20,19.5,403.15,0,59,4700,False,False,0.0
4942-VZZOM,4,2,228,16,1,64,66.15,4392.5,0,25,4703,False,False,0.0
7502-BNYGS,2,2,84,16,1,46,69.1,3168.0,0,53,2333,False,True,0.0
4291-HYEBC,4,3,18,16,1,28,39.1,1096.6,0,59,2305,False,False,0.0
6147-CBCRA,1,4,193,16,1,33,20.05,669.45,0,22,5759,False,True,0.0
6047-SUHPR,3,3,121,16,1,39,59.8,2343.85,0,58,3093,False,False,0.0
9752-ZNQUT,2,3,81,16,1,1,48.6,48.6,0,24,3704,False,True,0.0
1576-PFZIW,5,2,188,16,1,70,105.35,7511.9,0,34,5866,False,False,0.0
5666-MBJPT,6,1,322,16,1,65,25.1,1725.0,0,46,5449,False,False,0.0
7312-XSBAT,1,3,97,16,1,1,49.75,49.75,0,79,2908,False,True,0.0
3096-GKWEB,2,3,261,16,1,18,94.75,1691.9,0,40,4477,False,True,0.0
2371-JQHZZ,2,3,261,16,1,24,93.0,2248.05,0,29,5886,False,True,0.0
0674-GCDXG,6,1,239,16,1,63,71.9,4479.2,0,38,5816,False,False,0.0
1121-QSIVB,4,4,213,16,1,44,77.55,3471.1,0,43,5044,False,False,0.0
4396-KLSEH,2,3,193,16,1,4,19.85,63.0,0,71,5918,False,True,0.0
2824-MYYBN,2,3,261,16,1,37,95.25,3314.15,0,29,2969,False,True,0.0
6345-HOVES,2,1,1,16,1,34,25.05,852.7,0,29,3800,False,True,0.0
8318-LCNBW,3,2,44,16,1,35,53.15,1930.9,0,43,5638,False,False,0.0
6469-QJKZW,1,3,193,16,1,4,20.15,91.4,0,26,2198,False,True,0.0
0147-ESWWR,2,3,265,16,1,39,101.25,3949.15,0,77,3172,False,True,0.0
1217-VASWC,4,1,156,16,1,43,100.55,4304.0,0,65,4499,False,False,0.0
6370-ZVHDV,5,1,322,16,1,61,25.3,1554.9,0,71,4501,False,False,0.0
5915-DGNVC,3,3,251,16,1,49,71.8,3472.05,0,79,6193,False,False,0.0
6260-XLACS,3,4,193,16,1,4,19.7,117.8,0,43,5018,False,False,0.0
3566-CAAYU,5,3,30,16,1,64,49.85,3210.35,0,56,5644,False,False,0.0
4983-CCWMC,2,4,129,16,1,3,69.6,207.4,0,39,5487,False,True,0.0
9103-CXVOK,1,3,193,16,1,1,19.75,19.75,0,27,3068,False,True,0.0
2896-TBNBE,3,3,153,16,1,40,80.8,3132.75,0,26,3387,False,False,0.0
2522-WLNSF,3,1,79,16,1,34,64.2,2106.3,0,34,2225,False,False,0.0
3841-CONLJ,1,3,2,16,1,1,35.0,35.0,0,54,4099,False,True,0.0
4475-NVTLU,5,3,193,16,1,45,19.2,903.7,0,24,3451,False,False,0.0
9386-LDCZR,4,2,189,16,1,43,90.65,3882.3,0,27,2496,False,False,0.0
9585-KKMFD,6,4,193,16,1,41,20.0,879.8,0,60,5743,False,False,0.0
5399-ZIMKF,2,3,145,16,1,5,74.65,383.65,0,34,3319,False,True,0.0
0336-KXKFK,6,2,48,16,1,72,61.2,4390.25,0,38,4085,False,False,0.0
5619-XZZKR,3,4,193,16,1,4,19.95,68.2,0,35,2195,False,False,0.0
3948-FVVRP,1,4,85,16,1,9,54.8,452.8,0,73,2848,False,True,0.0
5327-XOKKY,6,2,205,16,1,72,73.45,5329.0,0,29,5540,False,False,0.0
0983-TATYJ,4,4,69,16,1,33,51.45,1758.9,0,59,4935,False,False,0.0
1813-JYWTO,5,1,290,16,1,72,80.45,5737.6,0,62,4202,False,False,0.0
6719-OXYBR,1,3,139,16,1,15,85.3,1219.85,0,51,5559,False,True,0.0
3312-ZWLGF,2,3,262,16,1,29,79.3,2414.55,0,21,3172,False,True,0.0
6476-YHMGA,1,1,96,16,1,15,76.5,1155.6,0,76,3851,False,True,0.0
0795-XCCTE,5,1,322,16,1,72,25.4,1809.35,0,51,6141,False,False,0.0
0168-XZKBB,2,3,260,16,1,19,86.85,1564.4,0,64,5072,False,True,0.0
3785-NRHYR,1,4,193,16,1,1,19.65,19.65,0,31,3192,False,True,0.0
4537-DKTAL,1,3,65,16,1,2,45.55,84.4,0,70,4372,False,True,0.0
7072-MBHEV,2,2,266,16,1,11,78.1,864.85,0,50,2333,False,True,0.0
5602-BVFMK,3,4,193,16,1,12,19.3,228.75,0,77,2868,False,False,0.0
6297-NOOPG,6,3,289,16,1,70,110.5,7752.05,0,64,5979,False,False,0.0
8204-TIFGJ,2,1,193,16,1,23,20.3,470.6,0,43,3630,False,True,0.0
8050-DVOJX,5,2,255,16,1,49,81.35,4060.9,0,69,4537,False,False,0.0
8903-XEBGX,2,3,66,16,1,2,55.3,108.65,0,67,4594,False,True,0.0
8169-SAEJD,5,2,52,16,1,69,56.55,3952.65,0,28,4162,False,False,0.0
1089-XZWHH,6,4,193,16,1,24,19.7,494.05,0,31,3594,False,False,0.0
2325-WINES,4,2,285,16,1,32,104.05,3416.85,0,60,2335,False,False,0.0
6064-ZATLR,5,1,113,16,1,27,52.85,1498.65,0,23,2842,False,False,0.0
7824-PANSQ,1,1,262,16,1,58,80.65,4807.35,0,33,6043,False,True,0.0
9648-BCHKM,6,2,322,16,1,18,24.65,471.35,0,78,5231,False,False,0.0
2888-ADFAO,6,1,193,16,1,47,21.3,1041.8,0,30,2861,False,False,0.0
8707-HOEDG,6,3,289,16,1,70,110.2,7689.8,0,53,4098,False,False,0.0
4072-IPYLT,1,2,97,16,1,36,51.05,1815.0,0,56,2161,False,True,0.0
7167-PCEYD,6,4,193,16,1,67,19.8,1311.3,0,75,4260,False,False,0.0
4936-YPJNK,2,4,193,16,1,10,19.9,199.45,0,65,5811,False,True,0.0
1580-BMCMR,2,3,162,16,1,19,87.3,1637.3,0,70,4447,False,True,0.0
4817-KEQSP,5,1,193,16,1,71,19.85,1326.35,0,54,6342,False,False,0.0
6408-WHTEF,6,4,257,16,1,72,89.4,6376.55,0,52,6044,False,False,0.0
9251-AWQGT,5,4,193,16,1,48,20.0,935.9,0,50,2608,False,False,0.0
8749-CLJXC,1,4,193,16,1,1,20.05,20.05,0,79,2067,False,True,0.0
7989-VCQOH,1,3,112,16,1,18,83.25,1611.15,0,43,2065,False,True,0.0
4199-QHJNM,5,1,281,16,1,67,102.9,6989.7,0,52,5869,False,False,0.0
8882-TLVRW,5,4,45,16,1,69,39.1,2779.5,0,53,5987,False,False,0.0
5135-GRQJV,6,4,321,16,1,72,114.5,8331.95,0,47,6051,False,False,0.0
2384-OVPSA,5,4,193,16,1,38,20.2,735.9,0,71,4947,False,False,0.0
1371-WEPDS,3,3,66,16,1,40,55.8,2283.3,0,78,3587,False,False,0.0
3580-GICBM,6,4,322,16,1,61,24.2,1445.2,0,51,6201,False,False,0.0
9730-DRTMJ,4,2,232,16,1,32,72.8,2333.05,0,78,3278,False,False,0.0
4686-UXDML,2,2,277,16,1,21,99.85,1992.55,0,74,2113,False,True,0.0
3349-ANQNH,4,3,269,16,1,59,99.5,5890.0,0,50,5513,False,False,0.0
0932-YIXYU,5,2,193,16,1,47,20.25,1029.8,0,64,5134,False,False,0.0
7480-SPLEF,6,1,322,16,1,69,26.0,1796.55,0,22,4933,False,False,0.0
7636-XUHWW,2,2,193,16,1,2,19.9,33.7,0,58,5824,False,True,0.0
1431-CYWMH,1,1,193,16,1,22,19.05,454.05,0,30,4312,False,True,0.0
5937-EORGB,2,3,300,16,1,15,96.5,1392.25,0,61,2394,False,True,0.0
6349-JDHQP,5,2,193,16,1,53,19.85,1049.6,0,36,6338,False,False,0.0
5539-HIVAK,1,4,322,16,1,28,25.7,734.6,0,80,3136,False,True,0.0
5847-MXBEO,3,4,193,16,1,22,20.3,475.1,0,50,4510,False,False,0.0
4583-PARNH,2,3,142,16,1,16,91.55,1540.05,0,46,4045,False,True,0.0
1116-FRYVH,5,4,53,16,1,48,39.4,1978.65,0,26,5701,False,False,0.0
1421-HCERK,2,1,320,16,1,30,105.7,3181.8,0,54,2455,False,True,0.0
9633-XQABV,2,3,129,16,1,3,70.25,229.7,0,46,2156,False,True,0.0
0716-BQNDX,5,3,295,16,1,57,93.75,5625.55,0,75,4276,False,False,0.0
1183-CANVH,3,1,71,16,1,23,60.0,1347.15,0,54,3835,False,False,0.0
1972-XMUWV,6,2,71,16,1,65,59.8,3808.2,0,37,6034,False,False,0.0
8679-LZBMD,4,1,132,16,1,44,90.65,3974.15,0,26,3786,False,False,0.0
3407-JMJQQ,6,1,317,16,1,71,109.0,7661.8,0,35,4204,False,False,0.0
6252-DFGTK,3,2,238,16,1,37,68.1,2479.25,0,60,2873,False,False,0.0
1539-LNKHM,1,4,193,16,1,12,20.4,266.6,0,60,4497,False,True,0.0
8645-KOMJQ,6,1,225,16,1,69,81.95,5601.4,0,59,6182,False,False,0.0
0289-IVARM,1,3,121,16,1,35,60.55,1982.6,0,34,3463,False,True,0.0
9761-XUJWD,2,1,86,16,1,5,65.6,339.9,0,65,5636,False,True,0.0
4057-FKCZK,5,1,260,16,1,58,82.5,4828.05,0,25,4348,False,False,0.0
4291-TPNFG,6,1,255,16,1,72,82.3,5980.55,0,76,5219,False,False,0.0
6087-YPWHO,5,4,254,16,1,72,68.15,4808.7,0,34,4613,False,False,0.0
3090-QFUVD,1,2,193,16,1,1,20.3,20.3,0,31,2507,False,True,0.0
1722-LDZJS,3,2,193,16,1,53,20.2,1068.15,0,22,6050,False,False,0.0
1818-ESQMW,2,3,142,16,1,27,89.2,2383.6,0,54,4384,False,True,0.0
7401-RUBNK,1,3,161,16,1,18,74.8,1438.05,0,39,4809,False,True,0.0
0506-YLVKJ,6,4,193,16,1,46,20.2,917.45,0,35,3136,False,False,0.0
8661-BOYNW,6,2,241,16,1,72,84.4,6096.45,0,44,5046,False,False,0.0
4815-GBTCD,2,3,1,16,1,4,25.15,99.95,0,31,3891,False,True,0.0
2805-AUFQN,5,2,193,16,1,25,19.8,475.2,0,20,3875,False,False,0.0
0980-PVMRC,2,3,20,16,1,40,50.85,2036.55,0,35,2819,False,True,0.0
7233-DRTRF,2,3,285,16,1,63,102.4,6444.05,0,43,5096,False,True,0.0
3873-NFTGI,2,2,210,16,1,14,55.5,767.55,0,68,3520,False,True,0.0
1162-ECVII,6,1,289,16,1,72,109.75,7932.5,0,53,4265,False,False,0.0
7048-GXDAY,2,3,309,16,1,39,106.4,4040.65,0,66,4111,False,True,0.0
8571-ZCMCX,6,2,60,16,1,47,60.0,2768.65,0,48,3248,False,False,0.0
1169-WCVAK,2,2,310,16,1,19,88.8,1672.35,0,63,4600,False,True,0.0
7129-CAKJW,1,1,266,16,1,17,80.05,1345.65,0,27,3443,False,True,0.0
8695-ARGXZ,2,3,258,16,1,34,75.55,2425.4,0,22,5381,False,True,0.0
3570-YUEKJ,2,3,81,16,1,42,49.55,2077.95,0,43,3637,False,True,0.0
1555-HAPSU,5,2,322,16,1,71,23.9,1663.5,0,59,5471,False,False,0.0
1697-NVVGY,1,1,107,16,1,19,66.4,1286.05,0,22,4533,False,True,0.0
8464-EETCQ,5,2,193,16,1,57,18.8,1094.35,0,58,6466,False,False,0.0
2419-FSORS,6,3,289,16,1,72,108.4,7719.5,0,33,4394,False,False,0.0
8132-YPVBX,2,4,146,16,1,6,85.95,514.6,0,80,3291,False,True,0.0
6754-LZUKA,5,1,221,16,1,61,80.9,4932.5,0,64,4161,False,False,0.0
8099-MZPUJ,5,2,321,16,1,48,111.8,5443.65,0,57,3922,False,False,0.0
0787-LHDYT,2,2,193,16,1,16,20.6,330.25,0,64,5667,False,True,0.0
0374-IOEGQ,1,3,65,16,1,3,44.6,122.7,0,74,3122,False,True,0.0
3197-NNYNB,5,2,285,16,1,65,105.1,6631.85,0,28,5649,False,False,0.0
3396-DKDEL,6,2,321,16,1,70,115.15,8250.0,0,80,4388,False,False,0.0
1752-OZXFY,4,4,99,16,1,60,59.8,3561.15,0,63,5488,False,False,0.0
9066-QRSDU,4,3,322,16,1,69,26.3,1763.55,0,25,5418,False,False,0.0
9112-WSNPU,1,3,129,16,1,35,70.55,2419.0,0,45,5873,False,True,0.0
9867-NNXLC,2,4,193,16,1,22,20.05,470.2,0,44,5555,False,True,0.0
5321-NTRKC,5,1,221,16,1,66,79.85,5234.95,0,56,6236,False,False,0.0
3161-GETRM,2,2,267,16,1,34,90.05,3097.0,0,59,4648,False,True,0.0
0402-OAMEN,5,1,322,16,1,72,24.45,1709.1,0,64,5335,False,False,0.0
6933-VLYFX,3,3,48,16,1,31,59.95,1848.8,0,37,4337,False,False,0.0
6754-WKSHP,3,1,322,16,1,30,25.35,723.3,0,47,5915,False,False,0.0
4976-LNFVV,2,2,25,16,1,19,34.3,577.15,0,20,4615,False,True,0.0
5055-MGMGF,2,3,301,16,1,65,105.05,6914.95,0,53,5313,False,True,0.0
4641-FROLU,5,4,193,16,1,30,19.3,602.9,0,30,4453,False,False,0.0
2862-JVEOY,3,4,193,16,1,6,19.15,124.4,0,41,5322,False,False,0.0
2969-QWUBZ,1,3,20,16,1,2,51.4,96.8,0,58,2580,False,True,0.0
9822-BIIGN,1,3,231,16,1,53,71.85,3827.9,0,52,4903,False,True,0.0
2077-MPJQO,2,3,258,16,1,7,75.4,533.05,0,41,3533,False,True,0.0
1534-OULXE,4,1,97,16,1,61,49.7,2961.4,0,46,4577,False,False,0.0
2971-SGAFL,2,3,237,16,1,13,78.75,995.35,0,79,5631,False,True,0.0
1480-IVEVR,4,1,266,16,1,35,81.6,2815.25,0,60,2300,False,False,0.0
2905-KFQUV,2,2,129,16,1,2,70.4,154.8,0,39,5748,False,True,0.0
3370-HXOPH,1,3,258,16,1,3,76.1,257.6,0,25,2650,False,True,0.0
9391-YZEJW,4,1,261,16,1,62,94.0,5757.2,0,25,4778,False,False,0.0
9958-MEKUC,5,2,319,16,1,72,103.95,7517.7,0,26,4495,False,False,0.0
0281-CNTZX,6,1,193,16,1,63,19.95,1234.8,0,74,5151,False,False,0.0
4118-CEVPF,4,1,321,16,1,35,110.8,3836.3,0,35,2125,False,False,0.0
9114-VEPUF,3,3,307,16,1,62,96.1,6001.45,0,61,6139,False,False,0.0
7876-BEUTG,2,4,194,16,1,15,48.8,720.1,0,57,2577,False,True,0.0
2338-BQEZT,2,2,97,16,1,55,50.55,2832.75,0,44,6250,False,True,0.0
9873-MNDKV,2,4,65,16,1,11,44.65,472.25,0,64,4492,False,True,0.0
8241-JUIQO,3,1,193,16,1,61,19.45,1336.35,0,26,4559,False,False,0.0
2194-IIQOF,5,2,257,16,1,71,89.3,6388.65,0,30,4658,False,False,0.0
9631-RXVJM,5,4,193,16,1,35,19.25,677.9,0,77,2682,False,False,0.0
9584-EXCDZ,1,1,129,16,1,17,70.5,1165.6,0,53,3650,False,True,0.0
5093-FEGLU,5,1,193,16,1,47,19.65,921.55,0,28,4159,False,False,0.0
2621-UDNLU,1,4,193,16,1,3,20.85,72.0,0,56,5867,False,True,0.0
7526-IVLYU,2,4,193,16,1,3,19.65,68.35,0,55,4852,False,True,0.0
2428-HYUNX,6,2,193,16,1,44,19.35,847.25,0,42,4975,False,False,0.0
9214-EKVXR,2,4,65,16,1,1,44.0,44.0,0,75,4138,False,True,0.0
3410-MHHUM,3,3,283,16,1,44,94.4,4295.35,0,73,5019,False,False,0.0
2122-YWVYA,2,3,161,16,1,18,75.4,1380.4,0,53,4792,False,True,0.0
2296-DKZFP,5,1,122,16,1,65,71.0,4386.2,0,32,6308,False,False,0.0
8909-BOLNL,3,4,193,16,1,3,21.2,52.05,0,29,2088,False,False,0.0
6603-YRDCJ,6,4,117,16,1,33,61.05,2018.4,0,21,3215,False,False,0.0
3229-USWAR,4,1,112,16,1,34,79.95,2727.3,0,26,3570,False,False,0.0
2138-VFAPZ,6,4,193,16,1,14,19.7,263.65,0,68,2966,False,False,0.0
6131-JLWZM,2,4,193,16,1,13,20.3,275.4,0,45,5332,False,True,0.0
0269-XFESX,3,4,322,16,1,23,24.35,538.5,0,30,4031,False,False,0.0
1709-EJDOX,5,4,193,16,1,47,19.75,948.9,0,34,3843,False,False,0.0
4316-XCSLJ,2,4,97,16,1,17,50.3,846.8,0,33,3202,False,True,0.0
9693-XMUOB,2,3,20,16,1,59,50.25,2997.45,0,27,5546,False,True,0.0
0383-CLDDA,6,2,241,16,1,69,85.35,5897.4,0,37,6499,False,False,0.0
2709-UQGNP,2,4,97,16,1,10,51.65,524.5,0,45,4292,False,True,0.0
3549-ZTMNH,6,1,322,16,1,12,24.0,269.65,0,69,3705,False,False,0.0
8033-ATFAS,2,4,75,16,1,39,59.85,2341.5,0,47,3900,False,True,0.0
1635-NZATJ,5,2,322,16,1,71,25.45,1789.65,0,26,5341,False,False,0.0
0562-HKHML,5,2,322,16,1,71,23.9,1626.4,0,71,5574,False,False,0.0
8277-RVRSV,3,2,322,16,1,33,24.15,800.3,0,73,4501,False,False,0.0
9943-VSZUV,2,4,258,16,1,67,75.7,5060.85,0,30,5823,False,True,0.0
7054-ENNGU,1,4,81,16,1,9,50.85,466.6,0,26,4623,False,True,0.0
1455-HFBXA,6,2,302,16,1,52,91.6,4627.8,0,62,6069,False,False,0.0
9402-CXWPL,3,3,277,16,1,70,98.9,6838.6,0,20,5980,False,False,0.0
1628-BIZYP,2,3,146,16,1,1,85.0,85.0,0,46,5754,False,True,0.0
0082-LDZUE,2,4,65,16,1,1,44.3,44.3,0,57,4427,False,True,0.0
5343-SGUBI,4,4,274,16,1,52,80.2,4297.6,0,51,5597,False,False,0.0
0856-NAOES,1,4,75,16,1,6,60.9,414.1,0,80,2191,False,True,0.0
1976-AZZPJ,1,4,49,16,1,7,34.2,256.6,0,32,5100,False,True,0.0
6156-UZDLF,4,2,173,16,1,26,87.15,2274.1,0,77,5689,False,False,0.0
3099-OONVS,1,3,101,16,1,25,54.3,1296.8,0,63,3971,False,True,0.0
9500-WBGRP,6,4,193,16,1,69,19.1,1268.85,0,31,4535,False,False,0.0
5183-KLYEM,6,2,321,16,1,72,112.75,8192.6,0,60,4927,False,False,0.0
5144-PQCDZ,2,4,193,16,1,4,19.95,59.25,0,64,3172,False,True,0.0
8514-VZHEB,5,4,193,16,1,59,19.5,1147.85,0,50,5293,False,False,0.0
6625-IUTTT,5,1,106,16,1,67,65.55,4361.55,0,54,6035,False,False,0.0
9355-NPPFS,2,3,130,16,1,26,78.8,2006.1,0,37,4509,False,True,0.0
0068-FIGTF,3,4,96,16,1,27,78.2,2078.95,0,54,2297,False,False,0.0
5965-GGPRW,5,1,301,16,1,72,105.25,7609.75,0,78,4427,False,False,0.0
8035-PWSEV,2,3,142,16,1,6,89.25,487.05,0,76,4430,False,True,0.0
2236-HILPA,5,2,193,16,1,62,20.65,1218.45,0,40,6403,False,False,0.0
1840-BIUOG,4,3,216,16,1,20,68.7,1416.2,0,73,2989,False,False,0.0
1356-MKYSK,1,2,112,16,1,6,78.65,483.3,0,68,2724,False,True,0.0
6080-LNESI,5,4,322,16,1,51,24.75,1234.6,0,46,5080,False,False,0.0
1830-IPXVJ,5,2,193,16,1,61,19.75,1311.6,0,22,6108,False,False,0.0
5828-DWPIL,2,3,314,16,1,62,89.1,5618.3,0,25,4415,False,True,0.0
8398-TBIYD,6,1,294,16,1,72,84.7,6185.15,0,78,4520,False,False,0.0
2931-FSOHN,2,3,83,16,1,13,59.9,788.35,0,58,5254,False,True,0.0
9418-RUKPH,6,4,193,16,1,38,19.95,756.4,0,75,3614,False,False,0.0
9971-ZWPBF,2,3,289,16,1,34,108.9,3625.2,0,24,5151,False,True,0.0
4712-AUQZO,1,4,41,16,1,18,33.6,550.35,0,21,5388,False,True,0.0
9711-FJTBX,4,4,157,16,1,56,85.85,4793.8,0,28,5058,False,False,0.0
2908-ZTPNF,2,1,21,16,1,36,34.85,1267.2,0,50,4452,False,True,0.0
8421-WZOOW,2,2,159,16,1,57,95.3,5567.45,0,23,4912,False,True,0.0
1414-YADCW,5,1,181,16,1,70,84.6,5706.2,0,39,5679,False,False,0.0
8756-RDDLT,1,3,22,16,1,68,44.95,3085.35,0,63,5750,False,True,0.0
2862-PFNIK,2,3,1,16,1,1,24.7,24.7,0,29,3518,False,True,0.0
5816-QVHRX,1,2,265,16,1,37,100.3,3541.4,0,44,4040,False,True,0.0
4430-YHXGG,2,4,322,16,1,4,25.45,84.2,0,77,2616,False,True,0.0
6888-SBYAI,2,4,97,16,1,1,50.7,50.7,0,30,3007,False,True,0.0
7395-XWZOY,2,2,63,16,1,20,55.0,1165.55,0,68,4481,False,True,0.0
7169-YWAMK,5,1,119,16,1,72,68.4,4855.35,0,79,5504,False,False,0.0
6859-RKMZJ,2,1,67,16,1,11,55.05,608.15,0,21,2762,False,True,0.0
2729-VNVAP,5,2,193,16,1,33,19.8,641.35,0,42,2635,False,False,0.0
2957-JIRMN,3,3,260,16,1,62,84.45,4959.15,0,60,4166,False,False,0.0
2049-BAFNW,1,4,13,16,1,1,35.9,35.9,0,55,3929,False,True,0.0
3842-QTGDL,1,1,177,16,1,16,80.75,1321.3,0,55,2942,False,True,0.0
7163-OCEQI,4,4,209,16,1,22,78.65,1663.75,0,67,3571,False,False,0.0
9782-LGXMC,1,1,109,16,1,49,61.75,3024.15,0,39,5511,False,True,0.0
5975-BAICR,4,2,106,16,1,36,63.7,2188.5,0,31,2504,False,False,0.0
4673-KKSLS,1,3,173,16,1,31,87.6,2724.25,0,48,5094,False,True,0.0
4853-OITSN,2,3,291,16,1,5,89.15,413.25,0,27,2576,False,True,0.0
9800-OUIGR,5,2,193,16,1,66,20.0,1374.2,0,74,5011,False,False,0.0
2324-EFHVG,6,1,285,16,1,64,104.4,6692.65,0,38,5617,False,False,0.0
7094-MSZAO,2,2,193,16,1,10,20.05,218.5,0,23,2049,False,True,0.0
6907-CQGPN,1,3,21,16,1,29,34.3,1004.75,0,65,2555,False,True,0.0
0780-XNZFN,5,1,193,16,1,57,20.65,1125.6,0,49,4193,False,False,0.0
0239-OXEXL,1,4,306,16,1,46,84.25,3847.6,0,49,3509,False,True,0.0
2675-IJRGJ,5,1,193,16,1,53,19.65,978.0,0,68,5878,False,False,0.0
7049-GKVZY,3,2,120,16,1,17,79.85,1387.35,0,42,5574,False,False,0.0
8577-QSOCG,6,4,193,16,1,38,20.2,746.05,0,63,2631,False,False,0.0
3721-CNZHX,3,4,193,16,1,15,19.8,304.6,0,28,5753,False,False,0.0
0212-ISBBF,2,3,20,16,1,22,50.35,1098.85,0,73,2875,False,True,0.0
3585-YNADK,3,1,224,16,1,57,74.6,4368.95,0,76,4546,False,False,0.0
5271-DBYSJ,2,2,130,16,1,11,79.15,827.7,0,20,3355,False,True,0.0
1099-GODLO,5,4,193,16,1,1,20.35,20.35,0,38,4836,False,False,0.0
6828-HMKWP,5,1,193,16,1,12,21.05,262.05,0,25,4843,False,False,0.0
1472-TNCWL,2,3,148,16,1,36,94.7,3512.5,0,76,4671,False,True,0.0
2080-GKCWQ,1,3,145,16,1,2,74.95,151.75,0,76,3969,False,True,0.0
2193-SFWQW,5,1,192,16,1,72,111.95,8033.1,0,25,4004,False,False,0.0
5656-JAMLX,5,1,193,16,1,62,19.85,1253.65,0,45,4278,False,False,0.0
3462-BJQQA,2,3,276,16,1,6,89.75,552.65,0,63,2370,False,True,0.0
0442-TDYUO,6,4,193,16,1,48,20.05,1036.0,0,28,2964,False,False,0.0
6733-LRIZX,6,3,305,16,1,35,108.95,4025.5,0,32,5903,False,False,0.0
9503-XJUME,3,2,193,16,1,52,19.65,928.4,0,34,4279,False,False,0.0
4367-NHWMM,2,4,1,16,1,1,24.9,24.9,0,61,5318,False,True,0.0
3779-OSWCF,5,2,257,16,1,71,93.2,6506.15,0,69,4493,False,False,0.0
6736-DHUQI,3,1,185,16,1,67,84.8,5598.3,0,66,6072,False,False,0.0
3915-ODIYG,4,3,243,16,1,60,71.75,4374.55,0,71,4964,False,False,0.0
1360-RCYRT,2,1,5,16,1,23,30.35,678.75,0,62,4960,False,True,0.0
2724-FJDYW,3,1,16,16,1,39,54.85,2191.7,0,72,3884,False,False,0.0
4451-RWASJ,4,4,193,16,1,15,19.5,239.75,0,59,5471,False,False,0.0
3460-TJBWI,5,4,322,16,1,24,24.2,609.05,0,46,5865,False,False,0.0
5917-HBSDW,1,3,193,16,1,37,19.35,683.75,0,31,2360,False,True,0.0
5671-UUNXD,4,3,265,16,1,50,100.65,5189.75,0,40,5791,False,False,0.0
0956-ACVZC,4,2,140,16,1,54,94.1,5060.9,0,70,4084,False,False,0.0
2325-NBPZG,2,3,161,16,1,3,74.55,233.65,0,58,5125,False,True,0.0
4482-FTFFX,1,3,77,16,1,5,56.15,291.45,0,78,5232,False,True,0.0
8859-DZTGQ,5,4,193,16,1,33,20.35,689.75,0,71,2507,False,False,0.0
0440-MOGPM,4,3,221,16,1,41,80.55,3263.9,0,29,4176,False,False,0.0
0020-JDNXP,3,4,48,16,1,34,61.25,1993.2,0,37,3607,False,False,0.0
3752-CQSJI,2,4,193,16,1,13,20.45,254.5,0,25,5417,False,True,0.0
5025-GOOKI,2,2,193,16,1,20,18.9,347.65,0,51,4277,False,True,0.0
4698-KVLLG,5,2,193,16,1,51,19.6,967.9,0,68,4224,False,False,0.0
2887-JPYLU,1,1,65,16,1,41,45.2,1841.9,0,42,4418,False,True,0.0
4770-QAZXN,1,2,193,16,1,13,19.45,232.1,0,54,2783,False,True,0.0
4896-CPRPF,5,1,322,16,1,35,25.45,809.25,0,36,4873,False,False,0.0
9714-EDSUC,2,4,182,16,1,4,94.9,360.55,0,22,3094,False,True,0.0
0282-NVSJS,2,4,5,16,1,12,29.3,355.9,0,75,3353,False,True,0.0
7353-YOWFP,3,4,193,16,1,7,20.25,129.15,0,54,4208,False,False,0.0
8008-ESFLK,3,3,192,16,1,53,110.5,5835.5,0,59,4135,False,False,0.0
7537-CBQUZ,2,1,317,16,1,63,109.4,7031.45,0,24,5961,False,True,0.0
3363-EWLGO,1,4,193,16,1,5,19.95,109.6,0,67,5252,False,True,0.0
4750-UKWJK,3,4,193,16,1,37,19.6,727.8,0,77,5730,False,False,0.0
1689-YQBYY,2,3,258,16,1,12,76.6,893.0,0,61,3280,False,True,0.0
4487-ZYJZK,3,2,193,16,1,38,19.6,763.1,0,53,4623,False,False,0.0
2959-FENLU,2,2,138,16,1,9,85.3,781.4,0,28,5850,False,True,0.0
0708-LGSMF,2,3,227,16,1,13,65.85,902.25,0,44,2731,False,True,0.0
7634-HLQJR,5,2,193,16,1,47,20.05,1016.7,0,35,3260,False,False,0.0
0487-RPVUM,1,1,304,16,1,61,99.4,5943.65,0,44,5404,False,True,0.0
4079-ULGFR,1,4,193,16,1,16,20.0,275.7,0,75,3705,False,True,0.0
2516-XSJKX,5,3,120,16,1,41,78.45,3126.45,0,27,5468,False,False,0.0
0057-QBUQH,6,3,322,16,1,43,25.1,1070.15,0,59,4797,False,False,0.0
6599-SFQVE,2,3,66,16,1,6,55.0,340.4,0,21,2629,False,True,0.0
8331-ZXFOE,4,2,254,16,1,58,71.1,4299.2,0,42,5395,False,False,0.0
4003-FUSHP,2,2,71,16,1,19,61.55,1093.2,0,60,5831,False,True,0.0
0356-ERHVT,2,1,65,16,1,11,45.9,521.9,0,41,3880,False,True,0.0
7325-ENZFI,4,1,53,16,1,39,40.3,1630.4,0,77,3424,False,False,0.0
4884-ZTHVF,2,3,147,16,1,8,87.1,713.6,0,65,3950,False,True,0.0
3920-HIHMQ,2,4,194,16,1,26,49.5,1265.65,0,38,4196,False,True,0.0
3055-OYMSE,2,2,145,16,1,53,73.8,4003.85,0,45,6469,False,True,0.0
0613-WUXUM,6,4,193,16,1,70,19.2,1401.4,0,53,5261,False,False,0.0
4458-KVRBJ,5,4,322,16,1,59,25.0,1510.5,0,69,5537,False,False,0.0
1397-XKKWR,3,4,41,16,1,7,35.3,264.8,0,39,3463,False,False,0.0
8097-OMULG,3,2,96,16,1,59,76.75,4541.9,0,24,5918,False,False,0.0
6013-BHCAW,6,1,209,16,1,61,81.0,4976.15,0,40,4151,False,False,0.0
0401-WDBXM,6,1,301,16,1,72,105.55,7542.25,0,62,4331,False,False,0.0
3387-PLKUI,1,4,193,16,1,13,18.8,251.25,0,71,2333,False,True,0.0
6096-EGVTU,3,4,322,16,1,64,24.9,1595.5,0,62,5038,False,False,0.0
5081-NWSUP,3,4,86,16,1,10,64.9,685.55,0,62,4883,False,False,0.0
2580-ATZSQ,3,1,121,16,1,65,61.35,3874.1,0,36,6354,False,False,0.0
8085-MSNLK,5,4,321,16,1,62,113.95,6891.4,0,71,6193,False,False,0.0
9691-HKOVS,4,3,257,16,1,55,90.15,4916.95,0,77,4712,False,False,0.0
9881-VCZEP,1,3,210,16,1,25,54.1,1373.0,0,64,5701,False,True,0.0
8757-TFHHJ,2,2,97,16,1,1,49.8,49.8,0,24,2978,False,True,0.0
1468-DEFNC,6,1,322,16,1,64,24.4,1548.65,0,68,4772,False,False,0.0
5119-KEPFY,2,1,261,16,1,36,95.0,3440.25,0,64,3057,False,True,0.0
0916-KNFAJ,6,4,235,16,1,61,69.9,4226.7,0,76,5117,False,False,0.0
8319-QBEHW,4,1,19,16,1,26,39.95,1023.75,0,74,2715,False,False,0.0
9625-QNLUX,6,2,188,16,1,68,103.25,7074.4,0,22,4751,False,False,0.0
4024-CSNBY,6,1,318,16,1,72,94.25,6849.75,0,51,6295,False,False,0.0
7110-BDTWG,6,3,14,16,1,71,47.05,3263.6,0,76,6302,False,False,0.0
7493-GVFIO,5,2,193,16,1,57,20.55,1252.85,0,48,4565,False,False,0.0
0690-SRQID,2,4,193,16,1,4,19.65,67.55,0,72,4925,False,True,0.0
9605-WGJVW,2,3,129,16,1,1,70.2,70.2,0,47,2422,False,True,0.0
9114-DPSIA,5,2,255,16,1,72,81.0,5750.0,0,77,4237,False,False,0.0
4700-UBQMV,4,1,229,16,1,21,75.9,1549.75,0,47,3503,False,False,0.0
7711-GQBZC,5,1,322,16,1,71,24.7,1810.55,0,45,5187,False,False,0.0
4627-MIHJH,5,2,305,16,1,69,110.25,7467.55,0,69,4948,False,False,0.0
9795-NREXC,6,2,241,16,1,64,85.0,5484.4,0,56,5472,False,False,0.0
8573-CGOCC,1,2,193,16,1,16,19.75,294.9,0,55,5433,False,True,0.0
7356-AYNJP,3,3,322,16,1,4,23.9,97.5,0,57,5685,False,False,0.0
6286-SUUWT,1,4,193,16,1,1,19.95,19.95,0,21,5916,False,True,0.0
4819-HJPIW,1,4,1,16,1,18,25.15,476.8,0,31,2675,False,True,0.0
8654-DHAOW,1,4,210,16,1,2,54.15,101.65,0,27,3527,False,True,0.0
5438-QMDDL,2,4,82,16,1,19,59.8,1130.85,0,32,3652,False,True,0.0
9812-GHVRI,1,1,259,16,1,40,83.85,3532.25,0,31,4294,False,True,0.0
5553-AOINX,4,3,285,16,1,66,104.9,6891.45,0,48,4892,False,False,0.0
1228-ZLNBX,1,4,258,16,1,21,75.3,1570.7,0,50,2847,False,True,0.0
4226-KKDON,2,3,87,16,1,8,66.65,520.95,0,60,3804,False,True,0.0
3831-YCPUO,6,2,192,16,1,72,109.5,7854.9,0,55,6419,False,False,0.0
7445-WMRBW,4,1,224,16,1,48,73.85,3581.4,0,29,4740,False,False,0.0
3308-DGHKL,6,1,193,16,1,69,19.3,1447.9,0,63,5028,False,False,0.0
9924-JPRMC,6,3,321,16,1,72,118.2,8547.15,0,55,4886,False,False,0.0
0080-EMYVY,3,2,81,16,1,14,51.45,727.85,0,57,4298,False,False,0.0
6218-KNUBD,1,3,83,16,1,6,59.45,357.6,0,54,2393,False,True,0.0
7337-CINUD,5,1,193,16,1,8,19.5,159.35,0,35,5206,False,False,0.0
7609-NRNCA,3,4,193,16,1,17,19.55,280.85,0,42,4947,False,False,0.0
0623-EJQEG,3,3,295,16,1,65,93.55,6069.25,0,76,5774,False,False,0.0
7153-CHRBV,4,4,109,16,1,57,59.3,3274.35,0,38,6287,False,False,0.0
6198-PNNSZ,3,1,317,16,1,56,109.8,6109.65,0,77,5648,False,False,0.0
3317-VLGQT,2,3,130,16,1,14,78.1,1122.4,0,68,3157,False,True,0.0
4132-POCZS,2,3,34,16,1,52,39.9,2020.9,0,54,6371,False,True,0.0
5614-DNZCE,6,2,125,16,1,58,64.9,3795.45,0,57,5040,False,False,0.0
3896-RCYYE,2,2,16,16,1,67,53.4,3579.15,0,37,5990,False,True,0.0
9638-JIQYA,2,2,1,16,1,2,24.9,49.7,0,41,4033,False,True,0.0
3258-SANFR,1,2,65,16,1,6,44.7,276.5,0,30,4270,False,True,0.0
3726-TBHQT,6,1,321,16,1,71,114.0,8175.9,0,23,5600,False,False,0.0
3190-ITQXP,5,1,193,16,1,46,20.25,890.35,0,58,3879,False,False,0.0
4833-QTJNO,1,1,306,16,1,67,83.85,5588.8,0,49,5261,False,True,0.0
3039-MJSLN,1,1,193,16,1,3,20.2,50.6,0,46,3594,False,True,0.0
0178-CIIKR,1,4,193,16,1,3,19.95,58.0,0,74,5949,False,True,0.0
5774-QPLTF,4,4,193,16,1,50,20.35,938.95,0,71,6391,False,False,0.0
2322-VCZHZ,2,3,178,16,1,23,90.0,2024.1,0,50,4999,False,True,0.0
5010-IPEAQ,5,2,63,16,1,67,54.2,3623.95,0,58,5261,False,False,0.0
6383-ZTSIW,3,4,180,16,1,39,99.1,3877.95,0,22,4599,False,False,0.0
8990-YOZLV,6,4,246,16,1,69,66.9,4577.9,0,68,5059,False,False,0.0
3069-SSVSN,3,4,1,16,1,1,25.85,25.85,0,55,4467,False,False,0.0
5222-IMUKT,1,3,132,16,1,32,91.05,2871.5,0,80,2716,False,True,0.0
6685-XSHHU,6,1,193,16,1,60,20.95,1270.55,0,51,4425,False,False,0.0
8901-UPRHR,6,1,289,16,1,72,109.2,7711.45,0,68,6130,False,False,0.0
0118-JPNOY,2,2,163,16,1,26,85.8,2193.65,0,46,5700,False,True,0.0
3845-FXCYS,2,3,193,16,1,2,19.65,31.2,0,26,4841,False,True,0.0
5857-XRECV,3,1,193,16,1,2,20.5,38.25,0,47,4486,False,False,0.0
0725-CXOTM,4,2,241,16,1,36,89.65,3348.1,0,68,4844,False,False,0.0
4343-EJVQB,1,4,161,16,1,7,74.35,533.6,0,51,2463,False,True,0.0
9000-PLFUZ,6,2,20,16,1,60,49.45,2907.55,0,61,4277,False,False,0.0
3427-GGZZI,2,3,275,16,1,19,89.1,1620.8,0,66,3624,False,True,0.0
7779-ORAEL,5,2,239,16,1,45,75.15,3480.35,0,52,5837,False,False,0.0
0644-OQMDK,2,3,129,16,1,4,70.65,293.85,0,34,4510,False,True,0.0
3154-CFSZG,1,3,170,16,1,47,90.05,4137.2,0,78,3291,False,True,0.0
2220-IAHLS,1,2,193,16,1,1,19.4,19.4,0,21,5566,False,True,0.0
1658-XUHBX,2,2,267,16,1,59,88.75,5348.65,0,21,6492,False,True,0.0
2378-HTWFW,1,2,291,16,1,35,91.0,3180.5,0,35,5527,False,True,0.0
4377-VDHYI,4,3,178,16,1,32,90.8,3023.85,0,80,2722,False,False,0.0
3719-TDVQB,6,4,193,16,1,54,18.95,1031.1,0,28,5548,False,False,0.0
0201-MIBOL,6,1,293,16,1,66,102.4,6471.85,0,69,4861,False,False,0.0
4937-QPZPO,4,3,269,16,1,61,99.9,6241.35,0,31,5641,False,False,0.0
2925-VDZHY,5,2,257,16,1,72,88.7,6501.35,0,46,4641,False,False,0.0
6981-TDRFT,4,3,16,16,1,44,54.3,2317.1,0,39,3423,False,False,0.0
3413-CSSTH,2,1,202,16,1,41,55.7,2237.55,0,26,5590,False,True,0.0
8033-VCZGH,4,3,301,16,1,50,103.95,5231.3,0,42,4363,False,False,0.0
0224-NIJLP,5,4,193,16,1,8,20.15,165.5,0,32,3899,False,False,0.0
7542-CYDDM,1,4,193,16,1,18,20.05,358.5,0,22,4204,False,True,0.0
4718-WXBGI,6,2,257,16,1,72,91.95,6614.9,0,30,4403,False,False,0.0
8495-PRWFH,1,3,202,16,1,42,55.65,2421.75,0,80,5831,False,True,0.0
0439-IFYUN,2,3,145,16,1,18,74.7,1294.6,0,62,3896,False,True,0.0
5716-LIBJC,4,2,285,16,1,13,104.15,1299.1,0,33,2810,False,False,0.0
2868-LLSKM,4,1,278,16,1,68,83.65,5733.4,0,43,5958,False,False,0.0
2988-QRAJY,6,2,317,16,1,69,110.05,7430.75,0,30,5798,False,False,0.0
0071-NDAFP,5,2,322,16,1,25,25.5,630.6,0,65,5230,False,False,0.0
7328-ZJAJO,5,2,193,16,1,59,19.5,1222.65,0,64,4579,False,False,0.0
6458-CYIDZ,1,3,177,16,1,5,80.7,374.8,0,51,3468,False,True,0.0
1090-PYKCI,4,2,320,16,1,69,105.1,7234.8,0,27,4686,False,False,0.0
3058-WQDRE,2,1,1,16,1,13,25.15,331.85,0,53,4943,False,True,0.0
2279-AXJJK,2,2,279,16,1,52,95.65,5088.4,0,45,4465,False,True,0.0
0909-SELIE,6,1,255,16,1,61,80.8,4860.85,0,72,4302,False,False,0.0
3417-TSCIC,4,4,1,16,1,29,24.85,788.05,0,49,4161,False,False,0.0
1042-HFUCW,4,2,85,16,1,25,54.75,1266.35,0,50,5136,False,False,0.0
6537-OTKMY,3,3,12,16,1,15,50.75,688.2,0,63,5091,False,False,0.0
8999-EXMNO,5,4,193,16,1,19,20.15,387.7,0,26,4246,False,False,0.0
6725-TPKJO,5,4,193,16,1,44,20.05,845.25,0,41,2798,False,False,0.0
7162-WPHPM,5,2,254,16,1,58,71.6,4230.25,0,49,4747,False,False,0.0
1599-MMYRQ,4,2,177,16,1,62,81.45,4983.05,0,66,5179,False,False,0.0
8821-KVZKQ,4,1,32,16,1,70,58.4,4113.15,0,43,4117,False,False,0.0
6434-TTGJP,5,2,62,16,1,10,53.7,521.0,0,48,5671,False,False,0.0
0042-JVWOJ,4,1,193,16,1,26,19.6,471.85,0,26,3722,False,False,0.0
0130-SXOUN,1,2,275,16,1,66,89.4,5976.9,0,49,4889,False,True,0.0
2330-PQGDQ,3,1,278,16,1,51,84.2,4299.75,0,33,4952,False,False,0.0
1452-UZOSF,6,2,320,16,1,72,106.1,7548.6,0,21,4890,False,False,0.0
2097-YVPKN,5,4,322,16,1,65,25.75,1654.75,0,73,5707,False,False,0.0
8597-CTXVJ,3,1,246,16,1,70,64.95,4551.5,0,65,5392,False,False,0.0
6631-HMANX,6,2,225,16,1,72,85.45,6227.5,0,53,5641,False,False,0.0
9962-BFPDU,1,4,193,16,1,1,20.05,20.05,0,52,5811,False,True,0.0
6394-HHHZM,1,4,193,16,1,3,20.7,57.5,0,23,2011,False,True,0.0
5995-LFTLE,6,2,322,16,1,58,25.3,1474.35,0,30,4477,False,False,0.0
1932-UEDCX,2,1,277,16,1,33,100.6,3270.25,0,55,3669,False,True,0.0
5188-HGMLP,1,1,258,16,1,54,74.0,3919.15,0,30,4991,False,True,0.0
0665-XHDJU,6,3,277,16,1,72,99.4,7285.7,0,51,6022,False,False,0.0
8265-HKSOW,5,2,319,16,1,72,107.45,7658.3,0,57,4505,False,False,0.0
3544-FBCAS,6,2,253,16,1,72,83.6,5959.3,0,67,4116,False,False,0.0
5331-RGMTT,2,2,269,16,1,54,99.05,5295.7,0,34,4011,False,True,0.0
4759-PXTAN,4,3,217,16,1,59,80.1,4693.2,0,26,4093,False,False,0.0
7054-DMVAS,6,1,115,16,1,54,65.3,3512.9,0,61,4556,False,False,0.0
3428-MMGUB,6,3,268,16,1,60,89.55,5231.2,0,74,5874,False,False,0.0
6549-BTYPG,5,2,32,16,1,60,60.8,3603.45,0,80,5784,False,False,0.0
7823-JSOAG,1,3,258,16,1,3,74.5,217.45,0,36,5203,False,True,0.0
3705-RHRFR,5,1,293,16,1,69,99.15,6875.35,0,45,5031,False,False,0.0
9374-YOLBJ,1,3,193,16,1,1,19.25,19.25,0,27,2053,False,True,0.0
9074-KGVOX,2,2,35,16,1,50,39.45,2021.35,0,27,6018,False,True,0.0
6128-DAFVY,2,2,4,16,1,56,44.85,2564.95,0,27,4021,False,True,0.0
9933-QRGTX,6,3,168,16,1,60,97.2,5611.75,0,48,4905,False,False,0.0
4476-OSWTN,4,4,305,16,1,69,110.55,7610.1,0,25,4887,False,False,0.0
5066-GFJMM,2,4,193,16,1,3,19.9,45.75,0,48,3716,False,True,0.0
2661-GKBTK,5,1,88,16,1,60,76.95,4543.95,0,52,5053,False,False,0.0
0458-HEUZG,5,4,13,16,1,13,35.4,450.4,0,69,3239,False,False,0.0
7268-WNTCP,5,1,193,16,1,62,20.45,1297.35,0,21,5746,False,False,0.0
0824-VWDPO,3,1,307,16,1,45,96.75,4442.75,0,73,3682,False,False,0.0
8409-WQJUX,3,3,16,16,1,25,54.2,1423.15,0,24,4458,False,False,0.0
2578-JQPHZ,5,1,144,16,1,44,100.1,4378.35,0,68,4025,False,False,0.0
3278-FSIXX,2,4,65,16,1,2,45.25,74.2,0,27,5441,False,True,0.0
9746-UGFAC,3,1,193,16,1,22,20.85,450.65,0,67,3171,False,False,0.0
2946-KIQSP,2,4,13,16,1,35,33.45,1175.85,0,66,2553,False,True,0.0
0625-AFOHS,5,4,193,16,1,29,20.2,558.8,0,69,2784,False,False,0.0
6726-WEXXK,4,3,298,16,1,27,85.9,2220.1,0,63,5755,False,False,0.0
4636-OLWOE,4,3,93,16,1,54,61.0,3283.05,0,56,5594,False,False,0.0
4685-ERGHK,4,3,260,16,1,57,86.9,4939.25,0,71,6109,False,False,0.0
0885-HMGPY,5,1,254,16,1,62,69.4,4237.5,0,67,6469,False,False,0.0
5003-OKNNK,3,2,193,16,1,15,20.35,335.95,0,68,3205,False,False,0.0
7208-PSIHR,6,1,273,16,1,70,104.3,7188.5,0,70,5583,False,False,0.0
4012-ZTHBR,2,3,65,16,1,21,44.95,926.25,0,54,3752,False,True,0.0
0489-WMEMG,4,3,69,16,1,23,49.45,1119.35,0,70,5237,False,False,0.0
7435-ZNUYY,3,4,193,16,1,6,20.6,116.6,0,20,4439,False,False,0.0
1354-YZFNB,5,2,193,16,1,4,19.55,68.8,0,57,5573,False,False,0.0
2985-FMWYF,2,3,261,16,1,23,93.5,2341.55,0,73,4861,False,True,0.0
2812-ENYMO,3,2,40,16,1,26,54.55,1362.85,0,54,4296,False,False,0.0
2717-HVIZY,1,4,193,16,1,8,20.05,163.6,0,32,2675,False,True,0.0
3422-GALYP,2,3,274,16,1,2,79.45,145.15,0,65,2657,False,True,0.0
2890-WFBHU,3,2,255,16,1,59,79.85,4786.1,0,64,6041,False,False,0.0
0327-WFZSY,3,3,269,16,1,39,100.0,3835.55,0,64,5434,False,False,0.0
7977-HXJKU,5,4,193,16,1,21,19.6,397.0,0,46,2447,False,False,0.0
7033-CLAMM,5,1,193,16,1,48,20.2,1027.25,0,33,3828,False,False,0.0
4023-RTIQM,4,2,58,16,1,31,50.4,1580.1,0,39,2166,False,False,0.0
0864-FVJNJ,3,3,321,16,1,64,113.35,7222.75,0,20,4952,False,False,0.0
7356-IWLFW,2,1,274,16,1,46,80.0,3769.7,0,51,3315,False,True,0.0
9541-PWTWO,6,1,209,16,1,52,80.95,4233.95,0,28,4924,False,False,0.0
3967-VQOGC,6,4,322,16,1,67,24.9,1680.25,0,59,5847,False,False,0.0
7872-RDDLZ,1,3,210,16,1,67,54.9,3725.5,0,33,4826,False,True,0.0
6308-CQRBU,5,3,289,16,1,71,109.25,7707.7,0,42,5044,False,False,0.0
0186-CAERR,4,1,321,16,1,71,116.3,8309.55,0,59,4644,False,False,0.0
3043-SUDUA,1,1,193,16,1,32,19.9,601.55,0,29,4374,False,True,0.0
5442-BHQNG,1,3,129,16,1,2,70.35,139.25,0,73,3430,False,True,0.0
2169-RRLFW,5,2,322,16,1,71,25.6,1888.25,0,68,5063,False,False,0.0
5872-OEQNH,4,3,42,16,1,60,44.45,2773.9,0,48,4928,False,False,0.0
3162-KKZXO,4,3,269,16,1,55,100.15,5409.75,0,64,5182,False,False,0.0
8873-GLDMH,2,4,258,16,1,6,73.85,401.3,0,76,4220,False,True,0.0
5696-JVVQY,6,2,122,16,1,48,70.1,3238.4,0,27,5476,False,False,0.0
8946-BFWSG,5,4,322,16,1,63,25.25,1573.05,0,39,6245,False,False,0.0
0547-HURJB,1,2,193,16,1,12,21.05,235.8,0,70,4001,False,True,0.0
8904-OPDCK,2,1,1,16,1,54,24.95,1364.75,0,56,4691,False,True,0.0
8845-LWKGE,4,3,79,16,1,30,64.5,1985.15,0,60,2215,False,False,0.0
0691-NIKRI,4,2,273,16,1,40,105.95,4335.2,0,31,3784,False,False,0.0
5022-JNQEQ,2,3,133,16,1,9,75.85,647.5,0,51,4843,False,True,0.0
3249-VHRIP,6,2,26,16,1,62,43.6,2748.7,0,53,4507,False,False,0.0
3736-BLEPA,4,1,151,16,1,28,91.25,2483.65,0,41,2886,False,False,0.0
4701-LKOZD,5,2,257,16,1,70,89.75,6367.2,0,78,5150,False,False,0.0
6603-QWSPR,6,1,160,16,1,46,104.4,4904.2,0,24,4190,False,False,0.0
9921-QFQUL,1,4,267,16,1,23,90.15,2044.95,0,50,5110,False,True,0.0
1929-ZCBHE,3,3,45,16,1,47,40.3,1794.8,0,29,5040,False,False,0.0
4378-MYPGO,6,1,188,16,1,68,105.25,7173.15,0,36,5795,False,False,0.0
4129-LYCOI,6,3,281,16,1,67,104.0,7039.05,0,39,4741,False,False,0.0
7798-JVXYM,2,3,72,16,1,14,69.65,921.4,0,69,5351,False,True,0.0
8647-SDTWQ,2,3,258,16,1,57,74.3,4018.35,0,65,4133,False,True,0.0
2696-ECXKC,3,4,293,16,1,55,100.9,5448.6,0,55,6153,False,False,0.0
2081-KJSQF,2,4,193,16,1,1,20.25,20.25,0,21,4769,False,True,0.0
3323-CPBWR,2,2,272,16,1,23,96.9,2085.45,0,22,3875,False,True,0.0
3384-CTMSF,2,3,285,16,1,47,104.1,5135.15,0,71,3142,False,True,0.0
0902-RFHOF,3,4,193,16,1,38,20.1,730.1,0,26,2907,False,False,0.0
6048-QBXKL,2,2,210,16,1,2,56.55,118.25,0,33,2069,False,True,0.0
7718-RXDGG,2,1,129,16,1,15,68.6,1108.6,0,47,3351,False,True,0.0
1025-FALIX,2,2,129,16,1,26,69.05,1815.65,0,23,5379,False,True,0.0
3451-VAWLI,5,2,193,16,1,35,19.7,730.4,0,43,5636,False,False,0.0
3407-QGWLG,2,4,193,16,1,3,20.05,75.45,0,70,2948,False,True,0.0
2347-WKKAE,2,3,299,16,1,42,94.4,4014.6,0,47,2662,False,True,0.0
8735-DCXNF,2,2,101,16,1,10,54.95,568.85,0,26,3519,False,True,0.0
3214-IYUUQ,3,1,182,16,1,61,93.7,5860.7,0,48,4300,False,False,0.0
1936-UAFEH,5,2,313,16,1,68,110.25,7279.35,0,36,5502,False,False,0.0
3587-PMCOY,4,3,172,16,1,10,98.9,1064.95,0,50,4614,False,False,0.0
1027-LKKQQ,6,1,112,16,1,72,80.45,5886.85,0,54,4480,False,False,0.0
7148-XZPHA,1,3,149,16,1,55,79.4,4238.45,0,32,4162,False,True,0.0
5309-TAIKL,1,1,78,16,1,7,62.8,418.3,0,46,4080,False,True,0.0
6856-RAURS,2,4,258,16,1,2,74.9,136.05,0,62,2044,False,True,0.0
8778-LMWTJ,2,3,161,16,1,9,74.85,708.2,0,66,5770,False,True,0.0
9717-IOAAF,6,2,322,16,1,27,25.85,788.55,0,21,2682,False,False,0.0
2845-KDHVX,6,4,94,16,1,64,68.3,4378.8,0,31,5425,False,False,0.0
0848-SOMKO,5,1,46,16,1,70,48.4,3442.8,0,66,4483,False,False,0.0
6734-FQAJX,6,3,184,16,1,67,105.05,7171.7,0,49,4143,False,False,0.0
1535-VTJOQ,5,2,322,16,1,24,25.15,553.0,0,56,3904,False,False,0.0
6368-TZZDT,5,2,193,16,1,4,19.5,96.85,0,31,5390,False,False,0.0
0943-ZQPXH,2,1,140,16,1,44,92.95,4122.9,0,78,5635,False,True,0.0
1293-BSEUN,6,4,193,16,1,72,20.7,1482.3,0,40,4528,False,False,0.0
1302-TPUBN,5,1,193,16,1,66,19.35,1240.8,0,23,5637,False,False,0.0
2378-VTKDH,2,3,285,16,1,65,104.35,6578.55,0,69,4073,False,True,0.0
0927-CNGRH,1,4,193,16,1,1,19.55,19.55,0,21,5272,False,True,0.0
8608-OZTLB,3,3,127,16,1,38,74.05,2802.3,0,59,5975,False,False,0.0
2335-GSODA,5,4,45,16,1,23,40.1,857.75,0,24,2327,False,False,0.0
1952-DVVSW,3,4,193,16,1,10,20.1,184.4,0,77,3509,False,False,0.0
6656-GULJQ,6,2,241,16,1,72,83.55,6093.3,0,28,5940,False,False,0.0
9853-JFZDU,1,3,85,16,1,35,56.85,1861.1,0,46,3102,False,True,0.0
3777-XROBG,5,2,193,16,1,58,19.55,1079.65,0,78,4125,False,False,0.0
6994-FGRHH,4,3,160,16,1,70,106.15,7475.1,0,50,4649,False,False,0.0
4000-VGMQP,3,2,221,16,1,38,78.95,2862.55,0,60,2125,False,False,0.0
3999-WRNGR,2,3,20,16,1,60,49.75,3069.45,0,77,6307,False,True,0.0
3466-RITXD,2,2,308,16,1,26,92.4,2349.8,0,75,5461,False,True,0.0
2680-XKKNJ,3,1,117,16,1,8,58.2,469.25,0,52,3325,False,False,0.0
2974-GGUXS,2,2,276,16,1,36,91.95,3301.05,0,48,3273,False,True,0.0
7994-XIRTR,3,1,78,16,1,54,65.25,3529.95,0,66,6161,False,False,0.0
2101-RANCD,2,3,258,16,1,55,73.1,4144.9,0,46,5832,False,True,0.0
7921-BEPCI,5,1,242,16,1,72,59.75,4265.0,0,59,4515,False,False,0.0
8510-TMWYB,6,1,218,16,1,54,59.8,3246.45,0,24,5898,False,False,0.0
3258-ZKPAI,6,1,321,16,1,72,116.6,8337.45,0,59,5227,False,False,0.0
1428-IEDPR,6,3,305,16,1,52,109.3,5731.4,0,33,5624,False,False,0.0
5298-GSTLM,4,1,293,16,1,60,101.4,6176.6,0,66,4483,False,False,0.0
4450-YOOHP,2,2,12,16,1,39,50.65,1905.4,0,31,5433,False,True,0.0
6728-CZFEI,3,4,67,16,1,15,56.15,931.9,0,25,5473,False,False,0.0
3653-NCRDJ,4,4,193,16,1,43,19.2,776.25,0,74,5594,False,False,0.0
6121-TNHBO,3,1,256,16,1,63,83.0,5243.05,0,29,5428,False,False,0.0
5119-NZPTV,1,3,129,16,1,2,70.1,141.65,0,74,5592,False,True,0.0
6519-ZHPXP,6,1,192,16,1,72,108.3,7679.65,0,33,4183,False,False,0.0
3472-QPRCH,5,2,322,16,1,40,25.25,1006.9,0,53,3217,False,False,0.0
8224-UAXBZ,4,3,51,16,1,58,45.35,2540.1,0,41,5137,False,False,0.0
9610-WCESF,5,3,39,16,1,67,43.9,3097.2,0,62,6344,False,False,0.0
2486-WYVVE,4,4,209,16,1,31,79.3,2484.0,0,34,5238,False,False,0.0
3865-ZYKAD,2,2,306,16,1,69,84.9,5785.65,0,59,4503,False,True,0.0
1422-DGUBX,4,3,262,16,1,32,79.25,2619.15,0,43,2735,False,False,0.0
2999-AANRQ,5,2,119,16,1,21,71.05,1524.85,0,56,5138,False,False,0.0
8668-KNZTI,3,3,105,16,1,52,53.75,2790.65,0,23,5957,False,False,0.0
0480-KYJVA,5,2,322,16,1,72,24.25,1784.5,0,26,5897,False,False,0.0
9746-YKGXB,3,1,42,16,1,52,44.25,2276.1,0,30,6340,False,False,0.0
3926-YZVVX,3,1,69,16,1,41,50.05,2029.05,0,64,2157,False,False,0.0
6000-UKLWI,5,4,193,16,1,41,20.15,802.35,0,47,4982,False,False,0.0
6332-FBZRI,4,2,254,16,1,67,69.35,4653.25,0,40,5589,False,False,0.0
2096-XOTMO,1,4,193,16,1,16,19.35,275.9,0,31,4146,False,True,0.0
3266-FTKHB,5,4,193,16,1,17,19.15,343.45,0,60,2717,False,False,0.0
8221-EQDGL,1,4,121,16,1,35,61.0,2130.45,0,79,4355,False,True,0.0
2346-LOCWC,5,2,193,16,1,58,20.5,1191.4,0,72,6186,False,False,0.0
0298-XACET,5,4,31,16,1,52,50.2,2554.0,0,47,5396,False,False,0.0
7560-QJAVJ,5,1,112,16,1,70,79.6,5589.45,0,38,5474,False,False,0.0
2995-YWTCD,6,1,322,16,1,19,24.9,467.7,0,79,5396,False,False,0.0
9137-UIYPG,2,3,176,16,1,35,106.9,3756.45,0,80,5447,False,True,0.0
2809-ZMYOQ,2,3,269,16,1,32,101.35,3334.9,0,72,4341,False,True,0.0
5084-OOVCJ,2,2,101,16,1,17,55.35,920.5,0,57,5465,False,True,0.0
0254-WWRKD,3,2,81,16,1,67,50.55,3431.75,0,51,5122,False,False,0.0
7727-SHVZV,1,1,193,16,1,9,19.5,150.35,0,54,4883,False,True,0.0
5339-PXDVH,1,3,292,16,1,4,90.65,367.95,0,70,3559,False,True,0.0
2205-LPVGL,4,1,310,16,1,58,89.85,5125.75,0,58,5035,False,False,0.0
8782-NUUOL,3,4,112,16,1,60,79.0,4801.1,0,43,4807,False,False,0.0
7601-WFVZV,1,4,193,16,1,1,19.55,19.55,0,79,3718,False,True,0.0
4609-KNNWG,5,4,193,16,1,27,19.9,550.1,0,49,4870,False,False,0.0
4868-AADLV,4,3,321,16,1,66,116.25,7862.25,0,31,4578,False,False,0.0
9529-OFXHY,2,1,292,16,1,15,87.75,1242.2,0,61,5415,False,True,0.0
2669-QVCRG,2,2,290,16,1,41,81.3,3190.65,0,62,2299,False,True,0.0
2478-EEWWM,2,3,4,16,1,59,44.3,2666.75,0,28,5905,False,True,0.0
9174-IHETN,5,2,129,16,1,50,70.35,3533.6,0,50,5521,False,False,0.0
2233-TXSIU,3,2,43,16,1,17,44.45,792.15,0,73,3522,False,False,0.0
9644-UMGQA,2,3,97,16,1,6,49.15,295.65,0,43,4076,False,True,0.0
3256-EZDBI,2,2,17,16,1,51,29.45,1459.35,0,80,6285,False,True,0.0
0419-YAAPX,2,2,147,16,1,49,85.3,4297.95,0,71,4696,False,True,0.0
0872-CASZJ,4,4,231,16,1,59,69.1,4096.9,0,29,4765,False,False,0.0
4726-DLWQN,2,1,244,16,1,50,70.35,3454.6,0,30,5596,False,True,0.0
8164-OCKUJ,5,4,193,16,1,59,20.6,1286.0,0,55,6325,False,False,0.0
3094-JOJAI,1,4,258,16,1,18,74.15,1387.0,0,49,2643,False,True,0.0
9494-MRNYX,1,3,258,16,1,10,75.05,786.3,0,23,3399,False,True,0.0
2599-CZABP,3,3,65,16,1,14,44.6,641.25,0,51,4612,False,False,0.0
7945-PRBVF,5,1,193,16,1,35,21.45,705.45,0,71,3967,False,False,0.0
4544-RXFMG,4,4,65,16,1,8,43.45,345.5,0,50,4184,False,False,0.0
0859-YGKFW,3,1,193,16,1,18,20.05,345.9,0,63,4458,False,False,0.0
1150-FTQGN,3,1,308,16,1,60,94.15,5811.8,0,60,6399,False,False,0.0
7196-LIWRH,5,4,193,16,1,6,19.55,124.45,0,61,5980,False,False,0.0
5448-VWNAM,2,4,248,16,1,19,75.9,1375.6,0,69,4198,False,True,0.0
1177-XZBJL,3,1,246,16,1,53,64.15,3491.55,0,45,5570,False,False,0.0
3518-FSTWG,6,1,317,16,1,72,109.55,7920.7,0,59,4086,False,False,0.0
9330-VOFSZ,6,2,289,16,1,60,110.8,6640.7,0,79,5942,False,False,0.0
0939-EREMR,1,4,77,16,1,13,53.45,718.1,0,40,4335,False,True,0.0
9389-ACWBI,1,2,129,16,1,5,69.95,320.4,0,73,3850,False,True,0.0
3644-QXEHN,1,3,140,16,1,13,97.0,1334.45,0,35,5282,False,True,0.0
2911-IJORQ,4,1,257,16,1,37,90.6,3358.65,0,26,2546,False,False,0.0
5921-NGYRH,2,4,161,16,1,64,73.55,4764.0,0,50,5018,False,True,0.0
5998-DZLYR,6,1,279,16,1,61,94.35,5703.0,0,48,4676,False,False,0.0
3985-HOYPM,3,4,193,16,1,26,19.4,525.55,0,71,4602,False,False,0.0
9548-LERKT,5,4,193,16,1,24,19.75,483.15,0,34,3455,False,False,0.0
6576-FBXOJ,3,3,16,16,1,17,54.6,934.8,0,22,4590,False,False,0.0
4310-KEDTB,2,4,9,16,1,26,29.8,786.5,0,27,3746,False,True,0.0
4062-HBMOS,2,3,285,16,1,52,103.05,5364.8,0,80,5432,False,True,0.0
2676-ISHSF,1,4,193,16,1,1,20.3,20.3,0,46,5203,False,True,0.0
9236-NDUCW,5,4,37,16,1,21,35.1,770.4,0,25,2991,False,False,0.0
4753-PADAS,4,1,285,16,1,67,105.7,6816.95,0,68,5027,False,False,0.0
6103-QCKFX,1,1,101,16,1,44,56.25,2419.55,0,28,3918,False,True,0.0
7781-EWARA,3,3,32,16,1,70,60.35,4138.7,0,56,4122,False,False,0.0
7018-FPXHH,6,1,121,16,1,56,59.8,3457.45,0,72,4964,False,False,0.0
0572-ZJKLT,5,4,303,16,1,46,99.65,4630.2,0,58,4736,False,False,0.0
5135-RDDQL,6,1,97,16,1,63,50.65,3221.25,0,36,4847,False,False,0.0
1353-LJWEM,2,3,93,16,1,11,60.9,688.5,0,58,2726,False,True,0.0
1794-SWWKL,2,1,206,16,1,15,59.65,867.1,0,75,3974,False,True,0.0
6166-YIPFO,6,3,64,16,1,72,64.7,4746.05,0,36,6075,False,False,0.0
9332-GYWLO,1,3,67,16,1,6,54.85,355.1,0,80,5729,False,True,0.0
4184-VODJZ,4,3,275,16,1,63,91.35,5764.7,0,47,4512,False,False,0.0
1092-WPIVQ,5,4,322,16,1,18,25.1,428.45,0,55,3675,False,False,0.0
7233-IOQNP,1,1,37,16,1,43,34.0,1505.35,0,74,5409,False,True,0.0
2834-JKOOW,3,4,61,16,1,15,45.9,693.45,0,51,3572,False,False,0.0
2400-FEQME,5,4,193,16,1,55,20.5,1177.95,0,25,5011,False,False,0.0
4957-SREEC,5,2,193,16,1,70,20.35,1458.1,0,69,5748,False,False,0.0
0230-UBYPQ,3,1,37,16,1,63,36.1,2298.9,0,48,5089,False,False,0.0
4923-ADWXJ,2,1,86,16,1,25,65.8,1679.65,0,66,3962,False,True,0.0
1763-KUAAW,3,1,193,16,1,18,20.35,369.6,0,30,4713,False,False,0.0
1104-TNLZA,2,3,281,16,1,28,105.8,2998.0,0,73,4174,False,True,0.0
5195-KPUNQ,4,4,182,16,1,53,96.75,5206.55,0,58,4766,False,False,0.0
3439-GVUSX,1,4,1,16,1,1,24.4,24.4,0,80,4570,False,True,0.0
5949-HGVJL,2,3,88,16,1,26,73.05,1959.5,0,46,2753,False,True,0.0
5203-XEHAX,3,3,114,16,1,34,64.35,2053.05,0,48,3445,False,False,0.0
1635-HDGFT,5,4,193,16,1,19,20.5,398.55,0,69,4855,False,False,0.0
8050-XGRVL,3,2,105,16,1,62,54.75,3425.35,0,71,5010,False,False,0.0
9828-QHFBK,2,3,97,16,1,24,51.15,1275.7,0,35,5796,False,True,0.0
3908-MKIMJ,6,3,57,16,1,68,41.95,2965.75,0,34,5607,False,False,0.0
5012-YSPJJ,1,4,77,16,1,31,54.35,1647.0,0,41,3615,False,True,0.0
6728-VOIFY,4,3,148,16,1,63,96.0,6109.75,0,80,5016,False,False,0.0
4891-NLUBA,6,1,32,16,1,61,61.45,3751.15,0,20,5063,False,False,0.0
8969-PRHFK,3,4,193,16,1,18,19.65,411.25,0,32,4695,False,False,0.0
0661-KQHNK,3,2,193,16,1,6,19.0,105.5,0,46,5518,False,False,0.0
8709-KRDVL,2,3,277,16,1,33,100.0,3320.6,0,76,4643,False,True,0.0
1427-VERSM,2,3,144,16,1,56,98.7,5669.5,0,44,5141,False,True,0.0
9801-NOSHQ,3,4,193,16,1,23,19.8,465.45,0,49,3058,False,False,0.0
6339-YPSAH,2,3,137,16,1,9,73.8,704.3,0,52,4895,False,True,0.0
2159-TURXX,1,2,193,16,1,5,20.05,95.55,0,51,2483,False,True,0.0
1548-FEHVL,2,3,309,16,1,61,106.2,6375.2,0,74,6298,False,True,0.0
3795-CAWEX,6,2,321,16,1,70,116.55,8152.3,0,40,6116,False,False,0.0
6215-NQCPY,2,3,293,16,1,15,99.7,1566.75,0,60,4157,False,True,0.0
5647-URDKA,5,4,193,16,1,8,19.7,130.25,0,29,5962,False,False,0.0
2229-DPMBI,5,4,193,16,1,8,19.5,162.15,0,58,3598,False,False,0.0
9626-WEQRM,2,4,33,16,1,4,29.15,110.05,0,78,2657,False,True,0.0
2188-SXWVT,3,4,113,16,1,34,55.0,1885.15,0,46,4027,False,False,0.0
6258-PVZWJ,6,2,257,16,1,68,90.8,6302.85,0,69,4265,False,False,0.0
1094-BKOSX,3,1,30,16,1,45,51.0,2264.5,0,22,4534,False,False,0.0
6969-MVBAI,2,3,268,16,1,9,90.1,816.8,0,48,2893,False,True,0.0
2978-XXSOG,2,4,230,16,1,22,59.05,1253.5,0,47,3995,False,True,0.0
2342-CKIAO,1,4,193,16,1,2,20.3,41.2,0,24,5074,False,True,0.0
6953-PBDIN,5,1,224,16,1,70,72.95,5265.55,0,70,6466,False,False,0.0
3898-BSJYF,3,2,239,16,1,10,73.55,693.3,0,29,4434,False,False,0.0
3938-YFPXD,5,2,241,16,1,72,84.3,5997.1,0,35,6012,False,False,0.0
7696-AMHOD,3,2,92,16,1,49,78.0,3824.2,0,69,4200,False,False,0.0
2453-SAFNS,3,4,216,16,1,54,72.1,3886.05,0,47,4277,False,False,0.0
9558-IHEZX,6,2,317,16,1,71,106.75,7283.25,0,32,5610,False,False,0.0
9617-UDPEU,4,4,193,16,1,22,19.25,412.55,0,52,2691,False,False,0.0
6340-DACFT,5,2,193,16,1,50,20.55,1070.25,0,34,4878,False,False,0.0
4955-VCWBI,3,4,193,16,1,43,20.0,817.95,0,76,4882,False,False,0.0
6813-GZQCG,6,2,322,16,1,45,24.65,1171.3,0,63,2194,False,False,0.0
7426-GSWPO,2,1,309,16,1,64,103.5,6548.65,0,63,5125,False,True,0.0
3389-KTRXV,5,4,322,16,1,23,23.85,625.65,0,78,5945,False,False,0.0
3118-UHVVQ,5,2,322,16,1,68,25.8,1911.5,0,21,4747,False,False,0.0
3205-MXZRA,3,2,71,16,1,26,59.45,1507.0,0,41,2074,False,False,0.0
8317-BVKSO,2,3,193,16,1,14,20.05,299.3,0,32,5728,False,True,0.0
5702-KVQRD,6,3,112,16,1,71,82.55,5832.65,0,68,4668,False,False,0.0
0083-PIVIK,3,3,256,16,1,64,81.25,5567.55,0,67,4761,False,False,0.0
6169-PGNCD,6,2,127,16,1,57,74.3,4166.35,0,54,5741,False,False,0.0
4909-JOUPP,5,2,289,16,1,72,109.7,7898.45,0,32,4319,False,False,0.0
4657-FWVFY,2,2,284,16,1,40,96.35,3915.4,0,52,2004,False,True,0.0
2257-BOVXD,2,2,200,16,1,14,66.6,979.5,0,36,3516,False,True,0.0
7729-JTEEC,2,3,65,16,1,2,44.5,90.05,0,49,5456,False,True,0.0
9696-RMYBA,2,4,131,16,1,5,80.1,398.55,0,22,5225,False,True,0.0
8690-UPCZI,3,1,232,16,1,29,69.05,1958.45,0,33,4459,False,False,0.0
9770-LXDBK,1,4,193,16,1,3,20.4,63.15,0,21,5695,False,True,0.0
4086-WITJG,5,2,193,16,1,71,19.7,1301.1,0,30,4808,False,False,0.0
8344-WFMFH,2,3,81,16,1,9,50.1,484.05,0,56,4738,False,True,0.0
8822-KNBHV,4,2,253,16,1,48,83.45,3887.85,0,58,4250,False,False,0.0
8404-FYDIB,2,2,306,16,1,26,86.65,2208.75,0,54,4469,False,True,0.0
2791-SFVEW,1,1,193,16,1,9,20.15,238.15,0,27,3772,False,True,0.0
6762-NSODU,5,2,193,16,1,46,19.4,958.15,0,77,4630,False,False,0.0
9888-ZCUMM,6,1,48,16,1,64,60.05,3845.45,0,77,4120,False,False,0.0
1074-WVEVG,3,4,193,16,1,59,20.35,1267.0,0,57,5757,False,False,0.0
9979-RGMZT,4,4,148,16,1,7,94.05,633.45,0,38,5545,False,False,0.0
6437-UDQJM,6,2,253,16,1,72,84.1,6129.65,0,62,4999,False,False,0.0
1226-IENZN,2,3,130,16,1,16,78.75,1218.25,0,74,4351,False,True,0.0
2108-GLPQB,1,2,202,16,1,25,55.55,1405.3,0,49,2950,False,True,0.0
5474-LAMUQ,3,4,193,16,1,24,20.1,533.9,0,69,5689,False,False,0.0
3468-DRVQJ,3,3,244,16,1,10,70.3,676.15,0,36,5496,False,False,0.0
1122-YJBCS,4,2,113,16,1,69,53.65,3804.4,0,55,6092,False,False,0.0
4990-ALDGW,5,4,193,16,1,57,20.75,1118.8,0,60,6271,False,False,0.0
4816-OKWNX,4,1,160,16,1,50,103.4,5236.4,0,68,5437,False,False,0.0
3315-IKYZQ,3,4,47,16,1,28,50.8,1386.8,0,45,3240,False,False,0.0
4747-LCAQL,2,4,120,16,1,25,79.0,1902.0,0,52,5263,False,True,0.0
3411-WLRSQ,2,1,145,16,1,3,74.6,239.05,0,57,3711,False,True,0.0
0898-XCGTF,4,1,261,16,1,61,96.5,5673.7,0,49,5926,False,False,0.0
8006-PYCSW,1,4,193,16,1,2,20.1,39.8,0,65,2051,False,True,0.0
8249-THVEC,3,4,193,16,1,51,19.4,997.75,0,73,4025,False,False,0.0
8722-PRFDV,5,2,108,16,1,71,77.55,5574.35,0,27,5097,False,False,0.0
2164-SOQXL,1,4,193,16,1,20,20.05,406.05,0,43,2698,False,True,0.0
4020-KIUDI,1,2,193,16,1,6,19.85,138.85,0,42,2186,False,True,0.0
5850-BDWCY,1,4,193,16,1,6,20.2,123.65,0,26,5029,False,True,0.0
2038-YSEZE,1,4,246,16,1,29,67.45,1801.1,0,65,3152,False,True,0.0
0827-ITJPH,6,2,193,16,1,36,18.55,689.0,0,28,5703,False,False,0.0
8799-OXZMD,2,4,9,16,1,28,29.75,790.7,0,67,5463,False,True,0.0
1705-GUHPV,5,4,322,16,1,63,24.2,1618.2,0,64,4948,False,False,0.0
4779-ZGICK,5,4,322,16,1,48,23.55,1173.35,0,66,5019,False,False,0.0
0048-PIHNL,3,1,193,16,1,49,20.45,900.9,0,20,6061,False,False,0.0
3967-KXAPS,5,2,257,16,1,72,92.3,6719.9,0,56,5136,False,False,0.0
3704-IEAXF,5,2,24,16,1,72,53.65,3784.0,0,47,5498,False,False,0.0
6810-VCAEX,3,2,53,16,1,47,39.65,1798.65,0,26,4670,False,False,0.0
0674-EYYZV,2,3,67,16,1,1,54.65,54.65,0,74,5882,False,True,0.0
4480-MBMLB,4,1,285,16,1,36,104.8,3886.45,0,68,5319,False,False,0.0
1395-OFUWC,1,2,17,16,1,43,29.3,1224.05,0,70,4741,False,True,0.0
0822-QGCXA,1,3,225,16,1,27,83.85,2310.2,0,35,5907,False,True,0.0
2832-KJCRD,2,3,273,16,1,38,103.65,3988.5,0,47,2511,False,True,0.0
3588-WSTTJ,2,3,293,16,1,35,99.05,3554.6,0,63,3484,False,True,0.0
4075-WKNIU,5,4,224,16,1,0,73.35,0.0,0,44,2342,False,False,0.0
5090-EMGTC,6,4,152,16,1,59,100.05,6034.85,0,70,4521,False,False,0.0
2346-CZYIL,5,2,193,16,1,27,20.35,531.6,0,52,4962,False,False,0.0
3798-EPWRR,1,3,65,16,1,2,43.95,85.1,0,55,4057,False,True,0.0
6258-NGCNG,1,4,322,16,1,7,23.5,173.0,0,33,5508,False,True,0.0
4186-ZBUEW,4,4,215,16,1,36,70.7,2511.95,0,71,3566,False,False,0.0
5274-XHAKY,2,1,308,16,1,41,94.3,3893.6,0,43,2196,False,True,0.0
1442-BQPVU,1,3,17,16,1,13,29.15,357.15,0,71,2876,False,True,0.0
3978-YNKDD,5,2,193,16,1,19,20.85,467.5,0,43,2654,False,False,0.0
4940-KHCWD,5,1,53,16,1,60,37.7,2288.7,0,54,5148,False,False,0.0
9589-ABEPT,6,4,280,16,1,69,92.45,6460.55,0,56,4452,False,False,0.0
9388-ZEYVT,3,3,14,16,1,43,44.15,1931.3,0,42,2522,False,False,0.0
0305-SQECB,4,4,37,16,1,11,36.05,402.6,0,67,4265,False,False,0.0
7605-SNLQG,2,2,73,16,1,45,50.25,2221.55,0,44,2036,False,True,0.0
4670-TABXH,6,2,289,16,1,72,109.75,7758.9,0,71,5791,False,False,0.0
0064-SUDOG,5,1,193,16,1,12,20.3,224.5,0,57,5190,False,False,0.0
8561-NMTBD,4,2,289,16,1,67,112.35,7388.45,0,46,5427,False,False,0.0
5161-XEUVX,5,4,272,16,1,37,94.3,3460.95,0,49,2615,False,False,0.0
8292-FRFZQ,3,1,53,16,1,39,41.15,1700.9,0,67,3445,False,False,0.0
8591-NXRCV,2,1,239,16,1,41,74.65,3090.65,0,77,3859,False,True,0.0
7895-VONWT,2,3,12,16,1,25,48.25,1293.8,0,46,4284,False,True,0.0
4526-RMTLL,6,2,247,16,1,8,76.15,645.8,0,64,4457,False,False,0.0
6253-GNHWH,5,4,254,16,1,71,71.1,5224.95,0,57,6090,False,False,0.0
4566-NECEV,1,3,283,16,1,5,96.55,500.1,0,56,3787,False,True,0.0
8080-POTJR,4,2,237,16,1,30,79.3,2427.1,0,78,2655,False,False,0.0
6906-MPARY,4,2,150,16,1,40,89.6,3488.15,0,22,2524,False,False,0.0
3662-FXJFO,6,4,193,16,1,54,20.5,1035.7,0,30,5946,False,False,0.0
8107-RZLNV,6,1,285,16,1,72,106.3,7565.35,0,62,4634,False,False,0.0
0516-OOHAR,3,1,156,16,1,28,100.35,2799.0,0,50,3411,False,False,0.0
2027-CWDNU,2,3,134,16,1,18,85.6,1601.5,0,63,5968,False,True,0.0
9912-OMZDS,4,3,285,16,1,59,106.15,6256.2,0,51,5096,False,False,0.0
3733-ZEECP,2,3,69,16,1,22,51.1,1232.9,0,34,5329,False,True,0.0
7878-RTCZG,1,4,193,16,1,1,19.9,19.9,0,80,4050,False,True,0.0
2452-MRMZF,6,2,322,16,1,72,25.7,1937.4,0,21,5079,False,False,0.0
7103-IPXPJ,3,3,265,16,1,50,99.4,5059.75,0,75,6479,False,False,0.0
4342-HFXWS,3,1,111,16,1,48,69.7,3023.65,0,50,3442,False,False,0.0
3545-CNWRG,2,3,277,16,1,49,98.35,4889.2,0,39,4325,False,True,0.0
1785-BPHTP,1,3,139,16,1,28,85.45,2289.9,0,26,4022,False,True,0.0
4989-LIXVT,2,3,283,16,1,68,95.9,6503.2,0,68,5080,False,True,0.0
7315-WYOAW,1,3,265,16,1,13,100.75,1313.25,0,80,5985,False,True,0.0
1173-XZPYF,2,3,268,16,1,11,89.2,990.3,0,32,3734,False,True,0.0
2509-TFPJU,5,2,322,16,1,72,25.75,1864.2,0,24,4413,False,False,0.0
9530-GRMJG,6,3,225,16,1,70,84.1,5979.7,0,48,5568,False,False,0.0
6898-RBTLU,5,1,217,16,1,49,79.3,3902.45,0,59,6366,False,False,0.0
5481-NTDOH,4,2,301,16,1,67,107.05,7142.5,0,21,4126,False,False,0.0
2068-WWXQZ,5,1,193,16,1,46,20.05,902.0,0,38,2942,False,False,0.0
2061-VVFST,1,1,193,16,1,37,19.5,805.2,0,72,3924,False,True,0.0
0749-IRGQE,1,3,4,16,1,13,45.3,528.45,0,48,4118,False,True,0.0
2380-DAMQP,5,3,321,16,1,72,115.15,8349.7,0,67,4761,False,False,0.0
2256-YLYLP,6,1,80,16,1,68,72.95,4953.25,0,27,4499,False,False,0.0
1272-ILHFG,3,4,193,16,1,15,19.65,332.65,0,71,5928,False,False,0.0
0164-XAIRP,6,1,193,16,1,24,19.55,470.2,0,34,2511,False,False,0.0
5666-CYCYZ,2,3,263,16,1,24,89.55,2259.35,0,76,5352,False,True,0.0
4011-ARPHK,1,4,97,16,1,27,50.35,1411.35,0,77,5578,False,True,0.0
6365-HITVU,5,2,128,16,1,71,87.25,6328.7,0,38,4135,False,False,0.0
7558-IMLMT,6,4,193,16,1,67,20.8,1411.9,0,77,5626,False,False,0.0
9488-FYQAU,6,1,289,16,1,63,109.25,6841.4,0,78,5700,False,False,0.0
3590-TCXTB,1,4,193,16,1,1,20.35,20.35,0,56,2648,False,True,0.0
6994-KERXL,2,3,66,16,1,4,55.9,238.5,0,25,3545,False,True,0.0
1960-UOTYM,5,3,124,16,1,52,79.2,4016.3,0,22,4509,False,False,0.0
2740-JFBOK,2,3,322,16,1,10,24.0,226.55,0,71,5299,False,True,0.0
6500-JVEGC,3,1,316,16,1,68,101.35,7110.75,0,60,4941,False,False,0.0
5245-VDBUR,3,4,41,16,1,52,35.45,1958.95,0,47,5509,False,False,0.0
8469-SNFFH,3,1,256,16,1,70,79.4,5528.9,0,38,5991,False,False,0.0
2144-ESWKO,4,2,41,16,1,43,35.2,1463.7,0,70,5268,False,False,0.0
1241-FPMOF,5,4,193,16,1,52,19.65,1025.05,0,24,5157,False,False,0.0
9928-BZVLZ,5,4,46,16,1,12,49.85,552.1,0,20,3100,False,False,0.0
4114-QMKVN,3,1,243,16,1,56,68.75,3815.4,0,53,6494,False,False,0.0
2775-SEFEE,6,1,246,16,1,0,61.9,0.0,0,65,5188,False,False,0.0
9003-CPATH,1,3,266,16,1,42,79.9,3313.4,0,70,2583,False,True,0.0
1754-GKYPY,2,1,132,16,1,22,89.75,1938.9,0,23,4180,False,True,0.0
7956-XQWGU,2,2,193,16,1,27,19.4,460.25,0,25,5975,False,True,0.0
1591-MQJTP,4,1,299,16,1,51,93.65,4839.15,0,68,4163,False,False,0.0
2369-FEVNO,2,4,193,16,1,1,19.9,19.9,0,52,4590,False,True,0.0
7471-MQPOS,4,1,223,16,1,71,72.9,5139.65,0,54,6404,False,False,0.0
5115-SQAAU,6,1,322,16,1,69,25.6,1673.4,0,60,6053,False,False,0.0
9845-QOMAD,3,4,193,16,1,14,19.75,309.35,0,58,3958,False,False,0.0
7672-VFMXZ,1,3,101,16,1,57,55.7,3171.6,0,22,4607,False,True,0.0
9739-JLPQJ,5,2,321,16,1,72,117.5,8670.1,0,47,6009,False,False,0.0
9916-AYHTC,5,2,193,16,1,48,19.85,916.0,0,38,3779,False,False,0.0
3855-ONCAR,2,4,131,16,1,4,78.9,299.75,0,50,5775,False,True,0.0
1488-SYSFC,2,3,193,16,1,31,20.65,702.05,0,79,2990,False,True,0.0
0970-QXPXW,1,4,193,16,1,1,19.65,19.65,0,25,5454,False,True,0.0
3259-KNMRR,6,1,221,16,1,57,79.75,4438.2,0,79,5371,False,False,0.0
6120-RJKLU,6,2,112,16,1,62,79.95,4819.75,0,54,6488,False,False,0.0
9572-WUKSB,2,3,5,16,1,3,29.9,92.25,0,23,4416,False,True,0.0
5893-KCLGT,6,4,193,16,1,72,19.75,1567.0,0,78,5478,False,False,0.0
0076-LVEPS,2,4,61,16,1,29,45.0,1242.45,0,73,3290,False,True,0.0
3640-JQGJG,1,1,65,16,1,13,44.8,559.2,0,44,4680,False,True,0.0
1596-OQSPS,1,3,81,16,1,11,51.1,531.15,0,60,4467,False,True,0.0
9867-XOBQA,5,4,63,16,1,21,53.15,1183.2,0,29,3461,False,False,0.0
9546-KDTRB,1,1,322,16,1,19,24.7,465.85,0,46,3612,False,True,0.0
3174-RKMOW,2,3,289,16,1,35,109.95,3782.4,0,71,5721,False,True,0.0
1760-CAZHT,1,4,193,16,1,25,20.8,460.2,0,60,3274,False,True,0.0
8441-SHIPE,6,1,322,16,1,67,25.6,1790.35,0,34,5183,False,False,0.0
1320-GVNHT,6,2,317,16,1,72,108.4,7767.25,0,20,4419,False,False,0.0
1047-RNXZV,5,4,193,16,1,43,19.55,876.15,0,67,4871,False,False,0.0
3541-ZNUHK,2,3,306,16,1,55,85.1,4600.95,0,76,4026,False,True,0.0
8725-JEDFD,2,4,129,16,1,27,69.05,1793.25,0,27,3241,False,True,0.0
7562-UXTPG,2,4,129,16,1,13,70.15,886.7,0,56,2992,False,True,0.0
8071-SBTRN,6,4,317,16,1,70,111.15,7737.55,0,62,4240,False,False,0.0
6668-CNMFP,4,1,263,16,1,19,89.35,1686.85,0,57,4473,False,False,0.0
5626-MGTUK,2,1,292,16,1,20,89.1,1879.25,0,70,3027,False,True,0.0
5681-LLOEI,4,2,302,16,1,43,91.25,4013.8,0,30,5884,False,False,0.0
8212-DJRCH,2,4,170,16,1,5,90.35,434.5,0,66,4014,False,True,0.0
4323-OHFOW,4,1,281,16,1,70,105.55,7195.35,0,51,4605,False,False,0.0
4933-BSAIP,5,4,193,16,1,40,19.1,780.1,0,59,2056,False,False,0.0
2030-BTZRO,6,2,193,16,1,6,20.4,107.6,0,57,4628,False,False,0.0
1116-DXXDF,6,3,172,16,1,39,100.45,3801.7,0,45,2698,False,False,0.0
6563-VNPMN,2,1,181,16,1,45,85.7,3778.1,0,44,5397,False,True,0.0
2267-WTPYD,1,2,283,16,1,57,94.0,5438.95,0,49,6015,False,True,0.0
0270-THENM,5,1,254,16,1,72,69.85,5102.35,0,77,6233,False,False,0.0
4707-MAXGU,5,2,322,16,1,72,25.85,1872.2,0,45,5514,False,False,0.0
2710-WYVXG,5,4,118,16,1,3,71.1,213.35,0,41,3501,False,False,0.0
6300-BWMJX,1,3,272,16,1,59,93.35,5386.5,0,44,4814,False,True,0.0
7009-LGECI,2,1,97,16,1,4,50.55,235.65,0,78,4164,False,True,0.0
5022-KVDQT,2,3,266,16,1,27,81.3,2272.8,0,72,5158,False,True,0.0
7976-CICYS,2,2,193,16,1,4,20.7,83.75,0,76,3027,False,True,0.0
1036-GUDCL,2,2,120,16,1,60,79.05,4663.4,0,60,5275,False,True,0.0
2005-DWQZJ,5,4,193,16,1,8,19.05,201.7,0,47,3153,False,False,0.0
8148-WOCMK,5,2,193,16,1,8,19.6,125.0,0,67,3214,False,False,0.0
7815-PDTHL,6,4,193,16,1,35,20.2,684.4,0,45,3481,False,False,0.0
9173-IVZVP,5,4,193,16,1,53,20.9,1146.05,0,64,4254,False,False,0.0
9129-UXERG,2,2,281,16,1,18,103.6,1806.35,0,73,2094,False,True,0.0
3635-JBPSG,6,4,18,16,1,15,38.8,603.0,0,55,2118,False,False,0.0
7964-ZRKKG,4,1,276,16,1,67,88.4,5798.3,0,49,6251,False,False,0.0
6229-LSCKB,2,3,131,16,1,6,79.7,497.6,0,44,2893,False,True,0.0
1724-IQWNM,2,4,193,16,1,1,19.3,19.3,0,46,4136,False,True,0.0
8217-QYOHV,2,4,101,16,1,5,55.75,266.95,0,22,4545,False,True,0.0
5546-QUERU,4,4,193,16,1,13,19.95,257.0,0,70,5221,False,False,0.0
6897-UUBNU,1,4,151,16,1,29,89.65,2623.65,0,51,2681,False,True,0.0
6127-IYJOZ,2,4,65,16,1,1,45.85,45.85,0,56,5715,False,True,0.0
8930-XOTDP,1,4,67,16,1,18,55.95,1082.8,0,76,2035,False,True,0.0
5916-QEWPT,1,2,76,16,1,2,69.0,147.8,0,29,2798,False,True,0.0
5060-TQUQN,2,1,278,16,1,30,83.55,2570.2,0,31,3558,False,True,0.0
0531-XBKMM,5,1,246,16,1,66,65.7,4378.9,0,57,5058,False,False,0.0
8465-SBRXP,6,1,272,16,1,38,94.9,3616.25,0,33,2436,False,False,0.0
2408-PSJVE,2,4,93,16,1,44,61.9,2924.05,0,63,4388,False,True,0.0
9700-ZCLOT,1,4,193,16,1,2,20.0,32.7,0,77,3922,False,True,0.0
8738-JOKAR,4,4,118,16,1,42,67.7,2882.25,0,36,5034,False,False,0.0
4534-WGCIR,5,2,322,16,1,58,25.15,1509.9,0,71,6444,False,False,0.0
1930-WNXSB,2,3,148,16,1,58,92.85,5305.05,0,36,4879,False,True,0.0
3508-CFVZL,5,4,321,16,1,71,111.3,7985.9,0,46,5957,False,False,0.0
0657-DOGUM,4,1,230,16,1,48,60.6,2985.25,0,76,4077,False,False,0.0
8792-AOROI,5,4,102,16,1,8,65.5,564.35,0,72,2985,False,False,0.0
5146-YYFRZ,5,1,193,16,1,67,19.95,1311.75,0,80,6212,False,False,0.0
3452-SRFEG,2,1,258,16,1,49,74.6,3720.35,0,79,4516,False,True,0.0
4070-OKWVH,1,1,284,16,1,52,94.6,5025.8,0,57,6212,False,True,0.0
5297-MDOIR,4,2,169,16,1,63,81.15,5224.5,0,60,5294,False,False,0.0
6369-MCAKO,6,1,257,16,1,68,89.05,6185.8,0,49,5001,False,False,0.0
4926-UMJZD,2,4,69,16,1,31,49.2,1498.55,0,52,2157,False,True,0.0
6848-HJTXY,5,2,193,16,1,64,19.45,1208.6,0,28,5628,False,False,0.0
6341-AEVKX,4,3,176,16,1,62,104.3,6613.65,0,23,5905,False,False,0.0
0682-USIXD,2,3,135,16,1,21,86.05,1818.9,0,23,2937,False,True,0.0
6976-BWGLQ,5,1,322,16,1,72,25.2,1787.35,0,31,4382,False,False,0.0
7078-NVFAM,2,3,49,16,1,32,35.15,1051.05,0,77,3163,False,True,0.0
8065-QBYTO,4,2,312,16,1,71,99.65,7181.25,0,63,5448,False,False,0.0
2133-TSRRM,2,1,188,16,1,34,105.35,3688.6,0,39,5432,False,True,0.0
2511-ALLCS,5,1,322,16,1,35,24.3,821.6,0,32,5998,False,False,0.0
3191-CSNMG,2,3,131,16,1,3,80.7,239.45,0,46,2081,False,True,0.0
7952-OBOYL,2,4,143,16,1,3,89.85,244.45,0,53,4096,False,True,0.0
7470-DYNOE,4,3,74,16,1,53,61.1,3357.9,0,35,5940,False,False,0.0
7853-OETYL,2,3,33,16,1,4,29.05,129.6,0,35,3306,False,True,0.0
1545-ACTAS,4,1,172,16,1,48,99.7,4977.2,0,29,5921,False,False,0.0
5126-RCXYW,5,2,14,16,1,54,46.0,2424.05,0,71,4451,False,False,0.0
2363-BJLSL,2,1,96,16,1,62,80.4,4981.15,0,79,5157,False,True,0.0
1956-YIFGE,4,4,156,16,1,22,100.05,2090.25,0,64,3274,False,False,0.0
7921-LMDFQ,4,1,140,16,1,51,94.0,4905.75,0,77,6034,False,False,0.0
2925-MXLSX,4,2,220,16,1,30,68.95,2038.7,0,30,4403,False,False,0.0
5820-PTRYM,4,2,254,16,1,56,68.45,4014.0,0,79,4368,False,False,0.0
9609-BENEA,4,3,216,16,1,35,69.0,2441.7,0,59,5283,False,False,0.0
6211-WHMYA,2,3,23,16,1,64,43.85,2751.0,0,46,6055,False,True,0.0
4459-BBGHE,2,3,4,16,1,30,44.5,1307.8,0,58,5833,False,True,0.0
9945-PSVIP,6,4,193,16,1,25,18.7,383.65,0,42,2289,False,False,0.0
9108-EJFJP,2,4,113,16,1,1,53.55,53.55,0,62,4504,False,True,0.0
0530-IJVDB,6,3,321,16,1,70,114.6,7882.5,0,65,5414,False,False,0.0
0508-SQWPL,6,1,193,16,1,57,20.1,1087.7,0,23,5506,False,False,0.0
2215-ZAFGX,2,3,260,16,1,9,85.5,791.7,0,69,4867,False,True,0.0
8213-TAZPM,4,1,289,16,1,69,108.75,7493.05,0,46,5874,False,False,0.0
1304-SEGFY,6,3,269,16,1,72,97.85,6841.3,0,22,4508,False,False,0.0
7242-EDTYC,5,1,193,16,1,44,19.55,819.95,0,40,5860,False,False,0.0
2904-GGUAZ,6,1,306,16,1,72,84.05,6052.25,0,47,5515,False,False,0.0
5136-GFPMB,1,2,267,16,1,54,89.4,4869.5,0,56,5871,False,True,0.0
2595-KIWPV,5,2,193,16,1,27,19.7,509.3,0,79,4052,False,False,0.0
5243-SAOTC,2,1,274,16,1,54,79.85,4308.25,0,46,5166,False,True,0.0
9398-MMQTO,1,2,145,16,1,3,74.45,221.1,0,61,3956,False,True,0.0
7619-PLRLP,3,1,251,16,1,53,74.1,3833.95,0,37,5136,False,False,0.0
6508-NJYRO,3,4,193,16,1,15,18.8,294.95,0,31,3977,False,False,0.0
4710-NKCAW,1,2,246,16,1,5,64.4,316.9,0,31,3260,False,True,0.0
5306-BVTKJ,4,2,89,16,1,48,55.8,2651.2,0,27,3446,False,False,0.0
0357-NVCRI,1,2,193,16,1,25,20.05,471.7,0,24,2192,False,True,0.0
2371-KFUOG,3,1,180,16,1,58,99.15,5720.95,0,26,6409,False,False,0.0
0463-ZSDNT,2,1,66,16,1,10,56.75,503.25,0,70,2037,False,True,0.0
6257-DTAYD,6,2,281,16,1,71,104.15,7365.3,0,65,5973,False,False,0.0
4616-ULAOA,6,2,289,16,1,65,110.8,7245.9,0,23,6332,False,False,0.0
7746-AWNQW,2,4,13,16,1,28,35.75,961.4,0,69,2431,False,True,0.0
5996-EBTKM,6,1,207,16,1,67,69.9,4615.9,0,21,6079,False,False,0.0
2758-RNWXS,4,3,166,16,1,35,89.2,3251.3,0,39,4446,False,False,0.0
2314-TNDJQ,5,2,62,16,1,72,55.65,3880.05,0,35,5192,False,False,0.0
2405-LBMUW,4,1,54,16,1,61,50.7,3088.75,0,22,5024,False,False,0.0
3454-JFUBC,6,2,193,16,1,68,20.0,1396.0,0,55,6136,False,False,0.0
9039-ZVJDC,2,4,193,16,1,3,19.1,53.05,0,68,4905,False,True,0.0
9013-AQORL,1,2,26,16,1,48,45.55,2108.35,0,52,4106,False,True,0.0
2898-MRKPI,4,2,277,16,1,68,101.05,6770.5,0,32,5570,False,False,0.0
2750-BJLSB,4,3,176,16,1,47,103.7,4730.6,0,20,4543,False,False,0.0
3648-GZPHF,4,4,13,16,1,32,36.25,1151.05,0,45,2609,False,False,0.0
2075-RMJIK,2,4,97,16,1,5,49.4,232.55,0,44,5756,False,True,0.0
9588-YRFHY,6,2,193,16,1,49,19.9,1022.6,0,71,5240,False,False,0.0
9364-YKUVW,2,4,193,16,1,15,19.8,309.4,0,73,2681,False,True,0.0
5392-AKEMH,2,3,65,16,1,12,45.05,523.1,0,37,5624,False,True,0.0
2451-YMUXS,6,1,246,16,1,67,64.55,4250.1,0,67,4494,False,False,0.0
3914-FDRHP,1,3,135,16,1,9,86.25,770.5,0,42,4754,False,True,0.0
3078-ZKNTS,6,1,193,16,1,13,19.75,246.7,0,22,4314,False,False,0.0
1024-KPRBB,4,4,132,16,1,38,89.1,3342.0,0,56,2675,False,False,0.0
4690-PKDQG,2,3,284,16,1,42,95.55,3930.6,0,26,4121,False,True,0.0
9547-ITEFG,2,2,285,16,1,9,102.6,897.75,0,32,4062,False,True,0.0
1264-FUHCX,4,2,24,16,1,49,56.3,2780.6,0,20,5913,False,False,0.0
7789-CRUVC,2,2,318,16,1,61,94.2,5895.45,0,76,5274,False,True,0.0
6598-KELSS,4,1,51,16,1,50,43.05,2208.05,0,41,5409,False,False,0.0
9972-VAFJJ,4,3,159,16,1,53,94.0,4871.45,0,73,6355,False,False,0.0
0422-UXFAP,4,3,269,16,1,51,98.85,4947.55,0,43,6034,False,False,0.0
1904-WAJAA,5,3,250,16,1,24,64.35,1558.65,0,60,5461,False,False,0.0
5130-YPIRV,6,2,123,16,1,62,72.0,4284.2,0,48,6489,False,False,0.0
2843-CQMEG,2,4,81,16,1,24,49.7,1218.25,0,38,2911,False,True,0.0
6439-PKTRR,5,3,256,16,1,70,80.7,5617.95,0,49,4412,False,False,0.0
5351-QESIO,1,4,1,16,1,1,24.2,24.2,0,80,4276,False,True,0.0
5568-DMXZS,2,3,87,16,1,8,65.45,554.45,0,80,5227,False,True,0.0
8468-FZTOE,6,3,126,16,1,72,74.35,5237.4,0,78,4874,False,False,0.0
6633-SYEUS,1,1,157,16,1,23,83.2,2032.3,0,28,2061,False,True,0.0
6447-GORXK,1,2,1,16,1,31,25.0,789.2,0,65,4242,False,True,0.0
6967-PEJLL,4,3,45,16,1,37,40.2,1525.35,0,48,2308,False,False,0.0
5981-ZVXOT,4,3,317,16,1,35,108.35,3726.15,0,50,5139,False,False,0.0
1684-FLBGS,2,2,216,16,1,23,69.5,1652.1,0,66,2159,False,True,0.0
1389-WNUIB,3,1,229,16,1,20,76.0,1588.75,0,69,4085,False,False,0.0
0376-OIWME,2,3,164,16,1,36,93.6,3366.05,0,53,2701,False,True,0.0
0218-QNVAS,3,1,277,16,1,71,100.55,7113.75,0,37,5876,False,False,0.0
0804-YGEQV,4,1,322,16,1,43,24.45,993.15,0,77,5119,False,False,0.0
7164-BPTUT,5,4,257,16,1,57,89.55,5012.35,0,22,4260,False,False,0.0
2523-EWWZL,2,3,145,16,1,27,76.1,2093.4,0,43,3291,False,True,0.0
0928-XUTSN,2,3,130,16,1,13,80.5,1011.8,0,37,3895,False,True,0.0
0052-YNYOT,3,3,193,16,1,67,20.55,1343.4,0,72,5462,False,False,0.0
9586-JGQKH,6,1,281,16,1,64,105.4,6794.75,0,24,4512,False,False,0.0
4501-VCPFK,1,3,13,16,1,26,35.75,1022.5,0,65,2734,False,True,0.0
6075-SLNIL,2,2,283,16,1,38,95.1,3691.2,0,62,5393,False,True,0.0
9347-AERRL,3,2,193,16,1,23,19.3,486.2,0,68,2111,False,False,0.0
2274-XUATA,6,1,64,16,1,72,63.1,4685.55,0,56,4933,False,False,0.0
6691-CCIHA,6,3,249,16,1,62,84.95,5150.55,0,39,6307,False,False,0.0
1685-BQULA,2,1,284,16,1,40,93.4,3756.4,0,53,3819,False,True,0.0
9053-EJUNL,2,3,276,16,1,41,89.2,3645.75,0,77,3259,False,True,0.0
0666-UXTJO,2,2,139,16,1,34,85.2,2874.45,0,27,5393,False,True,0.0
1471-GIQKQ,1,3,81,16,1,1,49.95,49.95,0,32,5230,False,True,0.0
4807-IZYOZ,5,1,193,16,1,51,20.65,1020.75,0,70,4725,False,False,0.0
9710-NJERN,5,4,193,16,1,39,20.15,826.0,0,44,2007,False,False,0.0
9837-FWLCH,2,3,193,16,1,12,19.2,239.0,0,73,3101,False,True,0.0
7203-OYKCT,4,3,285,16,1,72,104.95,7544.3,0,20,5760,False,False,0.0
1035-IPQPU,2,3,285,16,1,63,103.5,6479.4,0,53,5187,False,True,0.0
7398-LXGYX,2,2,298,16,1,44,84.8,3626.35,0,44,2770,False,True,0.0
2823-LKABH,2,1,271,16,1,18,95.05,1679.4,0,60,4524,False,True,0.0
0550-DCXLH,1,4,88,16,1,13,73.35,931.55,0,65,4645,False,True,0.0
9281-CEDRU,5,1,87,16,1,68,64.1,4326.25,0,48,5553,False,False,0.0
2235-DWLJU,2,3,4,16,1,6,44.4,263.05,0,71,4611,False,True,0.0
0871-OPBXW,2,4,193,16,1,2,20.05,39.25,0,80,5191,False,True,0.0
3605-JISKB,3,2,242,16,1,55,60.0,3316.1,0,71,4212,False,False,0.0
9767-FFLEM,2,2,129,16,1,38,69.5,2625.25,0,35,4591,False,True,0.0
8456-QDAVC,2,1,131,16,1,19,78.7,1495.1,0,20,2464,False,True,0.0
7750-EYXWZ,3,3,32,16,1,12,60.65,743.3,0,24,3740,False,False,0.0
2569-WGERO,6,1,193,16,1,72,21.15,1419.4,0,45,5306,False,False,0.0
6840-RESVB,4,4,241,16,1,24,84.8,1990.5,0,59,2140,False,False,0.0
2234-XADUH,4,2,285,16,1,72,103.2,7362.9,0,71,5560,False,False,0.0
4801-JZAZL,2,3,33,16,1,11,29.6,346.45,0,59,2793,False,True,0.0
3186-AJIEK,6,1,176,16,1,66,105.65,6844.5,0,38,5097,False,False,0.0
